produto_id,nome_produto,categoria,marca,descricao_longa,preco_unitario,quantidade_estoque,rating,num_reviews,reviews,tags,especificacoes,fornecedor,sku,status,data_adicao
1,Boss Flauta Doce,Instrumentos,Boss,"Um excelente Flauta Doce para músicos profissionais e iniciantes. Este instrumento oferece som de qualidade superior com construção robusta e acabamento premium. Ideal para estúdios de gravação, apresentações ao vivo e aulas de música. Feito com materiais de alta qualidade, garante durabilidade e excelente resposta sonora. Certificado e testado antes do envio. Perfeito para quem busca qualidade e confiabilidade.Testado rigorosamente antes do envio.  Desempenho consistente e confiável.  Inclui manual de instruções detalhado em português.  Excelente custo-benefício.  Marca: Boss. ",3674.1,90,3.9,94,"[{""texto"": ""Ideal para profissionais e iniciantes. Muito versátil."", ""rating"": 5, ""data"": ""2026-07-16""}, {""texto"": ""Ideal para profissionais e iniciantes. Muito versátil."", ""rating"": 4, ""data"": ""2026-07-29""}]","garantia,construção-robusta,alta-qualidade,estúdio","{""Material"": ""Níquel"", ""Peso"": ""5 kg"", ""Cor"": ""Natural"", ""Garantia"": ""3 anos""}",Albuquerque - EI,BOS-INST-0001,ativo,2026-05-25
2,Pearl Ukulele,Instrumentos,Pearl,"Um excelente Ukulele para músicos profissionais e iniciantes. Este instrumento oferece som de qualidade superior com construção robusta e acabamento premium. Ideal para estúdios de gravação, apresentações ao vivo e aulas de música. Feito com materiais de alta qualidade, garante durabilidade e excelente resposta sonora. Certificado e testado antes do envio. Perfeito para quem busca qualidade e confiabilidade.Excelente custo-benefício.  Suporte técnico disponível 24/7.  Desempenho consistente e confiável.  Testado rigorosamente antes do envio.  Recomendado por especialistas da área. ",4226.95,44,4.2,15,"[{""texto"": ""Investimento que vale a pena. Produto de alta qualidade."", ""rating"": 4, ""data"": ""2026-06-08""}, {""texto"": ""Recomendo fortemente. Melhor compra do ano!"", ""rating"": 5, ""data"": ""2026-05-23""}, {""texto"": ""Profissional, durável e confiável. Muito bom!"", ""rating"": 5, ""data"": ""2026-08-23""}]","concert,portátil,garantia,construção-robusta,profissional","{""Material"": ""Mogno"", ""Peso"": ""4 kg"", ""Cor"": ""Sunburst"", ""Garantia"": ""4 anos""}",Fernandes,PEA-INST-0002,ativo,2026-01-15
3,Selmer Caxixi,Instrumentos,Selmer,"Um excelente Caxixi para músicos profissionais e iniciantes. Este instrumento oferece som de qualidade superior com construção robusta e acabamento premium. Ideal para estúdios de gravação, apresentações ao vivo e aulas de música. Feito com materiais de alta qualidade, garante durabilidade e excelente resposta sonora. Certificado e testado antes do envio. Perfeito para quem busca qualidade e confiabilidade.Fácil de usar e manter.  Excelente custo-benefício.  Marca: Selmer.  Inclui manual de instruções detalhado em português. ",1621.62,70,4.4,21,"[{""texto"": ""Embalagem profissional, produto impecável."", ""rating"": 4, ""data"": ""2026-05-13""}, {""texto"": ""Construção sólida, som cristalino e resposta rápida."", ""rating"": 5, ""data"": ""2026-05-21""}, {""texto"": ""Ideal para profissionais e iniciantes. Muito versátil."", ""rating"": 4, ""data"": ""2026-08-21""}, {""texto"": ""Produto excelente, chegou rápido e bem embalado."", ""rating"": 4, ""data"": ""2026-08-18""}]","acabamento-premium,construção-robusta,concert","{""Material"": ""Madeira de Lei"", ""Peso"": ""2 kg"", ""Cor"": ""Natural"", ""Garantia"": ""2 anos""}",Camargo Ltda.,SEL-INST-0003,ativo,2026-06-07
4,Korg Clarinete,Instrumentos,Korg,"Um excelente Clarinete para músicos profissionais e iniciantes. Este instrumento oferece som de qualidade superior com construção robusta e acabamento premium. Ideal para estúdios de gravação, apresentações ao vivo e aulas de música. Feito com materiais de alta qualidade, garante durabilidade e excelente resposta sonora. Certificado e testado antes do envio. Perfeito para quem busca qualidade e confiabilidade.Fácil de usar e manter.  Excelente custo-benefício.  Inclui manual de instruções detalhado em português.  Produto original com nota fiscal e garantia de fábrica. ",4991.4,95,4.0,29,"[{""texto"": ""Atendimento excelente e produto de primeira qualidade."", ""rating"": 5, ""data"": ""2026-07-29""}, {""texto"": ""Sonho realizado! Superou minhas expectativas."", ""rating"": 4, ""data"": ""2026-05-10""}]","portátil,garantia,alta-qualidade,acabamento-premium,som-profissional","{""Material"": ""Mogno"", ""Peso"": ""8 kg"", ""Cor"": ""Natural"", ""Garantia"": ""3 anos""}",Azevedo da Paz S.A.,KOR-INST-0004,ativo,2025-12-22
5,Tama Bateria Eletrônica,Instrumentos,Tama,"Um excelente Bateria Eletrônica para músicos profissionais e iniciantes. Este instrumento oferece som de qualidade superior com construção robusta e acabamento premium. Ideal para estúdios de gravação, apresentações ao vivo e aulas de música. Feito com materiais de alta qualidade, garante durabilidade e excelente resposta sonora. Certificado e testado antes do envio. Perfeito para quem busca qualidade e confiabilidade.Recomendado por especialistas da área.  Desempenho consistente e confiável.  Produto original com nota fiscal e garantia de fábrica.  Suporte técnico disponível 24/7.  Oferece compatibilidade com múltiplos sistemas operacionais. ",4397.17,37,5.0,54,"[{""texto"": ""Investimento que vale a pena. Produto de alta qualidade."", ""rating"": 5, ""data"": ""2026-08-24""}, {""texto"": ""Suporte técnico muito responsivo e atencioso."", ""rating"": 4, ""data"": ""2026-09-07""}]","alta-qualidade,iniciante,portátil,estúdio,concert","{""Material"": ""Aço"", ""Peso"": ""2 kg"", ""Cor"": ""Sunburst"", ""Garantia"": ""1 anos""}",Cirino - EI,TAM-INST-0005,ativo,2026-04-12
6,Zildjian Ukulele,Instrumentos,Zildjian,"Um excelente Ukulele para músicos profissionais e iniciantes. Este instrumento oferece som de qualidade superior com construção robusta e acabamento premium. Ideal para estúdios de gravação, apresentações ao vivo e aulas de música. Feito com materiais de alta qualidade, garante durabilidade e excelente resposta sonora. Certificado e testado antes do envio. Perfeito para quem busca qualidade e confiabilidade.Suporte técnico disponível 24/7.  Produto original com nota fiscal e garantia de fábrica.  Fácil de usar e manter.  Oferece compatibilidade com múltiplos sistemas operacionais. ",3970.09,70,4.7,66,"[{""texto"": ""Investimento que vale a pena. Produto de alta qualidade."", ""rating"": 4, ""data"": ""2026-06-07""}, {""texto"": ""Embalagem profissional, produto impecável."", ""rating"": 5, ""data"": ""2026-08-10""}, {""texto"": ""Ideal para profissionais e iniciantes. Muito versátil."", ""rating"": 4, ""data"": ""2026-04-12""}, {""texto"": ""Suporte técnico muito responsivo e atencioso."", ""rating"": 5, ""data"": ""2026-09-22""}, {""texto"": ""Excelente relação qualidade-preço."", ""rating"": 4, ""data"": ""2026-07-28""}]","estúdio,profissional,alta-qualidade,garantia","{""Material"": ""Spruce"", ""Peso"": ""5 kg"", ""Cor"": ""Azul"", ""Garantia"": ""2 anos""}",Garcia,ZIL-INST-0006,ativo,2026-04-12
7,Selmer Violão Clássico,Instrumentos,Selmer,"Um excelente Violão Clássico para músicos profissionais e iniciantes. Este instrumento oferece som de qualidade superior com construção robusta e acabamento premium. Ideal para estúdios de gravação, apresentações ao vivo e aulas de música. Feito com materiais de alta qualidade, garante durabilidade e excelente resposta sonora. Certificado e testado antes do envio. Perfeito para quem busca qualidade e confiabilidade.Oferece compatibilidade com múltiplos sistemas operacionais.  Fácil de usar e manter.  Marca: Selmer.  Inclui manual de instruções detalhado em português.  Produto original com nota fiscal e garantia de fábrica. ",1272.23,84,4.2,55,"[{""texto"": ""Atendimento excelente e produto de primeira qualidade."", ""rating"": 5, ""data"": ""2026-06-09""}, {""texto"": ""Ideal para profissionais e iniciantes. Muito versátil."", ""rating"": 4, ""data"": ""2026-09-24""}, {""texto"": ""Qualidade premium, recomendo para todos os músicos."", ""rating"": 5, ""data"": ""2026-05-22""}, {""texto"": ""Investimento que vale a pena. Produto de alta qualidade."", ""rating"": 5, ""data"": ""2026-04-27""}]","acabamento-premium,alta-qualidade,concert,portátil,estúdio","{""Material"": ""Latão"", ""Peso"": ""6 kg"", ""Cor"": ""Vermelho"", ""Garantia"": ""2 anos""}",Lopes,SEL-INST-0007,ativo,2026-08-18
8,Yamaha Bateria Acústica,Instrumentos,Yamaha,"Um excelente Bateria Acústica para músicos profissionais e iniciantes. Este instrumento oferece som de qualidade superior com construção robusta e acabamento premium. Ideal para estúdios de gravação, apresentações ao vivo e aulas de música. Feito com materiais de alta qualidade, garante durabilidade e excelente resposta sonora. Certificado e testado antes do envio. Perfeito para quem busca qualidade e confiabilidade.Recomendado por especialistas da área.  Produto original com nota fiscal e garantia de fábrica.  Suporte técnico disponível 24/7.  Marca: Yamaha. ",376.73,46,4.1,67,"[{""texto"": ""Ideal para profissionais e iniciantes. Muito versátil."", ""rating"": 4, ""data"": ""2026-05-25""}, {""texto"": ""Construção sólida, som cristalino e resposta rápida."", ""rating"": 5, ""data"": ""2026-05-25""}, {""texto"": ""Ideal para profissionais e iniciantes. Muito versátil."", ""rating"": 5, ""data"": ""2026-08-22""}, {""texto"": ""Produto confiável para uso contínuo."", ""rating"": 5, ""data"": ""2026-08-14""}, {""texto"": ""Produto excelente, chegou rápido e bem embalado."", ""rating"": 4, ""data"": ""2026-07-20""}]","concert,acabamento-premium,construção-robusta,portátil","{""Material"": ""Níquel"", ""Peso"": ""1 kg"", ""Cor"": ""Sunburst"", ""Garantia"": ""5 anos""}",Novaes,YAM-INST-0008,ativo,2025-10-26
9,Behringer Kalimba,Instrumentos,Behringer,"Um excelente Kalimba para músicos profissionais e iniciantes. Este instrumento oferece som de qualidade superior com construção robusta e acabamento premium. Ideal para estúdios de gravação, apresentações ao vivo e aulas de música. Feito com materiais de alta qualidade, garante durabilidade e excelente resposta sonora. Certificado e testado antes do envio. Perfeito para quem busca qualidade e confiabilidade.Fácil de usar e manter.  Marca: Behringer.  Desempenho consistente e confiável.  Suporte técnico disponível 24/7. ",4377.44,42,5.0,79,"[{""texto"": ""Ideal para profissionais e iniciantes. Muito versátil."", ""rating"": 4, ""data"": ""2026-09-13""}, {""texto"": ""Produto confiável para uso contínuo."", ""rating"": 4, ""data"": ""2026-04-08""}]","estúdio,portátil,garantia,profissional,concert","{""Material"": ""Latão"", ""Peso"": ""5 kg"", ""Cor"": ""Vermelho"", ""Garantia"": ""2 anos""}",Sá,BEH-INST-0009,inativo,2025-11-07
10,Thomann Piano Digital,Instrumentos,Thomann,"Um excelente Piano Digital para músicos profissionais e iniciantes. Este instrumento oferece som de qualidade superior com construção robusta e acabamento premium. Ideal para estúdios de gravação, apresentações ao vivo e aulas de música. Feito com materiais de alta qualidade, garante durabilidade e excelente resposta sonora. Certificado e testado antes do envio. Perfeito para quem busca qualidade e confiabilidade.Marca: Thomann.  Recomendado por especialistas da área.  Oferece compatibilidade com múltiplos sistemas operacionais.  Desempenho consistente e confiável.  Inclui manual de instruções detalhado em português. ",226.78,56,3.7,152,"[{""texto"": ""Produto confiável para uso contínuo."", ""rating"": 4, ""data"": ""2026-09-13""}, {""texto"": ""Embalagem profissional, produto impecável."", ""rating"": 4, ""data"": ""2026-07-04""}]","portátil,profissional,concert,iniciante,alta-qualidade","{""Material"": ""Latão"", ""Peso"": ""8 kg"", ""Cor"": ""Natural"", ""Garantia"": ""5 anos""}",Montenegro,THO-INST-0010,ativo,2025-12-05
11,Roland Surdo,Instrumentos,Roland,"Um excelente Surdo para músicos profissionais e iniciantes. Este instrumento oferece som de qualidade superior com construção robusta e acabamento premium. Ideal para estúdios de gravação, apresentações ao vivo e aulas de música. Feito com materiais de alta qualidade, garante durabilidade e excelente resposta sonora. Certificado e testado antes do envio. Perfeito para quem busca qualidade e confiabilidade.Marca: Roland.  Oferece compatibilidade com múltiplos sistemas operacionais.  Testado rigorosamente antes do envio.  Recomendado por especialistas da área.  Inclui manual de instruções detalhado em português.  Suporte técnico disponível 24/7. ",2924.77,29,4.4,85,"[{""texto"": ""Profissional, durável e confiável. Muito bom!"", ""rating"": 4, ""data"": ""2026-05-23""}, {""texto"": ""Sonho realizado! Superou minhas expectativas."", ""rating"": 4, ""data"": ""2026-04-29""}, {""texto"": ""Sonho realizado! Superou minhas expectativas."", ""rating"": 4, ""data"": ""2026-05-31""}]","portátil,iniciante,construção-robusta,estúdio,alta-qualidade","{""Material"": ""Madeira de Lei"", ""Peso"": ""6 kg"", ""Cor"": ""Natural"", ""Garantia"": ""3 anos""}",Vargas - EI,ROL-INST-0011,ativo,2025-10-19
12,Tama Flauta Doce,Instrumentos,Tama,"Um excelente Flauta Doce para músicos profissionais e iniciantes. Este instrumento oferece som de qualidade superior com construção robusta e acabamento premium. Ideal para estúdios de gravação, apresentações ao vivo e aulas de música. Feito com materiais de alta qualidade, garante durabilidade e excelente resposta sonora. Certificado e testado antes do envio. Perfeito para quem busca qualidade e confiabilidade.Oferece compatibilidade com múltiplos sistemas operacionais.  Testado rigorosamente antes do envio.  Fácil de usar e manter.  Suporte técnico disponível 24/7.  Desempenho consistente e confiável. ",4348.47,69,3.5,26,"[{""texto"": ""Recomendo fortemente. Melhor compra do ano!"", ""rating"": 4, ""data"": ""2026-09-11""}, {""texto"": ""Sonho realizado! Superou minhas expectativas."", ""rating"": 5, ""data"": ""2026-05-04""}]","estúdio,som-profissional,portátil","{""Material"": ""Spruce"", ""Peso"": ""1 kg"", ""Cor"": ""Azul"", ""Garantia"": ""4 anos""}",Castro da Mata e Filhos,TAM-INST-0012,ativo,2025-11-21
13,Sabian Bateria Acústica,Instrumentos,Sabian,"Um excelente Bateria Acústica para músicos profissionais e iniciantes. Este instrumento oferece som de qualidade superior com construção robusta e acabamento premium. Ideal para estúdios de gravação, apresentações ao vivo e aulas de música. Feito com materiais de alta qualidade, garante durabilidade e excelente resposta sonora. Certificado e testado antes do envio. Perfeito para quem busca qualidade e confiabilidade.Fácil de usar e manter.  Excelente custo-benefício.  Recomendado por especialistas da área.  Inclui manual de instruções detalhado em português.  Produto original com nota fiscal e garantia de fábrica. ",2303.62,82,4.6,114,"[{""texto"": ""Ideal para profissionais e iniciantes. Muito versátil."", ""rating"": 4, ""data"": ""2026-08-26""}, {""texto"": ""Excelente relação qualidade-preço."", ""rating"": 5, ""data"": ""2026-08-02""}]","estúdio,som-profissional,iniciante,portátil,acabamento-premium","{""Material"": ""Madeira de Lei"", ""Peso"": ""10 kg"", ""Cor"": ""Vermelho"", ""Garantia"": ""5 anos""}",Ferreira S.A.,SAB-INST-0013,ativo,2025-10-02
14,Ludwig Piano Digital,Instrumentos,Ludwig,"Um excelente Piano Digital para músicos profissionais e iniciantes. Este instrumento oferece som de qualidade superior com construção robusta e acabamento premium. Ideal para estúdios de gravação, apresentações ao vivo e aulas de música. Feito com materiais de alta qualidade, garante durabilidade e excelente resposta sonora. Certificado e testado antes do envio. Perfeito para quem busca qualidade e confiabilidade.Suporte técnico disponível 24/7.  Inclui manual de instruções detalhado em português.  Oferece compatibilidade com múltiplos sistemas operacionais.  Recomendado por especialistas da área.  Desempenho consistente e confiável. ",880.66,67,5.0,184,"[{""texto"": ""Compatibilidade perfeita com meus equipamentos."", ""rating"": 4, ""data"": ""2026-08-21""}, {""texto"": ""Investimento que vale a pena. Produto de alta qualidade."", ""rating"": 5, ""data"": ""2026-09-07""}, {""texto"": ""Perfeito para estúdio e apresentações. Ótimo custo-benefício."", ""rating"": 4, ""data"": ""2026-03-30""}]","som-profissional,iniciante,construção-robusta","{""Material"": ""Níquel"", ""Peso"": ""9 kg"", ""Cor"": ""Sunburst"", ""Garantia"": ""4 anos""}",Nogueira,LUD-INST-0014,inativo,2026-05-12
15,Zildjian Bateria Acústica,Instrumentos,Zildjian,"Um excelente Bateria Acústica para músicos profissionais e iniciantes. Este instrumento oferece som de qualidade superior com construção robusta e acabamento premium. Ideal para estúdios de gravação, apresentações ao vivo e aulas de música. Feito com materiais de alta qualidade, garante durabilidade e excelente resposta sonora. Certificado e testado antes do envio. Perfeito para quem busca qualidade e confiabilidade.Recomendado por especialistas da área.  Testado rigorosamente antes do envio.  Desempenho consistente e confiável.  Oferece compatibilidade com múltiplos sistemas operacionais.  Marca: Zildjian. ",316.81,71,4.9,99,"[{""texto"": ""Produto confiável para uso contínuo."", ""rating"": 4, ""data"": ""2026-08-03""}, {""texto"": ""Produto excelente, chegou rápido e bem embalado."", ""rating"": 5, ""data"": ""2026-08-14""}]","iniciante,portátil,alta-qualidade,garantia","{""Material"": ""Latão"", ""Peso"": ""2 kg"", ""Cor"": ""Sunburst"", ""Garantia"": ""5 anos""}",Alves,ZIL-INST-0015,ativo,2026-05-10
16,Tama Clarinete,Instrumentos,Tama,"Um excelente Clarinete para músicos profissionais e iniciantes. Este instrumento oferece som de qualidade superior com construção robusta e acabamento premium. Ideal para estúdios de gravação, apresentações ao vivo e aulas de música. Feito com materiais de alta qualidade, garante durabilidade e excelente resposta sonora. Certificado e testado antes do envio. Perfeito para quem busca qualidade e confiabilidade.Recomendado por especialistas da área.  Fácil de usar e manter.  Oferece compatibilidade com múltiplos sistemas operacionais.  Suporte técnico disponível 24/7.  Marca: Tama. ",4756.96,1,3.9,150,"[{""texto"": ""Produto excelente, chegou rápido e bem embalado."", ""rating"": 4, ""data"": ""2026-05-30""}, {""texto"": ""Ideal para profissionais e iniciantes. Muito versátil."", ""rating"": 5, ""data"": ""2026-04-29""}, {""texto"": ""Construção sólida, som cristalino e resposta rápida."", ""rating"": 4, ""data"": ""2026-04-14""}, {""texto"": ""Profissional, durável e confiável. Muito bom!"", ""rating"": 4, ""data"": ""2026-07-11""}, {""texto"": ""Embalagem profissional, produto impecável."", ""rating"": 4, ""data"": ""2026-06-30""}]","iniciante,portátil,garantia,profissional,estúdio","{""Material"": ""Madeira de Lei"", ""Peso"": ""8 kg"", ""Cor"": ""Natural"", ""Garantia"": ""4 anos""}",Abreu,TAM-INST-0016,ativo,2025-11-22
17,Pearl Ukulele,Instrumentos,Pearl,"Um excelente Ukulele para músicos profissionais e iniciantes. Este instrumento oferece som de qualidade superior com construção robusta e acabamento premium. Ideal para estúdios de gravação, apresentações ao vivo e aulas de música. Feito com materiais de alta qualidade, garante durabilidade e excelente resposta sonora. Certificado e testado antes do envio. Perfeito para quem busca qualidade e confiabilidade.Produto original com nota fiscal e garantia de fábrica.  Fácil de usar e manter.  Desempenho consistente e confiável.  Suporte técnico disponível 24/7. ",4479.85,71,4.5,55,"[{""texto"": ""Embalagem profissional, produto impecável."", ""rating"": 5, ""data"": ""2026-09-17""}, {""texto"": ""Sonho realizado! Superou minhas expectativas."", ""rating"": 4, ""data"": ""2026-04-09""}, {""texto"": ""Recomendo fortemente. Melhor compra do ano!"", ""rating"": 5, ""data"": ""2026-06-19""}]","concert,alta-qualidade,garantia,profissional,construção-robusta,portátil","{""Material"": ""Aço"", ""Peso"": ""2 kg"", ""Cor"": ""Azul"", ""Garantia"": ""5 anos""}",Pires,PEA-INST-0017,ativo,2026-06-07
18,Gibson Baixo Elétrico,Instrumentos,Gibson,"Um excelente Baixo Elétrico para músicos profissionais e iniciantes. Este instrumento oferece som de qualidade superior com construção robusta e acabamento premium. Ideal para estúdios de gravação, apresentações ao vivo e aulas de música. Feito com materiais de alta qualidade, garante durabilidade e excelente resposta sonora. Certificado e testado antes do envio. Perfeito para quem busca qualidade e confiabilidade.Inclui manual de instruções detalhado em português.  Suporte técnico disponível 24/7.  Desempenho consistente e confiável.  Recomendado por especialistas da área.  Produto original com nota fiscal e garantia de fábrica. ",789.24,35,3.9,7,"[{""texto"": ""Produto excelente, chegou rápido e bem embalado."", ""rating"": 4, ""data"": ""2026-06-26""}, {""texto"": ""Produto excelente, chegou rápido e bem embalado."", ""rating"": 4, ""data"": ""2026-06-04""}, {""texto"": ""Suporte técnico muito responsivo e atencioso."", ""rating"": 5, ""data"": ""2026-07-31""}, {""texto"": ""Investimento que vale a pena. Produto de alta qualidade."", ""rating"": 5, ""data"": ""2026-06-02""}, {""texto"": ""Ideal para profissionais e iniciantes. Muito versátil."", ""rating"": 5, ""data"": ""2026-07-27""}]","acabamento-premium,garantia,iniciante,profissional,portátil,construção-robusta","{""Material"": ""Latão"", ""Peso"": ""4 kg"", ""Cor"": ""Azul"", ""Garantia"": ""5 anos""}",Nogueira,GIB-INST-0018,ativo,2026-06-09
19,Pearl Caxixi,Instrumentos,Pearl,"Um excelente Caxixi para músicos profissionais e iniciantes. Este instrumento oferece som de qualidade superior com construção robusta e acabamento premium. Ideal para estúdios de gravação, apresentações ao vivo e aulas de música. Feito com materiais de alta qualidade, garante durabilidade e excelente resposta sonora. Certificado e testado antes do envio. Perfeito para quem busca qualidade e confiabilidade.Suporte técnico disponível 24/7.  Produto original com nota fiscal e garantia de fábrica.  Fácil de usar e manter.  Excelente custo-benefício.  Oferece compatibilidade com múltiplos sistemas operacionais. ",4065.79,29,3.9,192,"[{""texto"": ""Perfeito para estúdio e apresentações. Ótimo custo-benefício."", ""rating"": 5, ""data"": ""2026-04-24""}, {""texto"": ""Qualidade premium, recomendo para todos os músicos."", ""rating"": 5, ""data"": ""2026-06-10""}, {""texto"": ""Qualidade premium, recomendo para todos os músicos."", ""rating"": 5, ""data"": ""2026-05-12""}]","iniciante,concert,acabamento-premium,garantia","{""Material"": ""Madeira de Lei"", ""Peso"": ""5 kg"", ""Cor"": ""Branco"", ""Garantia"": ""4 anos""}",Castro - ME,PEA-INST-0019,ativo,2025-12-09
20,Yamaha Violino,Instrumentos,Yamaha,"Um excelente Violino para músicos profissionais e iniciantes. Este instrumento oferece som de qualidade superior com construção robusta e acabamento premium. Ideal para estúdios de gravação, apresentações ao vivo e aulas de música. Feito com materiais de alta qualidade, garante durabilidade e excelente resposta sonora. Certificado e testado antes do envio. Perfeito para quem busca qualidade e confiabilidade.Produto original com nota fiscal e garantia de fábrica.  Suporte técnico disponível 24/7.  Fácil de usar e manter.  Oferece compatibilidade com múltiplos sistemas operacionais.  Marca: Yamaha. ",1227.46,36,4.2,72,"[{""texto"": ""Recomendo fortemente. Melhor compra do ano!"", ""rating"": 5, ""data"": ""2026-04-17""}, {""texto"": ""Produto excelente, chegou rápido e bem embalado."", ""rating"": 5, ""data"": ""2026-09-08""}]","alta-qualidade,som-profissional,construção-robusta","{""Material"": ""Spruce"", ""Peso"": ""10 kg"", ""Cor"": ""Branco"", ""Garantia"": ""1 anos""}",da Rosa Brito - EI,YAM-INST-0020,ativo,2025-10-28
21,Fender Teclado Sintetizador,Instrumentos,Fender,"Um excelente Teclado Sintetizador para músicos profissionais e iniciantes. Este instrumento oferece som de qualidade superior com construção robusta e acabamento premium. Ideal para estúdios de gravação, apresentações ao vivo e aulas de música. Feito com materiais de alta qualidade, garante durabilidade e excelente resposta sonora. Certificado e testado antes do envio. Perfeito para quem busca qualidade e confiabilidade.Marca: Fender.  Fácil de usar e manter.  Inclui manual de instruções detalhado em português.  Recomendado por especialistas da área.  Desempenho consistente e confiável. ",4152.14,9,4.4,156,"[{""texto"": ""Perfeito para estúdio e apresentações. Ótimo custo-benefício."", ""rating"": 4, ""data"": ""2026-05-16""}, {""texto"": ""Sonho realizado! Superou minhas expectativas."", ""rating"": 4, ""data"": ""2026-09-06""}, {""texto"": ""Excelente relação qualidade-preço."", ""rating"": 4, ""data"": ""2026-06-11""}, {""texto"": ""Recomendo fortemente. Melhor compra do ano!"", ""rating"": 4, ""data"": ""2026-04-06""}]","estúdio,profissional,garantia","{""Material"": ""Latão"", ""Peso"": ""7 kg"", ""Cor"": ""Sunburst"", ""Garantia"": ""1 anos""}",Monteiro - EI,FEN-INST-0021,ativo,2026-02-21
22,Korg Bandolim,Instrumentos,Korg,"Um excelente Bandolim para músicos profissionais e iniciantes. Este instrumento oferece som de qualidade superior com construção robusta e acabamento premium. Ideal para estúdios de gravação, apresentações ao vivo e aulas de música. Feito com materiais de alta qualidade, garante durabilidade e excelente resposta sonora. Certificado e testado antes do envio. Perfeito para quem busca qualidade e confiabilidade.Marca: Korg.  Suporte técnico disponível 24/7.  Inclui manual de instruções detalhado em português.  Oferece compatibilidade com múltiplos sistemas operacionais. ",2707.29,60,4.3,107,"[{""texto"": ""Construção sólida, som cristalino e resposta rápida."", ""rating"": 5, ""data"": ""2026-05-28""}, {""texto"": ""Sonho realizado! Superou minhas expectativas."", ""rating"": 5, ""data"": ""2026-03-29""}, {""texto"": ""Profissional, durável e confiável. Muito bom!"", ""rating"": 5, ""data"": ""2026-04-12""}]","estúdio,som-profissional,profissional,garantia","{""Material"": ""Latão"", ""Peso"": ""5 kg"", ""Cor"": ""Natural"", ""Garantia"": ""1 anos""}",Pacheco,KOR-INST-0022,ativo,2026-06-02
23,Fender Viola de Arco,Instrumentos,Fender,"Um excelente Viola de Arco para músicos profissionais e iniciantes. Este instrumento oferece som de qualidade superior com construção robusta e acabamento premium. Ideal para estúdios de gravação, apresentações ao vivo e aulas de música. Feito com materiais de alta qualidade, garante durabilidade e excelente resposta sonora. Certificado e testado antes do envio. Perfeito para quem busca qualidade e confiabilidade.Oferece compatibilidade com múltiplos sistemas operacionais.  Excelente custo-benefício.  Desempenho consistente e confiável.  Fácil de usar e manter. ",1059.23,62,4.3,190,"[{""texto"": ""Perfeito para estúdio e apresentações. Ótimo custo-benefício."", ""rating"": 5, ""data"": ""2026-04-25""}, {""texto"": ""Ideal para profissionais e iniciantes. Muito versátil."", ""rating"": 4, ""data"": ""2026-07-15""}, {""texto"": ""Profissional, durável e confiável. Muito bom!"", ""rating"": 4, ""data"": ""2026-04-20""}, {""texto"": ""Sonho realizado! Superou minhas expectativas."", ""rating"": 5, ""data"": ""2026-06-16""}]","construção-robusta,portátil,alta-qualidade,concert,som-profissional,iniciante","{""Material"": ""Níquel"", ""Peso"": ""2 kg"", ""Cor"": ""Natural"", ""Garantia"": ""5 anos""}",da Cunha,FEN-INST-0023,ativo,2026-01-26
24,Buffet Caxixi,Instrumentos,Buffet,"Um excelente Caxixi para músicos profissionais e iniciantes. Este instrumento oferece som de qualidade superior com construção robusta e acabamento premium. Ideal para estúdios de gravação, apresentações ao vivo e aulas de música. Feito com materiais de alta qualidade, garante durabilidade e excelente resposta sonora. Certificado e testado antes do envio. Perfeito para quem busca qualidade e confiabilidade.Suporte técnico disponível 24/7.  Inclui manual de instruções detalhado em português.  Produto original com nota fiscal e garantia de fábrica.  Excelente custo-benefício.  Oferece compatibilidade com múltiplos sistemas operacionais.  Testado rigorosamente antes do envio. ",509.32,9,4.2,169,"[{""texto"": ""Atendimento excelente e produto de primeira qualidade."", ""rating"": 5, ""data"": ""2026-07-27""}, {""texto"": ""Profissional, durável e confiável. Muito bom!"", ""rating"": 4, ""data"": ""2026-08-17""}]","garantia,alta-qualidade,iniciante","{""Material"": ""Latão"", ""Peso"": ""1 kg"", ""Cor"": ""Natural"", ""Garantia"": ""5 anos""}",Nogueira Aragão S.A.,BUF-INST-0024,ativo,2026-05-29
25,Tama Violino,Instrumentos,Tama,"Um excelente Violino para músicos profissionais e iniciantes. Este instrumento oferece som de qualidade superior com construção robusta e acabamento premium. Ideal para estúdios de gravação, apresentações ao vivo e aulas de música. Feito com materiais de alta qualidade, garante durabilidade e excelente resposta sonora. Certificado e testado antes do envio. Perfeito para quem busca qualidade e confiabilidade.Marca: Tama.  Inclui manual de instruções detalhado em português.  Suporte técnico disponível 24/7.  Oferece compatibilidade com múltiplos sistemas operacionais.  Produto original com nota fiscal e garantia de fábrica. ",615.93,70,3.7,74,"[{""texto"": ""Excelente relação qualidade-preço."", ""rating"": 4, ""data"": ""2026-08-19""}, {""texto"": ""Suporte técnico muito responsivo e atencioso."", ""rating"": 4, ""data"": ""2026-05-10""}]","garantia,construção-robusta,som-profissional,portátil,estúdio","{""Material"": ""Níquel"", ""Peso"": ""4 kg"", ""Cor"": ""Sunburst"", ""Garantia"": ""1 anos""}",Rezende,TAM-INST-0025,ativo,2025-12-09
26,Sabian Cuíca,Instrumentos,Sabian,"Um excelente Cuíca para músicos profissionais e iniciantes. Este instrumento oferece som de qualidade superior com construção robusta e acabamento premium. Ideal para estúdios de gravação, apresentações ao vivo e aulas de música. Feito com materiais de alta qualidade, garante durabilidade e excelente resposta sonora. Certificado e testado antes do envio. Perfeito para quem busca qualidade e confiabilidade.Produto original com nota fiscal e garantia de fábrica.  Marca: Sabian.  Recomendado por especialistas da área.  Suporte técnico disponível 24/7.  Oferece compatibilidade com múltiplos sistemas operacionais. ",2134.87,82,3.8,186,"[{""texto"": ""Recomendo fortemente. Melhor compra do ano!"", ""rating"": 4, ""data"": ""2026-09-11""}, {""texto"": ""Profissional, durável e confiável. Muito bom!"", ""rating"": 5, ""data"": ""2026-04-26""}, {""texto"": ""Recomendo fortemente. Melhor compra do ano!"", ""rating"": 5, ""data"": ""2026-06-26""}, {""texto"": ""Construção sólida, som cristalino e resposta rápida."", ""rating"": 5, ""data"": ""2026-04-10""}, {""texto"": ""Embalagem profissional, produto impecável."", ""rating"": 5, ""data"": ""2026-05-29""}]","estúdio,alta-qualidade,portátil","{""Material"": ""Níquel"", ""Peso"": ""4 kg"", ""Cor"": ""Sunburst"", ""Garantia"": ""3 anos""}",Aparecida Costa - EI,SAB-INST-0026,ativo,2026-08-10
27,Ludwig Caxixi,Instrumentos,Ludwig,"Um excelente Caxixi para músicos profissionais e iniciantes. Este instrumento oferece som de qualidade superior com construção robusta e acabamento premium. Ideal para estúdios de gravação, apresentações ao vivo e aulas de música. Feito com materiais de alta qualidade, garante durabilidade e excelente resposta sonora. Certificado e testado antes do envio. Perfeito para quem busca qualidade e confiabilidade.Testado rigorosamente antes do envio.  Marca: Ludwig.  Inclui manual de instruções detalhado em português.  Recomendado por especialistas da área.  Produto original com nota fiscal e garantia de fábrica.  Excelente custo-benefício. ",3506.13,94,3.7,40,"[{""texto"": ""Atendimento excelente e produto de primeira qualidade."", ""rating"": 5, ""data"": ""2026-07-21""}, {""texto"": ""Produto confiável para uso contínuo."", ""rating"": 4, ""data"": ""2026-09-14""}, {""texto"": ""Embalagem profissional, produto impecável."", ""rating"": 4, ""data"": ""2026-09-07""}]","concert,alta-qualidade,construção-robusta,garantia,profissional","{""Material"": ""Aço"", ""Peso"": ""4 kg"", ""Cor"": ""Sunburst"", ""Garantia"": ""5 anos""}",Lima e Filhos,LUD-INST-0027,ativo,2026-02-11
28,Pearl Acordeão,Instrumentos,Pearl,"Um excelente Acordeão para músicos profissionais e iniciantes. Este instrumento oferece som de qualidade superior com construção robusta e acabamento premium. Ideal para estúdios de gravação, apresentações ao vivo e aulas de música. Feito com materiais de alta qualidade, garante durabilidade e excelente resposta sonora. Certificado e testado antes do envio. Perfeito para quem busca qualidade e confiabilidade.Oferece compatibilidade com múltiplos sistemas operacionais.  Excelente custo-benefício.  Marca: Pearl.  Recomendado por especialistas da área.  Produto original com nota fiscal e garantia de fábrica. ",3171.75,86,4.3,148,"[{""texto"": ""Produto excelente, chegou rápido e bem embalado."", ""rating"": 4, ""data"": ""2026-07-12""}, {""texto"": ""Perfeito para estúdio e apresentações. Ótimo custo-benefício."", ""rating"": 4, ""data"": ""2026-04-24""}]","acabamento-premium,alta-qualidade,iniciante,profissional,concert,construção-robusta","{""Material"": ""Latão"", ""Peso"": ""5 kg"", ""Cor"": ""Vermelho"", ""Garantia"": ""3 anos""}",Barros - EI,PEA-INST-0028,ativo,2026-02-03
29,Zildjian Saxofone Tenor,Instrumentos,Zildjian,"Um excelente Saxofone Tenor para músicos profissionais e iniciantes. Este instrumento oferece som de qualidade superior com construção robusta e acabamento premium. Ideal para estúdios de gravação, apresentações ao vivo e aulas de música. Feito com materiais de alta qualidade, garante durabilidade e excelente resposta sonora. Certificado e testado antes do envio. Perfeito para quem busca qualidade e confiabilidade.Produto original com nota fiscal e garantia de fábrica.  Suporte técnico disponível 24/7.  Fácil de usar e manter.  Excelente custo-benefício.  Desempenho consistente e confiável. ",413.04,46,3.9,96,"[{""texto"": ""Embalagem profissional, produto impecável."", ""rating"": 5, ""data"": ""2026-06-06""}, {""texto"": ""Investimento que vale a pena. Produto de alta qualidade."", ""rating"": 4, ""data"": ""2026-07-10""}, {""texto"": ""Excelente relação qualidade-preço."", ""rating"": 5, ""data"": ""2026-04-14""}, {""texto"": ""Profissional, durável e confiável. Muito bom!"", ""rating"": 4, ""data"": ""2026-07-21""}]","construção-robusta,iniciante,acabamento-premium,som-profissional","{""Material"": ""Latão"", ""Peso"": ""7 kg"", ""Cor"": ""Natural"", ""Garantia"": ""4 anos""}",Cassiano Aragão - ME,ZIL-INST-0029,ativo,2025-10-06
30,Casio Cuíca,Instrumentos,Casio,"Um excelente Cuíca para músicos profissionais e iniciantes. Este instrumento oferece som de qualidade superior com construção robusta e acabamento premium. Ideal para estúdios de gravação, apresentações ao vivo e aulas de música. Feito com materiais de alta qualidade, garante durabilidade e excelente resposta sonora. Certificado e testado antes do envio. Perfeito para quem busca qualidade e confiabilidade.Testado rigorosamente antes do envio.  Produto original com nota fiscal e garantia de fábrica.  Marca: Casio.  Recomendado por especialistas da área.  Fácil de usar e manter.  Oferece compatibilidade com múltiplos sistemas operacionais. ",1659.52,42,3.7,104,"[{""texto"": ""Suporte técnico muito responsivo e atencioso."", ""rating"": 4, ""data"": ""2026-05-10""}, {""texto"": ""Ideal para profissionais e iniciantes. Muito versátil."", ""rating"": 5, ""data"": ""2026-09-04""}]","construção-robusta,garantia,portátil,acabamento-premium","{""Material"": ""Madeira de Lei"", ""Peso"": ""5 kg"", ""Cor"": ""Sunburst"", ""Garantia"": ""4 anos""}",Rezende,CAS-INST-0030,ativo,2026-03-31
31,Korg Guitarra Elétrica,Instrumentos,Korg,"Um excelente Guitarra Elétrica para músicos profissionais e iniciantes. Este instrumento oferece som de qualidade superior com construção robusta e acabamento premium. Ideal para estúdios de gravação, apresentações ao vivo e aulas de música. Feito com materiais de alta qualidade, garante durabilidade e excelente resposta sonora. Certificado e testado antes do envio. Perfeito para quem busca qualidade e confiabilidade.Produto original com nota fiscal e garantia de fábrica.  Suporte técnico disponível 24/7.  Oferece compatibilidade com múltiplos sistemas operacionais.  Excelente custo-benefício. ",2034.79,32,3.8,149,"[{""texto"": ""Produto confiável para uso contínuo."", ""rating"": 4, ""data"": ""2026-07-19""}, {""texto"": ""Atendimento excelente e produto de primeira qualidade."", ""rating"": 4, ""data"": ""2026-04-29""}]","som-profissional,concert,iniciante","{""Material"": ""Latão"", ""Peso"": ""8 kg"", ""Cor"": ""Vermelho"", ""Garantia"": ""1 anos""}",Lima - EI,KOR-INST-0031,inativo,2026-05-11
32,Buffet Flauta Doce,Instrumentos,Buffet,"Um excelente Flauta Doce para músicos profissionais e iniciantes. Este instrumento oferece som de qualidade superior com construção robusta e acabamento premium. Ideal para estúdios de gravação, apresentações ao vivo e aulas de música. Feito com materiais de alta qualidade, garante durabilidade e excelente resposta sonora. Certificado e testado antes do envio. Perfeito para quem busca qualidade e confiabilidade.Desempenho consistente e confiável.  Excelente custo-benefício.  Produto original com nota fiscal e garantia de fábrica.  Inclui manual de instruções detalhado em português.  Oferece compatibilidade com múltiplos sistemas operacionais. ",375.12,64,4.3,165,"[{""texto"": ""Perfeito para estúdio e apresentações. Ótimo custo-benefício."", ""rating"": 5, ""data"": ""2026-06-24""}, {""texto"": ""Produto confiável para uso contínuo."", ""rating"": 5, ""data"": ""2026-05-18""}, {""texto"": ""Suporte técnico muito responsivo e atencioso."", ""rating"": 4, ""data"": ""2026-07-07""}]","portátil,estúdio,construção-robusta,acabamento-premium","{""Material"": ""Mogno"", ""Peso"": ""7 kg"", ""Cor"": ""Vermelho"", ""Garantia"": ""2 anos""}",Rezende - EI,BUF-INST-0032,ativo,2026-03-06
33,Ibanez Bumbo,Instrumentos,Ibanez,"Um excelente Bumbo para músicos profissionais e iniciantes. Este instrumento oferece som de qualidade superior com construção robusta e acabamento premium. Ideal para estúdios de gravação, apresentações ao vivo e aulas de música. Feito com materiais de alta qualidade, garante durabilidade e excelente resposta sonora. Certificado e testado antes do envio. Perfeito para quem busca qualidade e confiabilidade.Produto original com nota fiscal e garantia de fábrica.  Desempenho consistente e confiável.  Fácil de usar e manter.  Recomendado por especialistas da área.  Excelente custo-benefício.  Suporte técnico disponível 24/7. ",3968.24,63,4.9,91,"[{""texto"": ""Ideal para profissionais e iniciantes. Muito versátil."", ""rating"": 4, ""data"": ""2026-07-24""}, {""texto"": ""Embalagem profissional, produto impecável."", ""rating"": 5, ""data"": ""2026-04-01""}]","garantia,construção-robusta,portátil,alta-qualidade,som-profissional","{""Material"": ""Níquel"", ""Peso"": ""5 kg"", ""Cor"": ""Vermelho"", ""Garantia"": ""1 anos""}",Viana,IBA-INST-0033,ativo,2026-09-14
34,Thomann Violoncelo,Instrumentos,Thomann,"Um excelente Violoncelo para músicos profissionais e iniciantes. Este instrumento oferece som de qualidade superior com construção robusta e acabamento premium. Ideal para estúdios de gravação, apresentações ao vivo e aulas de música. Feito com materiais de alta qualidade, garante durabilidade e excelente resposta sonora. Certificado e testado antes do envio. Perfeito para quem busca qualidade e confiabilidade.Testado rigorosamente antes do envio.  Recomendado por especialistas da área.  Produto original com nota fiscal e garantia de fábrica.  Inclui manual de instruções detalhado em português.  Oferece compatibilidade com múltiplos sistemas operacionais.  Excelente custo-benefício. ",4430.87,35,4.4,169,"[{""texto"": ""Compatibilidade perfeita com meus equipamentos."", ""rating"": 5, ""data"": ""2026-07-17""}, {""texto"": ""Produto excelente, chegou rápido e bem embalado."", ""rating"": 4, ""data"": ""2026-07-26""}, {""texto"": ""Qualidade premium, recomendo para todos os músicos."", ""rating"": 4, ""data"": ""2026-05-30""}]","som-profissional,construção-robusta,iniciante,portátil,estúdio,profissional","{""Material"": ""Madeira de Lei"", ""Peso"": ""2 kg"", ""Cor"": ""Azul"", ""Garantia"": ""5 anos""}",Novaes Montenegro - ME,THO-INST-0034,ativo,2026-09-02
35,Fender Cuíca,Instrumentos,Fender,"Um excelente Cuíca para músicos profissionais e iniciantes. Este instrumento oferece som de qualidade superior com construção robusta e acabamento premium. Ideal para estúdios de gravação, apresentações ao vivo e aulas de música. Feito com materiais de alta qualidade, garante durabilidade e excelente resposta sonora. Certificado e testado antes do envio. Perfeito para quem busca qualidade e confiabilidade.Inclui manual de instruções detalhado em português.  Suporte técnico disponível 24/7.  Marca: Fender.  Testado rigorosamente antes do envio.  Produto original com nota fiscal e garantia de fábrica. ",1503.4,63,3.6,178,"[{""texto"": ""Construção sólida, som cristalino e resposta rápida."", ""rating"": 4, ""data"": ""2026-09-06""}, {""texto"": ""Ideal para profissionais e iniciantes. Muito versátil."", ""rating"": 5, ""data"": ""2026-04-21""}, {""texto"": ""Compatibilidade perfeita com meus equipamentos."", ""rating"": 4, ""data"": ""2026-05-27""}, {""texto"": ""Embalagem profissional, produto impecável."", ""rating"": 4, ""data"": ""2026-09-19""}, {""texto"": ""Recomendo fortemente. Melhor compra do ano!"", ""rating"": 5, ""data"": ""2026-08-29""}]","acabamento-premium,som-profissional,iniciante","{""Material"": ""Mogno"", ""Peso"": ""3 kg"", ""Cor"": ""Branco"", ""Garantia"": ""3 anos""}",Guerra S.A.,FEN-INST-0035,ativo,2025-10-12
36,Pearl Clarinete,Instrumentos,Pearl,"Um excelente Clarinete para músicos profissionais e iniciantes. Este instrumento oferece som de qualidade superior com construção robusta e acabamento premium. Ideal para estúdios de gravação, apresentações ao vivo e aulas de música. Feito com materiais de alta qualidade, garante durabilidade e excelente resposta sonora. Certificado e testado antes do envio. Perfeito para quem busca qualidade e confiabilidade.Marca: Pearl.  Desempenho consistente e confiável.  Excelente custo-benefício.  Recomendado por especialistas da área.  Testado rigorosamente antes do envio. ",1491.0,67,3.8,84,"[{""texto"": ""Produto excelente, chegou rápido e bem embalado."", ""rating"": 5, ""data"": ""2026-04-07""}, {""texto"": ""Investimento que vale a pena. Produto de alta qualidade."", ""rating"": 5, ""data"": ""2026-07-29""}, {""texto"": ""Compatibilidade perfeita com meus equipamentos."", ""rating"": 4, ""data"": ""2026-08-02""}, {""texto"": ""Compatibilidade perfeita com meus equipamentos."", ""rating"": 4, ""data"": ""2026-06-29""}, {""texto"": ""Excelente relação qualidade-preço."", ""rating"": 4, ""data"": ""2026-09-05""}]","acabamento-premium,profissional,som-profissional","{""Material"": ""Spruce"", ""Peso"": ""8 kg"", ""Cor"": ""Vermelho"", ""Garantia"": ""1 anos""}",Rocha Teixeira S/A,PEA-INST-0036,ativo,2026-08-16
37,Ludwig Saxofone Alto,Instrumentos,Ludwig,"Um excelente Saxofone Alto para músicos profissionais e iniciantes. Este instrumento oferece som de qualidade superior com construção robusta e acabamento premium. Ideal para estúdios de gravação, apresentações ao vivo e aulas de música. Feito com materiais de alta qualidade, garante durabilidade e excelente resposta sonora. Certificado e testado antes do envio. Perfeito para quem busca qualidade e confiabilidade.Recomendado por especialistas da área.  Suporte técnico disponível 24/7.  Oferece compatibilidade com múltiplos sistemas operacionais.  Desempenho consistente e confiável.  Testado rigorosamente antes do envio. ",3204.64,37,3.9,88,"[{""texto"": ""Ideal para profissionais e iniciantes. Muito versátil."", ""rating"": 5, ""data"": ""2026-08-02""}, {""texto"": ""Compatibilidade perfeita com meus equipamentos."", ""rating"": 5, ""data"": ""2026-09-21""}, {""texto"": ""Suporte técnico muito responsivo e atencioso."", ""rating"": 5, ""data"": ""2026-05-16""}]","acabamento-premium,garantia,estúdio,alta-qualidade,som-profissional,profissional","{""Material"": ""Latão"", ""Peso"": ""8 kg"", ""Cor"": ""Preto"", ""Garantia"": ""1 anos""}",Machado - ME,LUD-INST-0037,ativo,2025-10-17
38,Pearl Violino,Instrumentos,Pearl,"Um excelente Violino para músicos profissionais e iniciantes. Este instrumento oferece som de qualidade superior com construção robusta e acabamento premium. Ideal para estúdios de gravação, apresentações ao vivo e aulas de música. Feito com materiais de alta qualidade, garante durabilidade e excelente resposta sonora. Certificado e testado antes do envio. Perfeito para quem busca qualidade e confiabilidade.Fácil de usar e manter.  Suporte técnico disponível 24/7.  Inclui manual de instruções detalhado em português.  Recomendado por especialistas da área.  Produto original com nota fiscal e garantia de fábrica.  Oferece compatibilidade com múltiplos sistemas operacionais. ",600.88,94,3.8,126,"[{""texto"": ""Compatibilidade perfeita com meus equipamentos."", ""rating"": 4, ""data"": ""2026-05-05""}, {""texto"": ""Excelente relação qualidade-preço."", ""rating"": 4, ""data"": ""2026-05-15""}]","garantia,portátil,iniciante","{""Material"": ""Níquel"", ""Peso"": ""9 kg"", ""Cor"": ""Branco"", ""Garantia"": ""4 anos""}",da Paz Freitas Ltda.,PEA-INST-0038,ativo,2026-09-03
39,Roland Pratos,Instrumentos,Roland,"Um excelente Pratos para músicos profissionais e iniciantes. Este instrumento oferece som de qualidade superior com construção robusta e acabamento premium. Ideal para estúdios de gravação, apresentações ao vivo e aulas de música. Feito com materiais de alta qualidade, garante durabilidade e excelente resposta sonora. Certificado e testado antes do envio. Perfeito para quem busca qualidade e confiabilidade.Oferece compatibilidade com múltiplos sistemas operacionais.  Testado rigorosamente antes do envio.  Desempenho consistente e confiável.  Inclui manual de instruções detalhado em português. ",3005.03,23,3.9,43,"[{""texto"": ""Excelente relação qualidade-preço."", ""rating"": 4, ""data"": ""2026-04-23""}, {""texto"": ""Produto excelente, chegou rápido e bem embalado."", ""rating"": 5, ""data"": ""2026-05-10""}, {""texto"": ""Perfeito para estúdio e apresentações. Ótimo custo-benefício."", ""rating"": 4, ""data"": ""2026-04-03""}, {""texto"": ""Investimento que vale a pena. Produto de alta qualidade."", ""rating"": 4, ""data"": ""2026-06-29""}, {""texto"": ""Construção sólida, som cristalino e resposta rápida."", ""rating"": 5, ""data"": ""2026-05-11""}]","acabamento-premium,profissional,iniciante","{""Material"": ""Aço"", ""Peso"": ""8 kg"", ""Cor"": ""Vermelho"", ""Garantia"": ""2 anos""}",Moura da Costa e Filhos,ROL-INST-0039,ativo,2026-05-05
40,Tama Teclado Sintetizador,Instrumentos,Tama,"Um excelente Teclado Sintetizador para músicos profissionais e iniciantes. Este instrumento oferece som de qualidade superior com construção robusta e acabamento premium. Ideal para estúdios de gravação, apresentações ao vivo e aulas de música. Feito com materiais de alta qualidade, garante durabilidade e excelente resposta sonora. Certificado e testado antes do envio. Perfeito para quem busca qualidade e confiabilidade.Marca: Tama.  Excelente custo-benefício.  Testado rigorosamente antes do envio.  Recomendado por especialistas da área.  Desempenho consistente e confiável.  Produto original com nota fiscal e garantia de fábrica. ",1080.87,24,4.4,178,"[{""texto"": ""Atendimento excelente e produto de primeira qualidade."", ""rating"": 5, ""data"": ""2026-05-21""}, {""texto"": ""Produto excelente, chegou rápido e bem embalado."", ""rating"": 4, ""data"": ""2026-07-15""}]","alta-qualidade,som-profissional,iniciante,concert,garantia,portátil","{""Material"": ""Spruce"", ""Peso"": ""2 kg"", ""Cor"": ""Preto"", ""Garantia"": ""5 anos""}",Oliveira,TAM-INST-0040,ativo,2025-11-06
41,Zildjian Didgeridoo,Instrumentos,Zildjian,"Um excelente Didgeridoo para músicos profissionais e iniciantes. Este instrumento oferece som de qualidade superior com construção robusta e acabamento premium. Ideal para estúdios de gravação, apresentações ao vivo e aulas de música. Feito com materiais de alta qualidade, garante durabilidade e excelente resposta sonora. Certificado e testado antes do envio. Perfeito para quem busca qualidade e confiabilidade.Excelente custo-benefício.  Oferece compatibilidade com múltiplos sistemas operacionais.  Marca: Zildjian.  Testado rigorosamente antes do envio.  Suporte técnico disponível 24/7.  Fácil de usar e manter. ",3866.47,23,4.8,88,"[{""texto"": ""Perfeito para estúdio e apresentações. Ótimo custo-benefício."", ""rating"": 5, ""data"": ""2026-05-17""}, {""texto"": ""Compatibilidade perfeita com meus equipamentos."", ""rating"": 5, ""data"": ""2026-05-28""}, {""texto"": ""Compatibilidade perfeita com meus equipamentos."", ""rating"": 5, ""data"": ""2026-04-08""}]","alta-qualidade,iniciante,som-profissional,concert,acabamento-premium","{""Material"": ""Spruce"", ""Peso"": ""10 kg"", ""Cor"": ""Preto"", ""Garantia"": ""2 anos""}",Duarte,ZIL-INST-0041,ativo,2026-06-02
42,Sabian Viola de Arco,Instrumentos,Sabian,"Um excelente Viola de Arco para músicos profissionais e iniciantes. Este instrumento oferece som de qualidade superior com construção robusta e acabamento premium. Ideal para estúdios de gravação, apresentações ao vivo e aulas de música. Feito com materiais de alta qualidade, garante durabilidade e excelente resposta sonora. Certificado e testado antes do envio. Perfeito para quem busca qualidade e confiabilidade.Oferece compatibilidade com múltiplos sistemas operacionais.  Desempenho consistente e confiável.  Recomendado por especialistas da área.  Produto original com nota fiscal e garantia de fábrica. ",2908.99,81,4.0,200,"[{""texto"": ""Produto confiável para uso contínuo."", ""rating"": 5, ""data"": ""2026-08-30""}, {""texto"": ""Produto excelente, chegou rápido e bem embalado."", ""rating"": 5, ""data"": ""2026-09-21""}, {""texto"": ""Qualidade premium, recomendo para todos os músicos."", ""rating"": 5, ""data"": ""2026-09-23""}, {""texto"": ""Ideal para profissionais e iniciantes. Muito versátil."", ""rating"": 4, ""data"": ""2026-05-21""}, {""texto"": ""Atendimento excelente e produto de primeira qualidade."", ""rating"": 5, ""data"": ""2026-07-01""}]","portátil,alta-qualidade,concert,garantia,som-profissional","{""Material"": ""Madeira de Lei"", ""Peso"": ""9 kg"", ""Cor"": ""Azul"", ""Garantia"": ""2 anos""}",Rocha Fernandes e Filhos,SAB-INST-0042,ativo,2025-12-24
43,Casio Bateria Acústica,Instrumentos,Casio,"Um excelente Bateria Acústica para músicos profissionais e iniciantes. Este instrumento oferece som de qualidade superior com construção robusta e acabamento premium. Ideal para estúdios de gravação, apresentações ao vivo e aulas de música. Feito com materiais de alta qualidade, garante durabilidade e excelente resposta sonora. Certificado e testado antes do envio. Perfeito para quem busca qualidade e confiabilidade.Excelente custo-benefício.  Produto original com nota fiscal e garantia de fábrica.  Inclui manual de instruções detalhado em português.  Suporte técnico disponível 24/7. ",397.51,16,3.6,123,"[{""texto"": ""Recomendo fortemente. Melhor compra do ano!"", ""rating"": 4, ""data"": ""2026-05-29""}, {""texto"": ""Recomendo fortemente. Melhor compra do ano!"", ""rating"": 5, ""data"": ""2026-04-09""}, {""texto"": ""Suporte técnico muito responsivo e atencioso."", ""rating"": 5, ""data"": ""2026-04-03""}, {""texto"": ""Atendimento excelente e produto de primeira qualidade."", ""rating"": 4, ""data"": ""2026-06-21""}]","profissional,portátil,alta-qualidade,concert,estúdio","{""Material"": ""Níquel"", ""Peso"": ""10 kg"", ""Cor"": ""Preto"", ""Garantia"": ""1 anos""}",Pinto,CAS-INST-0043,ativo,2026-09-06
44,Thomann Kalimba,Instrumentos,Thomann,"Um excelente Kalimba para músicos profissionais e iniciantes. Este instrumento oferece som de qualidade superior com construção robusta e acabamento premium. Ideal para estúdios de gravação, apresentações ao vivo e aulas de música. Feito com materiais de alta qualidade, garante durabilidade e excelente resposta sonora. Certificado e testado antes do envio. Perfeito para quem busca qualidade e confiabilidade.Fácil de usar e manter.  Excelente custo-benefício.  Marca: Thomann.  Testado rigorosamente antes do envio.  Desempenho consistente e confiável. ",1890.6,61,4.6,7,"[{""texto"": ""Profissional, durável e confiável. Muito bom!"", ""rating"": 5, ""data"": ""2026-06-17""}, {""texto"": ""Ideal para profissionais e iniciantes. Muito versátil."", ""rating"": 4, ""data"": ""2026-06-20""}, {""texto"": ""Suporte técnico muito responsivo e atencioso."", ""rating"": 5, ""data"": ""2026-04-08""}, {""texto"": ""Produto confiável para uso contínuo."", ""rating"": 5, ""data"": ""2026-09-14""}]","garantia,profissional,estúdio,alta-qualidade","{""Material"": ""Mogno"", ""Peso"": ""8 kg"", ""Cor"": ""Preto"", ""Garantia"": ""1 anos""}",Cavalcanti,THO-INST-0044,ativo,2026-08-01
45,Ibanez Saxofone Alto,Instrumentos,Ibanez,"Um excelente Saxofone Alto para músicos profissionais e iniciantes. Este instrumento oferece som de qualidade superior com construção robusta e acabamento premium. Ideal para estúdios de gravação, apresentações ao vivo e aulas de música. Feito com materiais de alta qualidade, garante durabilidade e excelente resposta sonora. Certificado e testado antes do envio. Perfeito para quem busca qualidade e confiabilidade.Marca: Ibanez.  Recomendado por especialistas da área.  Suporte técnico disponível 24/7.  Oferece compatibilidade com múltiplos sistemas operacionais. ",4954.38,37,4.7,196,"[{""texto"": ""Atendimento excelente e produto de primeira qualidade."", ""rating"": 5, ""data"": ""2026-07-11""}, {""texto"": ""Produto confiável para uso contínuo."", ""rating"": 4, ""data"": ""2026-04-07""}, {""texto"": ""Sonho realizado! Superou minhas expectativas."", ""rating"": 4, ""data"": ""2026-06-27""}]","estúdio,concert,garantia,construção-robusta","{""Material"": ""Spruce"", ""Peso"": ""5 kg"", ""Cor"": ""Azul"", ""Garantia"": ""1 anos""}",Andrade da Luz - ME,IBA-INST-0045,ativo,2026-04-28
46,Boss Teclado Sintetizador,Instrumentos,Boss,"Um excelente Teclado Sintetizador para músicos profissionais e iniciantes. Este instrumento oferece som de qualidade superior com construção robusta e acabamento premium. Ideal para estúdios de gravação, apresentações ao vivo e aulas de música. Feito com materiais de alta qualidade, garante durabilidade e excelente resposta sonora. Certificado e testado antes do envio. Perfeito para quem busca qualidade e confiabilidade.Testado rigorosamente antes do envio.  Suporte técnico disponível 24/7.  Recomendado por especialistas da área.  Marca: Boss.  Fácil de usar e manter.  Inclui manual de instruções detalhado em português. ",2734.7,60,4.5,63,"[{""texto"": ""Profissional, durável e confiável. Muito bom!"", ""rating"": 4, ""data"": ""2026-05-14""}, {""texto"": ""Suporte técnico muito responsivo e atencioso."", ""rating"": 5, ""data"": ""2026-04-10""}, {""texto"": ""Profissional, durável e confiável. Muito bom!"", ""rating"": 5, ""data"": ""2026-07-29""}, {""texto"": ""Recomendo fortemente. Melhor compra do ano!"", ""rating"": 4, ""data"": ""2026-08-04""}, {""texto"": ""Produto excelente, chegou rápido e bem embalado."", ""rating"": 4, ""data"": ""2026-09-06""}]","garantia,som-profissional,portátil","{""Material"": ""Spruce"", ""Peso"": ""5 kg"", ""Cor"": ""Preto"", ""Garantia"": ""4 anos""}",Costela Fogaça S/A,BOS-INST-0046,ativo,2025-12-23
47,Ludwig Acordeão,Instrumentos,Ludwig,"Um excelente Acordeão para músicos profissionais e iniciantes. Este instrumento oferece som de qualidade superior com construção robusta e acabamento premium. Ideal para estúdios de gravação, apresentações ao vivo e aulas de música. Feito com materiais de alta qualidade, garante durabilidade e excelente resposta sonora. Certificado e testado antes do envio. Perfeito para quem busca qualidade e confiabilidade.Testado rigorosamente antes do envio.  Excelente custo-benefício.  Inclui manual de instruções detalhado em português.  Fácil de usar e manter.  Desempenho consistente e confiável.  Oferece compatibilidade com múltiplos sistemas operacionais. ",4261.86,13,3.6,79,"[{""texto"": ""Produto confiável para uso contínuo."", ""rating"": 5, ""data"": ""2026-09-08""}, {""texto"": ""Sonho realizado! Superou minhas expectativas."", ""rating"": 5, ""data"": ""2026-08-01""}, {""texto"": ""Construção sólida, som cristalino e resposta rápida."", ""rating"": 4, ""data"": ""2026-09-22""}]","som-profissional,iniciante,acabamento-premium","{""Material"": ""Latão"", ""Peso"": ""9 kg"", ""Cor"": ""Vermelho"", ""Garantia"": ""4 anos""}",da Paz,LUD-INST-0047,ativo,2025-11-21
48,Behringer Bateria Acústica,Instrumentos,Behringer,"Um excelente Bateria Acústica para músicos profissionais e iniciantes. Este instrumento oferece som de qualidade superior com construção robusta e acabamento premium. Ideal para estúdios de gravação, apresentações ao vivo e aulas de música. Feito com materiais de alta qualidade, garante durabilidade e excelente resposta sonora. Certificado e testado antes do envio. Perfeito para quem busca qualidade e confiabilidade.Desempenho consistente e confiável.  Testado rigorosamente antes do envio.  Inclui manual de instruções detalhado em português.  Excelente custo-benefício. ",2969.02,67,4.7,108,"[{""texto"": ""Investimento que vale a pena. Produto de alta qualidade."", ""rating"": 4, ""data"": ""2026-05-21""}, {""texto"": ""Construção sólida, som cristalino e resposta rápida."", ""rating"": 5, ""data"": ""2026-05-13""}]","alta-qualidade,concert,construção-robusta","{""Material"": ""Níquel"", ""Peso"": ""2 kg"", ""Cor"": ""Sunburst"", ""Garantia"": ""4 anos""}",Vargas,BEH-INST-0048,ativo,2025-12-18
49,Korg Violino,Instrumentos,Korg,"Um excelente Violino para músicos profissionais e iniciantes. Este instrumento oferece som de qualidade superior com construção robusta e acabamento premium. Ideal para estúdios de gravação, apresentações ao vivo e aulas de música. Feito com materiais de alta qualidade, garante durabilidade e excelente resposta sonora. Certificado e testado antes do envio. Perfeito para quem busca qualidade e confiabilidade.Excelente custo-benefício.  Suporte técnico disponível 24/7.  Recomendado por especialistas da área.  Marca: Korg.  Inclui manual de instruções detalhado em português. ",2537.24,29,4.4,121,"[{""texto"": ""Profissional, durável e confiável. Muito bom!"", ""rating"": 4, ""data"": ""2026-03-29""}, {""texto"": ""Atendimento excelente e produto de primeira qualidade."", ""rating"": 4, ""data"": ""2026-08-26""}, {""texto"": ""Suporte técnico muito responsivo e atencioso."", ""rating"": 5, ""data"": ""2026-06-09""}]","estúdio,profissional,alta-qualidade,som-profissional","{""Material"": ""Spruce"", ""Peso"": ""7 kg"", ""Cor"": ""Sunburst"", ""Garantia"": ""5 anos""}",Montenegro,KOR-INST-0049,ativo,2026-01-16
50,Buffet Agogô,Instrumentos,Buffet,"Um excelente Agogô para músicos profissionais e iniciantes. Este instrumento oferece som de qualidade superior com construção robusta e acabamento premium. Ideal para estúdios de gravação, apresentações ao vivo e aulas de música. Feito com materiais de alta qualidade, garante durabilidade e excelente resposta sonora. Certificado e testado antes do envio. Perfeito para quem busca qualidade e confiabilidade.Oferece compatibilidade com múltiplos sistemas operacionais.  Recomendado por especialistas da área.  Fácil de usar e manter.  Marca: Buffet.  Excelente custo-benefício. ",4022.49,2,4.6,139,"[{""texto"": ""Profissional, durável e confiável. Muito bom!"", ""rating"": 4, ""data"": ""2026-05-04""}, {""texto"": ""Produto excelente, chegou rápido e bem embalado."", ""rating"": 5, ""data"": ""2026-07-25""}, {""texto"": ""Excelente relação qualidade-preço."", ""rating"": 5, ""data"": ""2026-08-13""}, {""texto"": ""Produto confiável para uso contínuo."", ""rating"": 4, ""data"": ""2026-08-23""}]","acabamento-premium,iniciante,alta-qualidade,garantia,construção-robusta","{""Material"": ""Aço"", ""Peso"": ""5 kg"", ""Cor"": ""Vermelho"", ""Garantia"": ""5 anos""}",Sales,BUF-INST-0050,inativo,2026-02-26
51,Thomann Bandolim,Instrumentos,Thomann,"Um excelente Bandolim para músicos profissionais e iniciantes. Este instrumento oferece som de qualidade superior com construção robusta e acabamento premium. Ideal para estúdios de gravação, apresentações ao vivo e aulas de música. Feito com materiais de alta qualidade, garante durabilidade e excelente resposta sonora. Certificado e testado antes do envio. Perfeito para quem busca qualidade e confiabilidade.Marca: Thomann.  Testado rigorosamente antes do envio.  Suporte técnico disponível 24/7.  Fácil de usar e manter.  Excelente custo-benefício. ",459.52,16,4.8,116,"[{""texto"": ""Investimento que vale a pena. Produto de alta qualidade."", ""rating"": 4, ""data"": ""2026-06-21""}, {""texto"": ""Suporte técnico muito responsivo e atencioso."", ""rating"": 5, ""data"": ""2026-07-28""}, {""texto"": ""Recomendo fortemente. Melhor compra do ano!"", ""rating"": 4, ""data"": ""2026-05-23""}, {""texto"": ""Recomendo fortemente. Melhor compra do ano!"", ""rating"": 4, ""data"": ""2026-07-24""}, {""texto"": ""Suporte técnico muito responsivo e atencioso."", ""rating"": 4, ""data"": ""2026-09-05""}]","estúdio,profissional,som-profissional,concert,construção-robusta","{""Material"": ""Níquel"", ""Peso"": ""3 kg"", ""Cor"": ""Vermelho"", ""Garantia"": ""1 anos""}",Vasconcelos,THO-INST-0051,ativo,2026-01-21
52,Marshall Saxofone Alto,Instrumentos,Marshall,"Um excelente Saxofone Alto para músicos profissionais e iniciantes. Este instrumento oferece som de qualidade superior com construção robusta e acabamento premium. Ideal para estúdios de gravação, apresentações ao vivo e aulas de música. Feito com materiais de alta qualidade, garante durabilidade e excelente resposta sonora. Certificado e testado antes do envio. Perfeito para quem busca qualidade e confiabilidade.Marca: Marshall.  Fácil de usar e manter.  Recomendado por especialistas da área.  Testado rigorosamente antes do envio. ",4593.49,61,4.9,12,"[{""texto"": ""Produto excelente, chegou rápido e bem embalado."", ""rating"": 5, ""data"": ""2026-09-11""}, {""texto"": ""Ideal para profissionais e iniciantes. Muito versátil."", ""rating"": 5, ""data"": ""2026-08-15""}]","garantia,som-profissional,alta-qualidade,acabamento-premium","{""Material"": ""Níquel"", ""Peso"": ""5 kg"", ""Cor"": ""Natural"", ""Garantia"": ""2 anos""}",Melo,MAR-INST-0052,ativo,2026-09-24
53,Behringer Flauta Doce,Instrumentos,Behringer,"Um excelente Flauta Doce para músicos profissionais e iniciantes. Este instrumento oferece som de qualidade superior com construção robusta e acabamento premium. Ideal para estúdios de gravação, apresentações ao vivo e aulas de música. Feito com materiais de alta qualidade, garante durabilidade e excelente resposta sonora. Certificado e testado antes do envio. Perfeito para quem busca qualidade e confiabilidade.Fácil de usar e manter.  Oferece compatibilidade com múltiplos sistemas operacionais.  Testado rigorosamente antes do envio.  Suporte técnico disponível 24/7.  Recomendado por especialistas da área. ",1013.21,50,4.1,73,"[{""texto"": ""Ideal para profissionais e iniciantes. Muito versátil."", ""rating"": 4, ""data"": ""2026-08-03""}, {""texto"": ""Excelente relação qualidade-preço."", ""rating"": 4, ""data"": ""2026-09-05""}, {""texto"": ""Atendimento excelente e produto de primeira qualidade."", ""rating"": 5, ""data"": ""2026-06-28""}, {""texto"": ""Investimento que vale a pena. Produto de alta qualidade."", ""rating"": 5, ""data"": ""2026-09-22""}]","alta-qualidade,garantia,iniciante,concert,profissional","{""Material"": ""Spruce"", ""Peso"": ""1 kg"", ""Cor"": ""Sunburst"", ""Garantia"": ""3 anos""}",Rios,BEH-INST-0053,ativo,2026-02-21
54,Yamaha Acordeão,Instrumentos,Yamaha,"Um excelente Acordeão para músicos profissionais e iniciantes. Este instrumento oferece som de qualidade superior com construção robusta e acabamento premium. Ideal para estúdios de gravação, apresentações ao vivo e aulas de música. Feito com materiais de alta qualidade, garante durabilidade e excelente resposta sonora. Certificado e testado antes do envio. Perfeito para quem busca qualidade e confiabilidade.Suporte técnico disponível 24/7.  Oferece compatibilidade com múltiplos sistemas operacionais.  Produto original com nota fiscal e garantia de fábrica.  Excelente custo-benefício. ",1234.77,72,3.8,10,"[{""texto"": ""Produto confiável para uso contínuo."", ""rating"": 5, ""data"": ""2026-07-09""}, {""texto"": ""Ideal para profissionais e iniciantes. Muito versátil."", ""rating"": 4, ""data"": ""2026-04-06""}]","acabamento-premium,concert,portátil,estúdio,profissional","{""Material"": ""Madeira de Lei"", ""Peso"": ""3 kg"", ""Cor"": ""Azul"", ""Garantia"": ""2 anos""}",Cunha Moreira Ltda.,YAM-INST-0054,ativo,2025-11-17
55,Roland Violão Clássico,Instrumentos,Roland,"Um excelente Violão Clássico para músicos profissionais e iniciantes. Este instrumento oferece som de qualidade superior com construção robusta e acabamento premium. Ideal para estúdios de gravação, apresentações ao vivo e aulas de música. Feito com materiais de alta qualidade, garante durabilidade e excelente resposta sonora. Certificado e testado antes do envio. Perfeito para quem busca qualidade e confiabilidade.Suporte técnico disponível 24/7.  Testado rigorosamente antes do envio.  Oferece compatibilidade com múltiplos sistemas operacionais.  Fácil de usar e manter. ",2336.37,7,4.5,18,"[{""texto"": ""Qualidade premium, recomendo para todos os músicos."", ""rating"": 5, ""data"": ""2026-06-13""}, {""texto"": ""Ideal para profissionais e iniciantes. Muito versátil."", ""rating"": 4, ""data"": ""2026-08-02""}, {""texto"": ""Atendimento excelente e produto de primeira qualidade."", ""rating"": 4, ""data"": ""2026-04-17""}, {""texto"": ""Recomendo fortemente. Melhor compra do ano!"", ""rating"": 5, ""data"": ""2026-09-22""}, {""texto"": ""Compatibilidade perfeita com meus equipamentos."", ""rating"": 5, ""data"": ""2026-05-02""}]","portátil,acabamento-premium,garantia,concert,iniciante,construção-robusta","{""Material"": ""Madeira de Lei"", ""Peso"": ""6 kg"", ""Cor"": ""Sunburst"", ""Garantia"": ""4 anos""}",Sales - EI,ROL-INST-0055,ativo,2026-04-15
56,Pearl Cuíca,Instrumentos,Pearl,"Um excelente Cuíca para músicos profissionais e iniciantes. Este instrumento oferece som de qualidade superior com construção robusta e acabamento premium. Ideal para estúdios de gravação, apresentações ao vivo e aulas de música. Feito com materiais de alta qualidade, garante durabilidade e excelente resposta sonora. Certificado e testado antes do envio. Perfeito para quem busca qualidade e confiabilidade.Oferece compatibilidade com múltiplos sistemas operacionais.  Excelente custo-benefício.  Produto original com nota fiscal e garantia de fábrica.  Fácil de usar e manter.  Recomendado por especialistas da área.  Testado rigorosamente antes do envio. ",3775.17,30,4.1,8,"[{""texto"": ""Investimento que vale a pena. Produto de alta qualidade."", ""rating"": 5, ""data"": ""2026-06-26""}, {""texto"": ""Recomendo fortemente. Melhor compra do ano!"", ""rating"": 4, ""data"": ""2026-08-23""}, {""texto"": ""Construção sólida, som cristalino e resposta rápida."", ""rating"": 4, ""data"": ""2026-04-05""}]","som-profissional,acabamento-premium,iniciante","{""Material"": ""Mogno"", ""Peso"": ""6 kg"", ""Cor"": ""Natural"", ""Garantia"": ""3 anos""}",Moraes,PEA-INST-0056,ativo,2026-06-17
57,Zildjian Violino,Instrumentos,Zildjian,"Um excelente Violino para músicos profissionais e iniciantes. Este instrumento oferece som de qualidade superior com construção robusta e acabamento premium. Ideal para estúdios de gravação, apresentações ao vivo e aulas de música. Feito com materiais de alta qualidade, garante durabilidade e excelente resposta sonora. Certificado e testado antes do envio. Perfeito para quem busca qualidade e confiabilidade.Marca: Zildjian.  Recomendado por especialistas da área.  Suporte técnico disponível 24/7.  Fácil de usar e manter. ",4213.87,96,4.7,177,"[{""texto"": ""Excelente relação qualidade-preço."", ""rating"": 5, ""data"": ""2026-08-19""}, {""texto"": ""Excelente relação qualidade-preço."", ""rating"": 4, ""data"": ""2026-08-26""}, {""texto"": ""Embalagem profissional, produto impecável."", ""rating"": 5, ""data"": ""2026-05-28""}, {""texto"": ""Recomendo fortemente. Melhor compra do ano!"", ""rating"": 4, ""data"": ""2026-05-09""}]","garantia,alta-qualidade,profissional","{""Material"": ""Mogno"", ""Peso"": ""2 kg"", ""Cor"": ""Vermelho"", ""Garantia"": ""4 anos""}",Correia,ZIL-INST-0057,ativo,2026-02-11
58,Thomann Baixo Elétrico,Instrumentos,Thomann,"Um excelente Baixo Elétrico para músicos profissionais e iniciantes. Este instrumento oferece som de qualidade superior com construção robusta e acabamento premium. Ideal para estúdios de gravação, apresentações ao vivo e aulas de música. Feito com materiais de alta qualidade, garante durabilidade e excelente resposta sonora. Certificado e testado antes do envio. Perfeito para quem busca qualidade e confiabilidade.Recomendado por especialistas da área.  Fácil de usar e manter.  Marca: Thomann.  Oferece compatibilidade com múltiplos sistemas operacionais. ",4694.37,68,4.4,23,"[{""texto"": ""Produto excelente, chegou rápido e bem embalado."", ""rating"": 4, ""data"": ""2026-07-20""}, {""texto"": ""Produto confiável para uso contínuo."", ""rating"": 5, ""data"": ""2026-05-24""}, {""texto"": ""Qualidade premium, recomendo para todos os músicos."", ""rating"": 5, ""data"": ""2026-05-15""}, {""texto"": ""Embalagem profissional, produto impecável."", ""rating"": 5, ""data"": ""2026-09-12""}]","estúdio,alta-qualidade,iniciante","{""Material"": ""Spruce"", ""Peso"": ""8 kg"", ""Cor"": ""Natural"", ""Garantia"": ""3 anos""}",da Cunha Ltda.,THO-INST-0058,ativo,2026-02-18
59,Ibanez Theremin,Instrumentos,Ibanez,"Um excelente Theremin para músicos profissionais e iniciantes. Este instrumento oferece som de qualidade superior com construção robusta e acabamento premium. Ideal para estúdios de gravação, apresentações ao vivo e aulas de música. Feito com materiais de alta qualidade, garante durabilidade e excelente resposta sonora. Certificado e testado antes do envio. Perfeito para quem busca qualidade e confiabilidade.Fácil de usar e manter.  Inclui manual de instruções detalhado em português.  Excelente custo-benefício.  Oferece compatibilidade com múltiplos sistemas operacionais. ",2715.31,68,4.6,64,"[{""texto"": ""Perfeito para estúdio e apresentações. Ótimo custo-benefício."", ""rating"": 4, ""data"": ""2026-09-21""}, {""texto"": ""Qualidade premium, recomendo para todos os músicos."", ""rating"": 4, ""data"": ""2026-06-22""}, {""texto"": ""Profissional, durável e confiável. Muito bom!"", ""rating"": 4, ""data"": ""2026-06-03""}]","som-profissional,acabamento-premium,profissional","{""Material"": ""Latão"", ""Peso"": ""9 kg"", ""Cor"": ""Sunburst"", ""Garantia"": ""5 anos""}",Freitas,IBA-INST-0059,ativo,2026-01-10
60,Casio Pandeiro,Instrumentos,Casio,"Um excelente Pandeiro para músicos profissionais e iniciantes. Este instrumento oferece som de qualidade superior com construção robusta e acabamento premium. Ideal para estúdios de gravação, apresentações ao vivo e aulas de música. Feito com materiais de alta qualidade, garante durabilidade e excelente resposta sonora. Certificado e testado antes do envio. Perfeito para quem busca qualidade e confiabilidade.Recomendado por especialistas da área.  Marca: Casio.  Fácil de usar e manter.  Produto original com nota fiscal e garantia de fábrica. ",1994.65,56,4.6,33,"[{""texto"": ""Compatibilidade perfeita com meus equipamentos."", ""rating"": 5, ""data"": ""2026-08-19""}, {""texto"": ""Produto confiável para uso contínuo."", ""rating"": 4, ""data"": ""2026-05-19""}]","concert,som-profissional,estúdio","{""Material"": ""Aço"", ""Peso"": ""5 kg"", ""Cor"": ""Vermelho"", ""Garantia"": ""1 anos""}",Pimenta,CAS-INST-0060,ativo,2026-04-10
61,Thomann Teclado Sintetizador,Instrumentos,Thomann,"Um excelente Teclado Sintetizador para músicos profissionais e iniciantes. Este instrumento oferece som de qualidade superior com construção robusta e acabamento premium. Ideal para estúdios de gravação, apresentações ao vivo e aulas de música. Feito com materiais de alta qualidade, garante durabilidade e excelente resposta sonora. Certificado e testado antes do envio. Perfeito para quem busca qualidade e confiabilidade.Desempenho consistente e confiável.  Suporte técnico disponível 24/7.  Fácil de usar e manter.  Recomendado por especialistas da área.  Marca: Thomann.  Inclui manual de instruções detalhado em português. ",3254.5,7,3.6,172,"[{""texto"": ""Qualidade premium, recomendo para todos os músicos."", ""rating"": 5, ""data"": ""2026-06-09""}, {""texto"": ""Perfeito para estúdio e apresentações. Ótimo custo-benefício."", ""rating"": 4, ""data"": ""2026-07-28""}, {""texto"": ""Embalagem profissional, produto impecável."", ""rating"": 5, ""data"": ""2026-08-21""}, {""texto"": ""Qualidade premium, recomendo para todos os músicos."", ""rating"": 5, ""data"": ""2026-05-01""}, {""texto"": ""Sonho realizado! Superou minhas expectativas."", ""rating"": 4, ""data"": ""2026-04-13""}]","alta-qualidade,construção-robusta,acabamento-premium,profissional","{""Material"": ""Aço"", ""Peso"": ""4 kg"", ""Cor"": ""Sunburst"", ""Garantia"": ""5 anos""}",Sá S/A,THO-INST-0061,ativo,2026-02-03
62,Buffet Tambor,Instrumentos,Buffet,"Um excelente Tambor para músicos profissionais e iniciantes. Este instrumento oferece som de qualidade superior com construção robusta e acabamento premium. Ideal para estúdios de gravação, apresentações ao vivo e aulas de música. Feito com materiais de alta qualidade, garante durabilidade e excelente resposta sonora. Certificado e testado antes do envio. Perfeito para quem busca qualidade e confiabilidade.Recomendado por especialistas da área.  Excelente custo-benefício.  Inclui manual de instruções detalhado em português.  Fácil de usar e manter.  Produto original com nota fiscal e garantia de fábrica.  Suporte técnico disponível 24/7. ",2666.31,79,4.8,125,"[{""texto"": ""Compatibilidade perfeita com meus equipamentos."", ""rating"": 5, ""data"": ""2026-04-03""}, {""texto"": ""Embalagem profissional, produto impecável."", ""rating"": 5, ""data"": ""2026-05-08""}, {""texto"": ""Investimento que vale a pena. Produto de alta qualidade."", ""rating"": 4, ""data"": ""2026-09-16""}, {""texto"": ""Profissional, durável e confiável. Muito bom!"", ""rating"": 4, ""data"": ""2026-04-18""}, {""texto"": ""Qualidade premium, recomendo para todos os músicos."", ""rating"": 4, ""data"": ""2026-08-31""}]","garantia,som-profissional,profissional","{""Material"": ""Spruce"", ""Peso"": ""7 kg"", ""Cor"": ""Sunburst"", ""Garantia"": ""1 anos""}",Nunes,BUF-INST-0062,ativo,2026-09-20
63,Ibanez Ukulele,Instrumentos,Ibanez,"Um excelente Ukulele para músicos profissionais e iniciantes. Este instrumento oferece som de qualidade superior com construção robusta e acabamento premium. Ideal para estúdios de gravação, apresentações ao vivo e aulas de música. Feito com materiais de alta qualidade, garante durabilidade e excelente resposta sonora. Certificado e testado antes do envio. Perfeito para quem busca qualidade e confiabilidade.Oferece compatibilidade com múltiplos sistemas operacionais.  Testado rigorosamente antes do envio.  Recomendado por especialistas da área.  Suporte técnico disponível 24/7. ",440.19,25,4.6,187,"[{""texto"": ""Investimento que vale a pena. Produto de alta qualidade."", ""rating"": 5, ""data"": ""2026-05-02""}, {""texto"": ""Ideal para profissionais e iniciantes. Muito versátil."", ""rating"": 5, ""data"": ""2026-03-30""}]","iniciante,construção-robusta,concert","{""Material"": ""Spruce"", ""Peso"": ""9 kg"", ""Cor"": ""Preto"", ""Garantia"": ""1 anos""}",Peixoto Souza S.A.,IBA-INST-0063,ativo,2025-10-05
64,Selmer Piano Digital,Instrumentos,Selmer,"Um excelente Piano Digital para músicos profissionais e iniciantes. Este instrumento oferece som de qualidade superior com construção robusta e acabamento premium. Ideal para estúdios de gravação, apresentações ao vivo e aulas de música. Feito com materiais de alta qualidade, garante durabilidade e excelente resposta sonora. Certificado e testado antes do envio. Perfeito para quem busca qualidade e confiabilidade.Suporte técnico disponível 24/7.  Oferece compatibilidade com múltiplos sistemas operacionais.  Produto original com nota fiscal e garantia de fábrica.  Testado rigorosamente antes do envio. ",2917.73,43,4.4,107,"[{""texto"": ""Embalagem profissional, produto impecável."", ""rating"": 4, ""data"": ""2026-07-04""}, {""texto"": ""Atendimento excelente e produto de primeira qualidade."", ""rating"": 5, ""data"": ""2026-07-19""}, {""texto"": ""Produto confiável para uso contínuo."", ""rating"": 4, ""data"": ""2026-06-06""}, {""texto"": ""Compatibilidade perfeita com meus equipamentos."", ""rating"": 5, ""data"": ""2026-05-14""}]","portátil,alta-qualidade,iniciante,estúdio,som-profissional,construção-robusta","{""Material"": ""Latão"", ""Peso"": ""10 kg"", ""Cor"": ""Preto"", ""Garantia"": ""5 anos""}",Nunes,SEL-INST-0064,ativo,2026-04-18
65,Pearl Bumbo,Instrumentos,Pearl,"Um excelente Bumbo para músicos profissionais e iniciantes. Este instrumento oferece som de qualidade superior com construção robusta e acabamento premium. Ideal para estúdios de gravação, apresentações ao vivo e aulas de música. Feito com materiais de alta qualidade, garante durabilidade e excelente resposta sonora. Certificado e testado antes do envio. Perfeito para quem busca qualidade e confiabilidade.Suporte técnico disponível 24/7.  Recomendado por especialistas da área.  Produto original com nota fiscal e garantia de fábrica.  Inclui manual de instruções detalhado em português.  Desempenho consistente e confiável. ",1707.84,70,4.0,82,"[{""texto"": ""Compatibilidade perfeita com meus equipamentos."", ""rating"": 4, ""data"": ""2026-04-20""}, {""texto"": ""Profissional, durável e confiável. Muito bom!"", ""rating"": 4, ""data"": ""2026-07-17""}, {""texto"": ""Ideal para profissionais e iniciantes. Muito versátil."", ""rating"": 4, ""data"": ""2026-08-10""}, {""texto"": ""Construção sólida, som cristalino e resposta rápida."", ""rating"": 4, ""data"": ""2026-05-23""}]","alta-qualidade,som-profissional,garantia,concert,acabamento-premium,iniciante","{""Material"": ""Mogno"", ""Peso"": ""5 kg"", ""Cor"": ""Branco"", ""Garantia"": ""4 anos""}",Cirino,PEA-INST-0065,inativo,2026-03-24
66,Casio Ukulele,Instrumentos,Casio,"Um excelente Ukulele para músicos profissionais e iniciantes. Este instrumento oferece som de qualidade superior com construção robusta e acabamento premium. Ideal para estúdios de gravação, apresentações ao vivo e aulas de música. Feito com materiais de alta qualidade, garante durabilidade e excelente resposta sonora. Certificado e testado antes do envio. Perfeito para quem busca qualidade e confiabilidade.Desempenho consistente e confiável.  Recomendado por especialistas da área.  Oferece compatibilidade com múltiplos sistemas operacionais.  Excelente custo-benefício.  Inclui manual de instruções detalhado em português.  Fácil de usar e manter. ",4728.56,65,4.0,124,"[{""texto"": ""Construção sólida, som cristalino e resposta rápida."", ""rating"": 4, ""data"": ""2026-08-29""}, {""texto"": ""Embalagem profissional, produto impecável."", ""rating"": 4, ""data"": ""2026-06-29""}, {""texto"": ""Qualidade premium, recomendo para todos os músicos."", ""rating"": 5, ""data"": ""2026-04-15""}, {""texto"": ""Qualidade premium, recomendo para todos os músicos."", ""rating"": 5, ""data"": ""2026-06-24""}, {""texto"": ""Qualidade premium, recomendo para todos os músicos."", ""rating"": 4, ""data"": ""2026-06-11""}]","iniciante,alta-qualidade,acabamento-premium","{""Material"": ""Aço"", ""Peso"": ""7 kg"", ""Cor"": ""Azul"", ""Garantia"": ""1 anos""}",Duarte,CAS-INST-0066,ativo,2026-07-29
67,Yamaha Viola de Arco,Instrumentos,Yamaha,"Um excelente Viola de Arco para músicos profissionais e iniciantes. Este instrumento oferece som de qualidade superior com construção robusta e acabamento premium. Ideal para estúdios de gravação, apresentações ao vivo e aulas de música. Feito com materiais de alta qualidade, garante durabilidade e excelente resposta sonora. Certificado e testado antes do envio. Perfeito para quem busca qualidade e confiabilidade.Fácil de usar e manter.  Suporte técnico disponível 24/7.  Produto original com nota fiscal e garantia de fábrica.  Oferece compatibilidade com múltiplos sistemas operacionais.  Inclui manual de instruções detalhado em português. ",1787.41,30,3.5,20,"[{""texto"": ""Profissional, durável e confiável. Muito bom!"", ""rating"": 5, ""data"": ""2026-06-09""}, {""texto"": ""Produto excelente, chegou rápido e bem embalado."", ""rating"": 5, ""data"": ""2026-07-03""}]","iniciante,construção-robusta,acabamento-premium,garantia","{""Material"": ""Madeira de Lei"", ""Peso"": ""7 kg"", ""Cor"": ""Vermelho"", ""Garantia"": ""3 anos""}",Cardoso Ltda.,YAM-INST-0067,ativo,2025-10-21
68,Yamaha Cavaquinho,Instrumentos,Yamaha,"Um excelente Cavaquinho para músicos profissionais e iniciantes. Este instrumento oferece som de qualidade superior com construção robusta e acabamento premium. Ideal para estúdios de gravação, apresentações ao vivo e aulas de música. Feito com materiais de alta qualidade, garante durabilidade e excelente resposta sonora. Certificado e testado antes do envio. Perfeito para quem busca qualidade e confiabilidade.Suporte técnico disponível 24/7.  Produto original com nota fiscal e garantia de fábrica.  Marca: Yamaha.  Desempenho consistente e confiável. ",455.04,58,4.1,76,"[{""texto"": ""Ideal para profissionais e iniciantes. Muito versátil."", ""rating"": 5, ""data"": ""2026-04-28""}, {""texto"": ""Compatibilidade perfeita com meus equipamentos."", ""rating"": 4, ""data"": ""2026-07-14""}, {""texto"": ""Produto excelente, chegou rápido e bem embalado."", ""rating"": 5, ""data"": ""2026-08-08""}, {""texto"": ""Produto excelente, chegou rápido e bem embalado."", ""rating"": 4, ""data"": ""2026-07-13""}, {""texto"": ""Produto confiável para uso contínuo."", ""rating"": 5, ""data"": ""2026-08-07""}]","concert,alta-qualidade,construção-robusta,portátil,profissional,estúdio","{""Material"": ""Spruce"", ""Peso"": ""4 kg"", ""Cor"": ""Sunburst"", ""Garantia"": ""3 anos""}",Moreira,YAM-INST-0068,ativo,2025-10-16
69,Thomann Flauta Transversal,Instrumentos,Thomann,"Um excelente Flauta Transversal para músicos profissionais e iniciantes. Este instrumento oferece som de qualidade superior com construção robusta e acabamento premium. Ideal para estúdios de gravação, apresentações ao vivo e aulas de música. Feito com materiais de alta qualidade, garante durabilidade e excelente resposta sonora. Certificado e testado antes do envio. Perfeito para quem busca qualidade e confiabilidade.Recomendado por especialistas da área.  Suporte técnico disponível 24/7.  Desempenho consistente e confiável.  Fácil de usar e manter.  Inclui manual de instruções detalhado em português. ",3485.94,43,4.1,116,"[{""texto"": ""Suporte técnico muito responsivo e atencioso."", ""rating"": 4, ""data"": ""2026-09-18""}, {""texto"": ""Atendimento excelente e produto de primeira qualidade."", ""rating"": 4, ""data"": ""2026-06-30""}, {""texto"": ""Compatibilidade perfeita com meus equipamentos."", ""rating"": 4, ""data"": ""2026-06-30""}]","garantia,som-profissional,concert,acabamento-premium,estúdio,profissional","{""Material"": ""Aço"", ""Peso"": ""8 kg"", ""Cor"": ""Branco"", ""Garantia"": ""4 anos""}",Teixeira,THO-INST-0069,ativo,2025-12-29
70,Boss Acordeão,Instrumentos,Boss,"Um excelente Acordeão para músicos profissionais e iniciantes. Este instrumento oferece som de qualidade superior com construção robusta e acabamento premium. Ideal para estúdios de gravação, apresentações ao vivo e aulas de música. Feito com materiais de alta qualidade, garante durabilidade e excelente resposta sonora. Certificado e testado antes do envio. Perfeito para quem busca qualidade e confiabilidade.Desempenho consistente e confiável.  Marca: Boss.  Produto original com nota fiscal e garantia de fábrica.  Inclui manual de instruções detalhado em português.  Excelente custo-benefício. ",759.25,18,3.7,183,"[{""texto"": ""Sonho realizado! Superou minhas expectativas."", ""rating"": 5, ""data"": ""2026-09-21""}, {""texto"": ""Produto excelente, chegou rápido e bem embalado."", ""rating"": 4, ""data"": ""2026-08-19""}, {""texto"": ""Excelente relação qualidade-preço."", ""rating"": 5, ""data"": ""2026-04-01""}, {""texto"": ""Produto excelente, chegou rápido e bem embalado."", ""rating"": 5, ""data"": ""2026-04-13""}, {""texto"": ""Construção sólida, som cristalino e resposta rápida."", ""rating"": 5, ""data"": ""2026-06-18""}]","construção-robusta,acabamento-premium,som-profissional,garantia,alta-qualidade,estúdio","{""Material"": ""Madeira de Lei"", ""Peso"": ""8 kg"", ""Cor"": ""Azul"", ""Garantia"": ""4 anos""}",Cavalcanti,BOS-INST-0070,ativo,2026-08-23
71,Boss Pandeiro,Instrumentos,Boss,"Um excelente Pandeiro para músicos profissionais e iniciantes. Este instrumento oferece som de qualidade superior com construção robusta e acabamento premium. Ideal para estúdios de gravação, apresentações ao vivo e aulas de música. Feito com materiais de alta qualidade, garante durabilidade e excelente resposta sonora. Certificado e testado antes do envio. Perfeito para quem busca qualidade e confiabilidade.Inclui manual de instruções detalhado em português.  Suporte técnico disponível 24/7.  Marca: Boss.  Desempenho consistente e confiável.  Testado rigorosamente antes do envio. ",580.99,10,3.8,155,"[{""texto"": ""Construção sólida, som cristalino e resposta rápida."", ""rating"": 4, ""data"": ""2026-05-27""}, {""texto"": ""Atendimento excelente e produto de primeira qualidade."", ""rating"": 4, ""data"": ""2026-09-17""}, {""texto"": ""Suporte técnico muito responsivo e atencioso."", ""rating"": 5, ""data"": ""2026-05-04""}]","profissional,construção-robusta,iniciante","{""Material"": ""Mogno"", ""Peso"": ""8 kg"", ""Cor"": ""Natural"", ""Garantia"": ""5 anos""}",Abreu e Filhos,BOS-INST-0071,ativo,2026-02-16
72,Marshall Bumbo,Instrumentos,Marshall,"Um excelente Bumbo para músicos profissionais e iniciantes. Este instrumento oferece som de qualidade superior com construção robusta e acabamento premium. Ideal para estúdios de gravação, apresentações ao vivo e aulas de música. Feito com materiais de alta qualidade, garante durabilidade e excelente resposta sonora. Certificado e testado antes do envio. Perfeito para quem busca qualidade e confiabilidade.Desempenho consistente e confiável.  Recomendado por especialistas da área.  Produto original com nota fiscal e garantia de fábrica.  Marca: Marshall. ",1634.8,94,4.0,66,"[{""texto"": ""Atendimento excelente e produto de primeira qualidade."", ""rating"": 4, ""data"": ""2026-05-28""}, {""texto"": ""Perfeito para estúdio e apresentações. Ótimo custo-benefício."", ""rating"": 4, ""data"": ""2026-06-28""}, {""texto"": ""Produto excelente, chegou rápido e bem embalado."", ""rating"": 4, ""data"": ""2026-08-15""}, {""texto"": ""Ideal para profissionais e iniciantes. Muito versátil."", ""rating"": 4, ""data"": ""2026-05-09""}, {""texto"": ""Produto confiável para uso contínuo."", ""rating"": 4, ""data"": ""2026-09-10""}]","som-profissional,construção-robusta,garantia,profissional,portátil,alta-qualidade","{""Material"": ""Mogno"", ""Peso"": ""5 kg"", ""Cor"": ""Preto"", ""Garantia"": ""2 anos""}",Cirino,MAR-INST-0072,inativo,2025-10-29
73,Roland Violão Clássico,Instrumentos,Roland,"Um excelente Violão Clássico para músicos profissionais e iniciantes. Este instrumento oferece som de qualidade superior com construção robusta e acabamento premium. Ideal para estúdios de gravação, apresentações ao vivo e aulas de música. Feito com materiais de alta qualidade, garante durabilidade e excelente resposta sonora. Certificado e testado antes do envio. Perfeito para quem busca qualidade e confiabilidade.Fácil de usar e manter.  Testado rigorosamente antes do envio.  Excelente custo-benefício.  Produto original com nota fiscal e garantia de fábrica.  Suporte técnico disponível 24/7. ",3768.44,17,4.7,92,"[{""texto"": ""Ideal para profissionais e iniciantes. Muito versátil."", ""rating"": 5, ""data"": ""2026-04-22""}, {""texto"": ""Construção sólida, som cristalino e resposta rápida."", ""rating"": 4, ""data"": ""2026-09-15""}, {""texto"": ""Qualidade premium, recomendo para todos os músicos."", ""rating"": 5, ""data"": ""2026-09-23""}, {""texto"": ""Excelente relação qualidade-preço."", ""rating"": 4, ""data"": ""2026-06-04""}, {""texto"": ""Excelente relação qualidade-preço."", ""rating"": 4, ""data"": ""2026-06-19""}]","portátil,alta-qualidade,profissional","{""Material"": ""Aço"", ""Peso"": ""5 kg"", ""Cor"": ""Preto"", ""Garantia"": ""4 anos""}",Rocha,ROL-INST-0073,ativo,2026-09-08
74,Thomann Piano Digital,Instrumentos,Thomann,"Um excelente Piano Digital para músicos profissionais e iniciantes. Este instrumento oferece som de qualidade superior com construção robusta e acabamento premium. Ideal para estúdios de gravação, apresentações ao vivo e aulas de música. Feito com materiais de alta qualidade, garante durabilidade e excelente resposta sonora. Certificado e testado antes do envio. Perfeito para quem busca qualidade e confiabilidade.Recomendado por especialistas da área.  Testado rigorosamente antes do envio.  Inclui manual de instruções detalhado em português.  Excelente custo-benefício.  Desempenho consistente e confiável.  Fácil de usar e manter. ",3514.6,91,4.4,195,"[{""texto"": ""Produto excelente, chegou rápido e bem embalado."", ""rating"": 5, ""data"": ""2026-04-23""}, {""texto"": ""Ideal para profissionais e iniciantes. Muito versátil."", ""rating"": 5, ""data"": ""2026-04-24""}]","profissional,concert,som-profissional,portátil","{""Material"": ""Latão"", ""Peso"": ""6 kg"", ""Cor"": ""Natural"", ""Garantia"": ""2 anos""}",Mendes,THO-INST-0074,ativo,2026-01-02
75,Thomann Cavaquinho,Instrumentos,Thomann,"Um excelente Cavaquinho para músicos profissionais e iniciantes. Este instrumento oferece som de qualidade superior com construção robusta e acabamento premium. Ideal para estúdios de gravação, apresentações ao vivo e aulas de música. Feito com materiais de alta qualidade, garante durabilidade e excelente resposta sonora. Certificado e testado antes do envio. Perfeito para quem busca qualidade e confiabilidade.Produto original com nota fiscal e garantia de fábrica.  Recomendado por especialistas da área.  Excelente custo-benefício.  Oferece compatibilidade com múltiplos sistemas operacionais.  Inclui manual de instruções detalhado em português.  Suporte técnico disponível 24/7. ",2800.71,11,3.9,87,"[{""texto"": ""Construção sólida, som cristalino e resposta rápida."", ""rating"": 4, ""data"": ""2026-04-17""}, {""texto"": ""Recomendo fortemente. Melhor compra do ano!"", ""rating"": 4, ""data"": ""2026-06-27""}, {""texto"": ""Profissional, durável e confiável. Muito bom!"", ""rating"": 5, ""data"": ""2026-09-16""}, {""texto"": ""Recomendo fortemente. Melhor compra do ano!"", ""rating"": 5, ""data"": ""2026-06-23""}, {""texto"": ""Profissional, durável e confiável. Muito bom!"", ""rating"": 5, ""data"": ""2026-09-23""}]","concert,profissional,iniciante,construção-robusta","{""Material"": ""Spruce"", ""Peso"": ""8 kg"", ""Cor"": ""Branco"", ""Garantia"": ""2 anos""}",Farias,THO-INST-0075,ativo,2025-10-25
76,Ludwig Viola de Arco,Instrumentos,Ludwig,"Um excelente Viola de Arco para músicos profissionais e iniciantes. Este instrumento oferece som de qualidade superior com construção robusta e acabamento premium. Ideal para estúdios de gravação, apresentações ao vivo e aulas de música. Feito com materiais de alta qualidade, garante durabilidade e excelente resposta sonora. Certificado e testado antes do envio. Perfeito para quem busca qualidade e confiabilidade.Excelente custo-benefício.  Recomendado por especialistas da área.  Desempenho consistente e confiável.  Fácil de usar e manter.  Produto original com nota fiscal e garantia de fábrica.  Suporte técnico disponível 24/7. ",3315.8,92,3.9,97,"[{""texto"": ""Qualidade premium, recomendo para todos os músicos."", ""rating"": 4, ""data"": ""2026-09-03""}, {""texto"": ""Ideal para profissionais e iniciantes. Muito versátil."", ""rating"": 5, ""data"": ""2026-03-30""}, {""texto"": ""Profissional, durável e confiável. Muito bom!"", ""rating"": 4, ""data"": ""2026-07-30""}]","portátil,som-profissional,acabamento-premium,construção-robusta","{""Material"": ""Mogno"", ""Peso"": ""8 kg"", ""Cor"": ""Sunburst"", ""Garantia"": ""2 anos""}",Costa e Filhos,LUD-INST-0076,ativo,2025-09-29
77,Boss Agogô,Instrumentos,Boss,"Um excelente Agogô para músicos profissionais e iniciantes. Este instrumento oferece som de qualidade superior com construção robusta e acabamento premium. Ideal para estúdios de gravação, apresentações ao vivo e aulas de música. Feito com materiais de alta qualidade, garante durabilidade e excelente resposta sonora. Certificado e testado antes do envio. Perfeito para quem busca qualidade e confiabilidade.Marca: Boss.  Fácil de usar e manter.  Suporte técnico disponível 24/7.  Desempenho consistente e confiável.  Inclui manual de instruções detalhado em português.  Excelente custo-benefício. ",2710.69,15,4.0,147,"[{""texto"": ""Sonho realizado! Superou minhas expectativas."", ""rating"": 4, ""data"": ""2026-04-29""}, {""texto"": ""Atendimento excelente e produto de primeira qualidade."", ""rating"": 4, ""data"": ""2026-07-31""}, {""texto"": ""Investimento que vale a pena. Produto de alta qualidade."", ""rating"": 4, ""data"": ""2026-08-17""}]","portátil,construção-robusta,iniciante,garantia","{""Material"": ""Níquel"", ""Peso"": ""4 kg"", ""Cor"": ""Natural"", ""Garantia"": ""5 anos""}",da Rosa e Filhos,BOS-INST-0077,ativo,2026-08-01
78,Thomann Baixo Elétrico,Instrumentos,Thomann,"Um excelente Baixo Elétrico para músicos profissionais e iniciantes. Este instrumento oferece som de qualidade superior com construção robusta e acabamento premium. Ideal para estúdios de gravação, apresentações ao vivo e aulas de música. Feito com materiais de alta qualidade, garante durabilidade e excelente resposta sonora. Certificado e testado antes do envio. Perfeito para quem busca qualidade e confiabilidade.Inclui manual de instruções detalhado em português.  Fácil de usar e manter.  Oferece compatibilidade com múltiplos sistemas operacionais.  Produto original com nota fiscal e garantia de fábrica.  Suporte técnico disponível 24/7.  Testado rigorosamente antes do envio. ",1251.07,53,4.1,23,"[{""texto"": ""Compatibilidade perfeita com meus equipamentos."", ""rating"": 5, ""data"": ""2026-07-04""}, {""texto"": ""Produto confiável para uso contínuo."", ""rating"": 5, ""data"": ""2026-04-16""}]","iniciante,estúdio,garantia,alta-qualidade,som-profissional,portátil","{""Material"": ""Aço"", ""Peso"": ""1 kg"", ""Cor"": ""Azul"", ""Garantia"": ""3 anos""}",Siqueira,THO-INST-0078,ativo,2025-10-01
79,Korg Surdo,Instrumentos,Korg,"Um excelente Surdo para músicos profissionais e iniciantes. Este instrumento oferece som de qualidade superior com construção robusta e acabamento premium. Ideal para estúdios de gravação, apresentações ao vivo e aulas de música. Feito com materiais de alta qualidade, garante durabilidade e excelente resposta sonora. Certificado e testado antes do envio. Perfeito para quem busca qualidade e confiabilidade.Marca: Korg.  Inclui manual de instruções detalhado em português.  Desempenho consistente e confiável.  Produto original com nota fiscal e garantia de fábrica.  Testado rigorosamente antes do envio. ",1966.56,72,4.5,125,"[{""texto"": ""Perfeito para estúdio e apresentações. Ótimo custo-benefício."", ""rating"": 4, ""data"": ""2026-08-02""}, {""texto"": ""Atendimento excelente e produto de primeira qualidade."", ""rating"": 5, ""data"": ""2026-07-18""}, {""texto"": ""Suporte técnico muito responsivo e atencioso."", ""rating"": 5, ""data"": ""2026-05-22""}, {""texto"": ""Sonho realizado! Superou minhas expectativas."", ""rating"": 5, ""data"": ""2026-08-19""}]","construção-robusta,concert,garantia,acabamento-premium","{""Material"": ""Latão"", ""Peso"": ""7 kg"", ""Cor"": ""Azul"", ""Garantia"": ""3 anos""}",Oliveira Pires Ltda.,KOR-INST-0079,ativo,2026-02-14
80,Selmer Pratos,Instrumentos,Selmer,"Um excelente Pratos para músicos profissionais e iniciantes. Este instrumento oferece som de qualidade superior com construção robusta e acabamento premium. Ideal para estúdios de gravação, apresentações ao vivo e aulas de música. Feito com materiais de alta qualidade, garante durabilidade e excelente resposta sonora. Certificado e testado antes do envio. Perfeito para quem busca qualidade e confiabilidade.Fácil de usar e manter.  Desempenho consistente e confiável.  Marca: Selmer.  Excelente custo-benefício.  Inclui manual de instruções detalhado em português. ",4990.7,35,4.4,173,"[{""texto"": ""Sonho realizado! Superou minhas expectativas."", ""rating"": 5, ""data"": ""2026-04-12""}, {""texto"": ""Sonho realizado! Superou minhas expectativas."", ""rating"": 4, ""data"": ""2026-05-12""}]","construção-robusta,estúdio,portátil","{""Material"": ""Níquel"", ""Peso"": ""4 kg"", ""Cor"": ""Preto"", ""Garantia"": ""5 anos""}",Farias,SEL-INST-0080,ativo,2026-07-10
81,Roland Pandeiro,Instrumentos,Roland,"Um excelente Pandeiro para músicos profissionais e iniciantes. Este instrumento oferece som de qualidade superior com construção robusta e acabamento premium. Ideal para estúdios de gravação, apresentações ao vivo e aulas de música. Feito com materiais de alta qualidade, garante durabilidade e excelente resposta sonora. Certificado e testado antes do envio. Perfeito para quem busca qualidade e confiabilidade.Marca: Roland.  Excelente custo-benefício.  Produto original com nota fiscal e garantia de fábrica.  Oferece compatibilidade com múltiplos sistemas operacionais.  Desempenho consistente e confiável.  Fácil de usar e manter. ",1798.07,16,4.3,85,"[{""texto"": ""Ideal para profissionais e iniciantes. Muito versátil."", ""rating"": 4, ""data"": ""2026-05-29""}, {""texto"": ""Embalagem profissional, produto impecável."", ""rating"": 4, ""data"": ""2026-04-10""}, {""texto"": ""Embalagem profissional, produto impecável."", ""rating"": 5, ""data"": ""2026-09-22""}]","construção-robusta,profissional,estúdio","{""Material"": ""Mogno"", ""Peso"": ""7 kg"", ""Cor"": ""Sunburst"", ""Garantia"": ""1 anos""}",Monteiro S.A.,ROL-INST-0081,ativo,2026-08-24
82,Marshall Acordeão,Instrumentos,Marshall,"Um excelente Acordeão para músicos profissionais e iniciantes. Este instrumento oferece som de qualidade superior com construção robusta e acabamento premium. Ideal para estúdios de gravação, apresentações ao vivo e aulas de música. Feito com materiais de alta qualidade, garante durabilidade e excelente resposta sonora. Certificado e testado antes do envio. Perfeito para quem busca qualidade e confiabilidade.Inclui manual de instruções detalhado em português.  Recomendado por especialistas da área.  Excelente custo-benefício.  Produto original com nota fiscal e garantia de fábrica.  Testado rigorosamente antes do envio.  Desempenho consistente e confiável. ",967.66,60,3.8,45,"[{""texto"": ""Construção sólida, som cristalino e resposta rápida."", ""rating"": 5, ""data"": ""2026-04-01""}, {""texto"": ""Qualidade premium, recomendo para todos os músicos."", ""rating"": 5, ""data"": ""2026-05-09""}, {""texto"": ""Sonho realizado! Superou minhas expectativas."", ""rating"": 4, ""data"": ""2026-08-21""}]","iniciante,garantia,profissional,som-profissional","{""Material"": ""Spruce"", ""Peso"": ""9 kg"", ""Cor"": ""Preto"", ""Garantia"": ""3 anos""}",Fogaça Pinto S.A.,MAR-INST-0082,ativo,2026-04-28
83,Pearl Violino,Instrumentos,Pearl,"Um excelente Violino para músicos profissionais e iniciantes. Este instrumento oferece som de qualidade superior com construção robusta e acabamento premium. Ideal para estúdios de gravação, apresentações ao vivo e aulas de música. Feito com materiais de alta qualidade, garante durabilidade e excelente resposta sonora. Certificado e testado antes do envio. Perfeito para quem busca qualidade e confiabilidade.Testado rigorosamente antes do envio.  Desempenho consistente e confiável.  Oferece compatibilidade com múltiplos sistemas operacionais.  Fácil de usar e manter. ",499.65,9,4.4,106,"[{""texto"": ""Produto confiável para uso contínuo."", ""rating"": 5, ""data"": ""2026-04-16""}, {""texto"": ""Suporte técnico muito responsivo e atencioso."", ""rating"": 4, ""data"": ""2026-09-17""}]","estúdio,concert,iniciante,acabamento-premium,alta-qualidade","{""Material"": ""Latão"", ""Peso"": ""3 kg"", ""Cor"": ""Vermelho"", ""Garantia"": ""4 anos""}",Montenegro,PEA-INST-0083,ativo,2026-08-17
84,Behringer Bateria Eletrônica,Instrumentos,Behringer,"Um excelente Bateria Eletrônica para músicos profissionais e iniciantes. Este instrumento oferece som de qualidade superior com construção robusta e acabamento premium. Ideal para estúdios de gravação, apresentações ao vivo e aulas de música. Feito com materiais de alta qualidade, garante durabilidade e excelente resposta sonora. Certificado e testado antes do envio. Perfeito para quem busca qualidade e confiabilidade.Produto original com nota fiscal e garantia de fábrica.  Oferece compatibilidade com múltiplos sistemas operacionais.  Excelente custo-benefício.  Desempenho consistente e confiável. ",562.33,33,3.5,177,"[{""texto"": ""Atendimento excelente e produto de primeira qualidade."", ""rating"": 4, ""data"": ""2026-06-11""}, {""texto"": ""Qualidade premium, recomendo para todos os músicos."", ""rating"": 5, ""data"": ""2026-07-28""}]","portátil,iniciante,alta-qualidade,som-profissional","{""Material"": ""Aço"", ""Peso"": ""8 kg"", ""Cor"": ""Vermelho"", ""Garantia"": ""5 anos""}",da Conceição,BEH-INST-0084,ativo,2026-07-06
85,Marshall Baixo Elétrico,Instrumentos,Marshall,"Um excelente Baixo Elétrico para músicos profissionais e iniciantes. Este instrumento oferece som de qualidade superior com construção robusta e acabamento premium. Ideal para estúdios de gravação, apresentações ao vivo e aulas de música. Feito com materiais de alta qualidade, garante durabilidade e excelente resposta sonora. Certificado e testado antes do envio. Perfeito para quem busca qualidade e confiabilidade.Inclui manual de instruções detalhado em português.  Testado rigorosamente antes do envio.  Excelente custo-benefício.  Oferece compatibilidade com múltiplos sistemas operacionais.  Suporte técnico disponível 24/7.  Recomendado por especialistas da área. ",1428.87,48,4.4,126,"[{""texto"": ""Atendimento excelente e produto de primeira qualidade."", ""rating"": 4, ""data"": ""2026-05-02""}, {""texto"": ""Qualidade premium, recomendo para todos os músicos."", ""rating"": 5, ""data"": ""2026-06-28""}, {""texto"": ""Ideal para profissionais e iniciantes. Muito versátil."", ""rating"": 5, ""data"": ""2026-08-31""}]","garantia,concert,iniciante,portátil,profissional,som-profissional","{""Material"": ""Aço"", ""Peso"": ""1 kg"", ""Cor"": ""Natural"", ""Garantia"": ""5 anos""}",Lima - ME,MAR-INST-0085,ativo,2026-05-21
86,Sabian Saxofone Tenor,Instrumentos,Sabian,"Um excelente Saxofone Tenor para músicos profissionais e iniciantes. Este instrumento oferece som de qualidade superior com construção robusta e acabamento premium. Ideal para estúdios de gravação, apresentações ao vivo e aulas de música. Feito com materiais de alta qualidade, garante durabilidade e excelente resposta sonora. Certificado e testado antes do envio. Perfeito para quem busca qualidade e confiabilidade.Oferece compatibilidade com múltiplos sistemas operacionais.  Marca: Sabian.  Suporte técnico disponível 24/7.  Fácil de usar e manter. ",2596.22,26,4.8,34,"[{""texto"": ""Investimento que vale a pena. Produto de alta qualidade."", ""rating"": 5, ""data"": ""2026-06-08""}, {""texto"": ""Profissional, durável e confiável. Muito bom!"", ""rating"": 5, ""data"": ""2026-06-14""}]","iniciante,acabamento-premium,portátil,garantia,construção-robusta","{""Material"": ""Latão"", ""Peso"": ""8 kg"", ""Cor"": ""Branco"", ""Garantia"": ""1 anos""}",Mendes Freitas e Filhos,SAB-INST-0086,inativo,2026-09-07
87,Fender Kalimba,Instrumentos,Fender,"Um excelente Kalimba para músicos profissionais e iniciantes. Este instrumento oferece som de qualidade superior com construção robusta e acabamento premium. Ideal para estúdios de gravação, apresentações ao vivo e aulas de música. Feito com materiais de alta qualidade, garante durabilidade e excelente resposta sonora. Certificado e testado antes do envio. Perfeito para quem busca qualidade e confiabilidade.Testado rigorosamente antes do envio.  Recomendado por especialistas da área.  Marca: Fender.  Excelente custo-benefício. ",1702.0,59,4.8,55,"[{""texto"": ""Suporte técnico muito responsivo e atencioso."", ""rating"": 5, ""data"": ""2026-08-26""}, {""texto"": ""Ideal para profissionais e iniciantes. Muito versátil."", ""rating"": 4, ""data"": ""2026-05-11""}, {""texto"": ""Profissional, durável e confiável. Muito bom!"", ""rating"": 4, ""data"": ""2026-05-08""}]","iniciante,garantia,acabamento-premium,som-profissional","{""Material"": ""Mogno"", ""Peso"": ""4 kg"", ""Cor"": ""Vermelho"", ""Garantia"": ""4 anos""}",Leão,FEN-INST-0087,ativo,2026-08-28
88,Ludwig Piano Digital,Instrumentos,Ludwig,"Um excelente Piano Digital para músicos profissionais e iniciantes. Este instrumento oferece som de qualidade superior com construção robusta e acabamento premium. Ideal para estúdios de gravação, apresentações ao vivo e aulas de música. Feito com materiais de alta qualidade, garante durabilidade e excelente resposta sonora. Certificado e testado antes do envio. Perfeito para quem busca qualidade e confiabilidade.Fácil de usar e manter.  Suporte técnico disponível 24/7.  Desempenho consistente e confiável.  Inclui manual de instruções detalhado em português. ",3522.61,60,3.5,154,"[{""texto"": ""Compatibilidade perfeita com meus equipamentos."", ""rating"": 5, ""data"": ""2026-06-22""}, {""texto"": ""Investimento que vale a pena. Produto de alta qualidade."", ""rating"": 5, ""data"": ""2026-08-12""}]","acabamento-premium,concert,construção-robusta,profissional,portátil","{""Material"": ""Mogno"", ""Peso"": ""5 kg"", ""Cor"": ""Azul"", ""Garantia"": ""5 anos""}",Cavalcanti - EI,LUD-INST-0088,ativo,2025-12-12
89,Fender Caxixi,Instrumentos,Fender,"Um excelente Caxixi para músicos profissionais e iniciantes. Este instrumento oferece som de qualidade superior com construção robusta e acabamento premium. Ideal para estúdios de gravação, apresentações ao vivo e aulas de música. Feito com materiais de alta qualidade, garante durabilidade e excelente resposta sonora. Certificado e testado antes do envio. Perfeito para quem busca qualidade e confiabilidade.Produto original com nota fiscal e garantia de fábrica.  Fácil de usar e manter.  Desempenho consistente e confiável.  Inclui manual de instruções detalhado em português. ",4852.19,56,4.8,61,"[{""texto"": ""Compatibilidade perfeita com meus equipamentos."", ""rating"": 4, ""data"": ""2026-06-03""}, {""texto"": ""Qualidade premium, recomendo para todos os músicos."", ""rating"": 5, ""data"": ""2026-04-20""}, {""texto"": ""Produto confiável para uso contínuo."", ""rating"": 4, ""data"": ""2026-05-26""}, {""texto"": ""Construção sólida, som cristalino e resposta rápida."", ""rating"": 5, ""data"": ""2026-05-07""}]","concert,profissional,som-profissional,estúdio","{""Material"": ""Madeira de Lei"", ""Peso"": ""7 kg"", ""Cor"": ""Branco"", ""Garantia"": ""4 anos""}",Fernandes,FEN-INST-0089,ativo,2025-11-11
90,Thomann Teclado Sintetizador,Instrumentos,Thomann,"Um excelente Teclado Sintetizador para músicos profissionais e iniciantes. Este instrumento oferece som de qualidade superior com construção robusta e acabamento premium. Ideal para estúdios de gravação, apresentações ao vivo e aulas de música. Feito com materiais de alta qualidade, garante durabilidade e excelente resposta sonora. Certificado e testado antes do envio. Perfeito para quem busca qualidade e confiabilidade.Oferece compatibilidade com múltiplos sistemas operacionais.  Suporte técnico disponível 24/7.  Desempenho consistente e confiável.  Excelente custo-benefício. ",4357.77,0,3.6,138,"[{""texto"": ""Qualidade premium, recomendo para todos os músicos."", ""rating"": 4, ""data"": ""2026-05-19""}, {""texto"": ""Atendimento excelente e produto de primeira qualidade."", ""rating"": 5, ""data"": ""2026-05-06""}]","alta-qualidade,acabamento-premium,iniciante,garantia,portátil,profissional","{""Material"": ""Mogno"", ""Peso"": ""8 kg"", ""Cor"": ""Preto"", ""Garantia"": ""5 anos""}",Rodrigues,THO-INST-0090,ativo,2025-10-09
91,Thomann Viola de Arco,Instrumentos,Thomann,"Um excelente Viola de Arco para músicos profissionais e iniciantes. Este instrumento oferece som de qualidade superior com construção robusta e acabamento premium. Ideal para estúdios de gravação, apresentações ao vivo e aulas de música. Feito com materiais de alta qualidade, garante durabilidade e excelente resposta sonora. Certificado e testado antes do envio. Perfeito para quem busca qualidade e confiabilidade.Testado rigorosamente antes do envio.  Oferece compatibilidade com múltiplos sistemas operacionais.  Produto original com nota fiscal e garantia de fábrica.  Excelente custo-benefício.  Desempenho consistente e confiável. ",3312.58,33,3.8,71,"[{""texto"": ""Qualidade premium, recomendo para todos os músicos."", ""rating"": 5, ""data"": ""2026-05-12""}, {""texto"": ""Investimento que vale a pena. Produto de alta qualidade."", ""rating"": 4, ""data"": ""2026-08-23""}, {""texto"": ""Embalagem profissional, produto impecável."", ""rating"": 4, ""data"": ""2026-06-07""}, {""texto"": ""Investimento que vale a pena. Produto de alta qualidade."", ""rating"": 4, ""data"": ""2026-08-24""}, {""texto"": ""Atendimento excelente e produto de primeira qualidade."", ""rating"": 5, ""data"": ""2026-06-12""}]","estúdio,concert,som-profissional,alta-qualidade,construção-robusta,profissional","{""Material"": ""Latão"", ""Peso"": ""9 kg"", ""Cor"": ""Preto"", ""Garantia"": ""1 anos""}",Sampaio,THO-INST-0091,inativo,2026-01-18
92,Roland Flauta Transversal,Instrumentos,Roland,"Um excelente Flauta Transversal para músicos profissionais e iniciantes. Este instrumento oferece som de qualidade superior com construção robusta e acabamento premium. Ideal para estúdios de gravação, apresentações ao vivo e aulas de música. Feito com materiais de alta qualidade, garante durabilidade e excelente resposta sonora. Certificado e testado antes do envio. Perfeito para quem busca qualidade e confiabilidade.Recomendado por especialistas da área.  Suporte técnico disponível 24/7.  Produto original com nota fiscal e garantia de fábrica.  Fácil de usar e manter.  Marca: Roland.  Excelente custo-benefício. ",4128.26,44,3.6,47,"[{""texto"": ""Atendimento excelente e produto de primeira qualidade."", ""rating"": 5, ""data"": ""2026-04-02""}, {""texto"": ""Qualidade premium, recomendo para todos os músicos."", ""rating"": 4, ""data"": ""2026-03-30""}, {""texto"": ""Produto confiável para uso contínuo."", ""rating"": 4, ""data"": ""2026-09-19""}, {""texto"": ""Compatibilidade perfeita com meus equipamentos."", ""rating"": 5, ""data"": ""2026-05-15""}, {""texto"": ""Recomendo fortemente. Melhor compra do ano!"", ""rating"": 5, ""data"": ""2026-08-05""}]","portátil,profissional,alta-qualidade,concert,construção-robusta","{""Material"": ""Aço"", ""Peso"": ""5 kg"", ""Cor"": ""Branco"", ""Garantia"": ""5 anos""}",Gonçalves,ROL-INST-0092,ativo,2025-10-30
93,Yamaha Agogô,Instrumentos,Yamaha,"Um excelente Agogô para músicos profissionais e iniciantes. Este instrumento oferece som de qualidade superior com construção robusta e acabamento premium. Ideal para estúdios de gravação, apresentações ao vivo e aulas de música. Feito com materiais de alta qualidade, garante durabilidade e excelente resposta sonora. Certificado e testado antes do envio. Perfeito para quem busca qualidade e confiabilidade.Inclui manual de instruções detalhado em português.  Fácil de usar e manter.  Desempenho consistente e confiável.  Excelente custo-benefício.  Suporte técnico disponível 24/7.  Recomendado por especialistas da área. ",3809.08,83,3.8,74,"[{""texto"": ""Recomendo fortemente. Melhor compra do ano!"", ""rating"": 5, ""data"": ""2026-07-09""}, {""texto"": ""Ideal para profissionais e iniciantes. Muito versátil."", ""rating"": 4, ""data"": ""2026-05-21""}, {""texto"": ""Construção sólida, som cristalino e resposta rápida."", ""rating"": 5, ""data"": ""2026-05-25""}]","iniciante,som-profissional,portátil","{""Material"": ""Níquel"", ""Peso"": ""4 kg"", ""Cor"": ""Azul"", ""Garantia"": ""2 anos""}",Aparecida,YAM-INST-0093,ativo,2025-10-03
94,Korg Theremin,Instrumentos,Korg,"Um excelente Theremin para músicos profissionais e iniciantes. Este instrumento oferece som de qualidade superior com construção robusta e acabamento premium. Ideal para estúdios de gravação, apresentações ao vivo e aulas de música. Feito com materiais de alta qualidade, garante durabilidade e excelente resposta sonora. Certificado e testado antes do envio. Perfeito para quem busca qualidade e confiabilidade.Fácil de usar e manter.  Testado rigorosamente antes do envio.  Produto original com nota fiscal e garantia de fábrica.  Marca: Korg.  Suporte técnico disponível 24/7. ",3869.39,65,3.7,120,"[{""texto"": ""Compatibilidade perfeita com meus equipamentos."", ""rating"": 5, ""data"": ""2026-06-06""}, {""texto"": ""Perfeito para estúdio e apresentações. Ótimo custo-benefício."", ""rating"": 4, ""data"": ""2026-06-16""}, {""texto"": ""Atendimento excelente e produto de primeira qualidade."", ""rating"": 5, ""data"": ""2026-08-07""}, {""texto"": ""Embalagem profissional, produto impecável."", ""rating"": 5, ""data"": ""2026-06-06""}, {""texto"": ""Ideal para profissionais e iniciantes. Muito versátil."", ""rating"": 4, ""data"": ""2026-07-30""}]","som-profissional,garantia,estúdio,iniciante","{""Material"": ""Aço"", ""Peso"": ""1 kg"", ""Cor"": ""Preto"", ""Garantia"": ""4 anos""}",da Conceição,KOR-INST-0094,ativo,2025-10-16
95,Ludwig Pandeiro,Instrumentos,Ludwig,"Um excelente Pandeiro para músicos profissionais e iniciantes. Este instrumento oferece som de qualidade superior com construção robusta e acabamento premium. Ideal para estúdios de gravação, apresentações ao vivo e aulas de música. Feito com materiais de alta qualidade, garante durabilidade e excelente resposta sonora. Certificado e testado antes do envio. Perfeito para quem busca qualidade e confiabilidade.Oferece compatibilidade com múltiplos sistemas operacionais.  Recomendado por especialistas da área.  Produto original com nota fiscal e garantia de fábrica.  Desempenho consistente e confiável. ",4530.29,36,3.7,142,"[{""texto"": ""Produto excelente, chegou rápido e bem embalado."", ""rating"": 4, ""data"": ""2026-07-03""}, {""texto"": ""Atendimento excelente e produto de primeira qualidade."", ""rating"": 4, ""data"": ""2026-05-14""}]","alta-qualidade,garantia,portátil,estúdio","{""Material"": ""Aço"", ""Peso"": ""8 kg"", ""Cor"": ""Sunburst"", ""Garantia"": ""4 anos""}",Barbosa,LUD-INST-0095,inativo,2026-06-04
96,Marshall Acordeão,Instrumentos,Marshall,"Um excelente Acordeão para músicos profissionais e iniciantes. Este instrumento oferece som de qualidade superior com construção robusta e acabamento premium. Ideal para estúdios de gravação, apresentações ao vivo e aulas de música. Feito com materiais de alta qualidade, garante durabilidade e excelente resposta sonora. Certificado e testado antes do envio. Perfeito para quem busca qualidade e confiabilidade.Recomendado por especialistas da área.  Marca: Marshall.  Desempenho consistente e confiável.  Oferece compatibilidade com múltiplos sistemas operacionais.  Testado rigorosamente antes do envio. ",3931.8,43,4.7,94,"[{""texto"": ""Sonho realizado! Superou minhas expectativas."", ""rating"": 5, ""data"": ""2026-07-18""}, {""texto"": ""Atendimento excelente e produto de primeira qualidade."", ""rating"": 5, ""data"": ""2026-08-27""}, {""texto"": ""Construção sólida, som cristalino e resposta rápida."", ""rating"": 5, ""data"": ""2026-07-26""}, {""texto"": ""Perfeito para estúdio e apresentações. Ótimo custo-benefício."", ""rating"": 4, ""data"": ""2026-05-16""}, {""texto"": ""Atendimento excelente e produto de primeira qualidade."", ""rating"": 4, ""data"": ""2026-03-29""}]","estúdio,acabamento-premium,garantia,construção-robusta","{""Material"": ""Madeira de Lei"", ""Peso"": ""3 kg"", ""Cor"": ""Branco"", ""Garantia"": ""2 anos""}",Rios S/A,MAR-INST-0096,inativo,2026-01-23
97,Zildjian Pandeiro,Instrumentos,Zildjian,"Um excelente Pandeiro para músicos profissionais e iniciantes. Este instrumento oferece som de qualidade superior com construção robusta e acabamento premium. Ideal para estúdios de gravação, apresentações ao vivo e aulas de música. Feito com materiais de alta qualidade, garante durabilidade e excelente resposta sonora. Certificado e testado antes do envio. Perfeito para quem busca qualidade e confiabilidade.Recomendado por especialistas da área.  Suporte técnico disponível 24/7.  Marca: Zildjian.  Inclui manual de instruções detalhado em português.  Excelente custo-benefício.  Produto original com nota fiscal e garantia de fábrica. ",2849.49,86,3.9,179,"[{""texto"": ""Embalagem profissional, produto impecável."", ""rating"": 4, ""data"": ""2026-08-02""}, {""texto"": ""Recomendo fortemente. Melhor compra do ano!"", ""rating"": 5, ""data"": ""2026-08-24""}]","concert,profissional,garantia,portátil","{""Material"": ""Spruce"", ""Peso"": ""9 kg"", ""Cor"": ""Sunburst"", ""Garantia"": ""3 anos""}",Nascimento,ZIL-INST-0097,inativo,2025-11-01
98,Fender Tambor,Instrumentos,Fender,"Um excelente Tambor para músicos profissionais e iniciantes. Este instrumento oferece som de qualidade superior com construção robusta e acabamento premium. Ideal para estúdios de gravação, apresentações ao vivo e aulas de música. Feito com materiais de alta qualidade, garante durabilidade e excelente resposta sonora. Certificado e testado antes do envio. Perfeito para quem busca qualidade e confiabilidade.Fácil de usar e manter.  Excelente custo-benefício.  Testado rigorosamente antes do envio.  Oferece compatibilidade com múltiplos sistemas operacionais.  Inclui manual de instruções detalhado em português.  Desempenho consistente e confiável. ",1826.62,88,3.8,158,"[{""texto"": ""Excelente relação qualidade-preço."", ""rating"": 5, ""data"": ""2026-04-24""}, {""texto"": ""Recomendo fortemente. Melhor compra do ano!"", ""rating"": 4, ""data"": ""2026-07-27""}]","alta-qualidade,construção-robusta,portátil","{""Material"": ""Latão"", ""Peso"": ""2 kg"", ""Cor"": ""Sunburst"", ""Garantia"": ""3 anos""}",Machado Pires S/A,FEN-INST-0098,ativo,2025-11-28
99,Boss Agogô,Instrumentos,Boss,"Um excelente Agogô para músicos profissionais e iniciantes. Este instrumento oferece som de qualidade superior com construção robusta e acabamento premium. Ideal para estúdios de gravação, apresentações ao vivo e aulas de música. Feito com materiais de alta qualidade, garante durabilidade e excelente resposta sonora. Certificado e testado antes do envio. Perfeito para quem busca qualidade e confiabilidade.Oferece compatibilidade com múltiplos sistemas operacionais.  Inclui manual de instruções detalhado em português.  Desempenho consistente e confiável.  Marca: Boss. ",3851.62,46,3.7,111,"[{""texto"": ""Investimento que vale a pena. Produto de alta qualidade."", ""rating"": 5, ""data"": ""2026-05-31""}, {""texto"": ""Produto excelente, chegou rápido e bem embalado."", ""rating"": 4, ""data"": ""2026-04-23""}]","garantia,acabamento-premium,iniciante","{""Material"": ""Níquel"", ""Peso"": ""8 kg"", ""Cor"": ""Sunburst"", ""Garantia"": ""1 anos""}",Cardoso S/A,BOS-INST-0099,ativo,2026-07-15
100,Selmer Violoncelo,Instrumentos,Selmer,"Um excelente Violoncelo para músicos profissionais e iniciantes. Este instrumento oferece som de qualidade superior com construção robusta e acabamento premium. Ideal para estúdios de gravação, apresentações ao vivo e aulas de música. Feito com materiais de alta qualidade, garante durabilidade e excelente resposta sonora. Certificado e testado antes do envio. Perfeito para quem busca qualidade e confiabilidade.Inclui manual de instruções detalhado em português.  Oferece compatibilidade com múltiplos sistemas operacionais.  Marca: Selmer.  Fácil de usar e manter.  Suporte técnico disponível 24/7. ",4164.88,51,4.7,39,"[{""texto"": ""Investimento que vale a pena. Produto de alta qualidade."", ""rating"": 4, ""data"": ""2026-06-26""}, {""texto"": ""Profissional, durável e confiável. Muito bom!"", ""rating"": 5, ""data"": ""2026-03-29""}, {""texto"": ""Sonho realizado! Superou minhas expectativas."", ""rating"": 4, ""data"": ""2026-05-08""}, {""texto"": ""Embalagem profissional, produto impecável."", ""rating"": 5, ""data"": ""2026-05-03""}, {""texto"": ""Perfeito para estúdio e apresentações. Ótimo custo-benefício."", ""rating"": 5, ""data"": ""2026-08-20""}]","som-profissional,construção-robusta,acabamento-premium","{""Material"": ""Latão"", ""Peso"": ""2 kg"", ""Cor"": ""Vermelho"", ""Garantia"": ""1 anos""}",Carvalho Porto - EI,SEL-INST-0100,ativo,2026-05-01
101,Tama Acordeão,Instrumentos,Tama,"Um excelente Acordeão para músicos profissionais e iniciantes. Este instrumento oferece som de qualidade superior com construção robusta e acabamento premium. Ideal para estúdios de gravação, apresentações ao vivo e aulas de música. Feito com materiais de alta qualidade, garante durabilidade e excelente resposta sonora. Certificado e testado antes do envio. Perfeito para quem busca qualidade e confiabilidade.Produto original com nota fiscal e garantia de fábrica.  Recomendado por especialistas da área.  Oferece compatibilidade com múltiplos sistemas operacionais.  Fácil de usar e manter.  Desempenho consistente e confiável. ",4663.09,100,4.9,126,"[{""texto"": ""Perfeito para estúdio e apresentações. Ótimo custo-benefício."", ""rating"": 4, ""data"": ""2026-04-16""}, {""texto"": ""Investimento que vale a pena. Produto de alta qualidade."", ""rating"": 5, ""data"": ""2026-04-15""}]","estúdio,concert,garantia,som-profissional,profissional","{""Material"": ""Mogno"", ""Peso"": ""4 kg"", ""Cor"": ""Natural"", ""Garantia"": ""5 anos""}",Viana Ltda.,TAM-INST-0101,ativo,2026-08-19
102,Behringer Teclado Sintetizador,Instrumentos,Behringer,"Um excelente Teclado Sintetizador para músicos profissionais e iniciantes. Este instrumento oferece som de qualidade superior com construção robusta e acabamento premium. Ideal para estúdios de gravação, apresentações ao vivo e aulas de música. Feito com materiais de alta qualidade, garante durabilidade e excelente resposta sonora. Certificado e testado antes do envio. Perfeito para quem busca qualidade e confiabilidade.Fácil de usar e manter.  Recomendado por especialistas da área.  Testado rigorosamente antes do envio.  Suporte técnico disponível 24/7.  Produto original com nota fiscal e garantia de fábrica.  Oferece compatibilidade com múltiplos sistemas operacionais. ",4714.5,60,3.9,64,"[{""texto"": ""Perfeito para estúdio e apresentações. Ótimo custo-benefício."", ""rating"": 4, ""data"": ""2026-08-03""}, {""texto"": ""Suporte técnico muito responsivo e atencioso."", ""rating"": 5, ""data"": ""2026-04-21""}, {""texto"": ""Produto confiável para uso contínuo."", ""rating"": 5, ""data"": ""2026-04-07""}, {""texto"": ""Recomendo fortemente. Melhor compra do ano!"", ""rating"": 5, ""data"": ""2026-09-01""}]","alta-qualidade,concert,construção-robusta,portátil,profissional,acabamento-premium","{""Material"": ""Latão"", ""Peso"": ""1 kg"", ""Cor"": ""Preto"", ""Garantia"": ""2 anos""}",Pimenta Souza e Filhos,BEH-INST-0102,ativo,2026-05-11
103,Korg Caxixi,Instrumentos,Korg,"Um excelente Caxixi para músicos profissionais e iniciantes. Este instrumento oferece som de qualidade superior com construção robusta e acabamento premium. Ideal para estúdios de gravação, apresentações ao vivo e aulas de música. Feito com materiais de alta qualidade, garante durabilidade e excelente resposta sonora. Certificado e testado antes do envio. Perfeito para quem busca qualidade e confiabilidade.Inclui manual de instruções detalhado em português.  Marca: Korg.  Recomendado por especialistas da área.  Oferece compatibilidade com múltiplos sistemas operacionais.  Produto original com nota fiscal e garantia de fábrica.  Desempenho consistente e confiável. ",1090.1,54,3.8,129,"[{""texto"": ""Sonho realizado! Superou minhas expectativas."", ""rating"": 4, ""data"": ""2026-06-02""}, {""texto"": ""Embalagem profissional, produto impecável."", ""rating"": 4, ""data"": ""2026-09-20""}, {""texto"": ""Profissional, durável e confiável. Muito bom!"", ""rating"": 5, ""data"": ""2026-06-04""}, {""texto"": ""Excelente relação qualidade-preço."", ""rating"": 4, ""data"": ""2026-09-17""}, {""texto"": ""Profissional, durável e confiável. Muito bom!"", ""rating"": 4, ""data"": ""2026-06-03""}]","construção-robusta,garantia,iniciante,alta-qualidade,acabamento-premium,estúdio","{""Material"": ""Latão"", ""Peso"": ""5 kg"", ""Cor"": ""Azul"", ""Garantia"": ""2 anos""}",da Conceição Andrade - ME,KOR-INST-0103,ativo,2026-03-16
104,Ibanez Piano Digital,Instrumentos,Ibanez,"Um excelente Piano Digital para músicos profissionais e iniciantes. Este instrumento oferece som de qualidade superior com construção robusta e acabamento premium. Ideal para estúdios de gravação, apresentações ao vivo e aulas de música. Feito com materiais de alta qualidade, garante durabilidade e excelente resposta sonora. Certificado e testado antes do envio. Perfeito para quem busca qualidade e confiabilidade.Testado rigorosamente antes do envio.  Inclui manual de instruções detalhado em português.  Suporte técnico disponível 24/7.  Excelente custo-benefício.  Produto original com nota fiscal e garantia de fábrica.  Fácil de usar e manter. ",1752.34,81,3.7,42,"[{""texto"": ""Produto excelente, chegou rápido e bem embalado."", ""rating"": 4, ""data"": ""2026-04-12""}, {""texto"": ""Construção sólida, som cristalino e resposta rápida."", ""rating"": 5, ""data"": ""2026-07-02""}, {""texto"": ""Sonho realizado! Superou minhas expectativas."", ""rating"": 4, ""data"": ""2026-07-11""}, {""texto"": ""Suporte técnico muito responsivo e atencioso."", ""rating"": 5, ""data"": ""2026-07-26""}, {""texto"": ""Qualidade premium, recomendo para todos os músicos."", ""rating"": 5, ""data"": ""2026-05-26""}]","concert,construção-robusta,acabamento-premium","{""Material"": ""Madeira de Lei"", ""Peso"": ""2 kg"", ""Cor"": ""Sunburst"", ""Garantia"": ""1 anos""}",Rocha Gomes - ME,IBA-INST-0104,ativo,2026-04-24
105,Roland Flauta Doce,Instrumentos,Roland,"Um excelente Flauta Doce para músicos profissionais e iniciantes. Este instrumento oferece som de qualidade superior com construção robusta e acabamento premium. Ideal para estúdios de gravação, apresentações ao vivo e aulas de música. Feito com materiais de alta qualidade, garante durabilidade e excelente resposta sonora. Certificado e testado antes do envio. Perfeito para quem busca qualidade e confiabilidade.Fácil de usar e manter.  Desempenho consistente e confiável.  Excelente custo-benefício.  Produto original com nota fiscal e garantia de fábrica.  Suporte técnico disponível 24/7. ",2785.71,78,4.5,129,"[{""texto"": ""Produto confiável para uso contínuo."", ""rating"": 4, ""data"": ""2026-07-09""}, {""texto"": ""Compatibilidade perfeita com meus equipamentos."", ""rating"": 5, ""data"": ""2026-04-23""}, {""texto"": ""Compatibilidade perfeita com meus equipamentos."", ""rating"": 4, ""data"": ""2026-05-14""}, {""texto"": ""Embalagem profissional, produto impecável."", ""rating"": 4, ""data"": ""2026-07-04""}]","garantia,alta-qualidade,iniciante","{""Material"": ""Latão"", ""Peso"": ""5 kg"", ""Cor"": ""Preto"", ""Garantia"": ""1 anos""}",Carvalho,ROL-INST-0105,inativo,2025-10-19
106,Ibanez Saxofone Tenor,Instrumentos,Ibanez,"Um excelente Saxofone Tenor para músicos profissionais e iniciantes. Este instrumento oferece som de qualidade superior com construção robusta e acabamento premium. Ideal para estúdios de gravação, apresentações ao vivo e aulas de música. Feito com materiais de alta qualidade, garante durabilidade e excelente resposta sonora. Certificado e testado antes do envio. Perfeito para quem busca qualidade e confiabilidade.Excelente custo-benefício.  Produto original com nota fiscal e garantia de fábrica.  Recomendado por especialistas da área.  Inclui manual de instruções detalhado em português.  Marca: Ibanez. ",525.37,27,4.8,118,"[{""texto"": ""Qualidade premium, recomendo para todos os músicos."", ""rating"": 4, ""data"": ""2026-09-08""}, {""texto"": ""Excelente relação qualidade-preço."", ""rating"": 4, ""data"": ""2026-04-14""}, {""texto"": ""Compatibilidade perfeita com meus equipamentos."", ""rating"": 5, ""data"": ""2026-08-24""}, {""texto"": ""Produto confiável para uso contínuo."", ""rating"": 4, ""data"": ""2026-08-02""}, {""texto"": ""Compatibilidade perfeita com meus equipamentos."", ""rating"": 5, ""data"": ""2026-08-08""}]","estúdio,construção-robusta,alta-qualidade,concert","{""Material"": ""Níquel"", ""Peso"": ""3 kg"", ""Cor"": ""Azul"", ""Garantia"": ""4 anos""}",Cardoso,IBA-INST-0106,ativo,2026-04-27
107,Pearl Pratos,Instrumentos,Pearl,"Um excelente Pratos para músicos profissionais e iniciantes. Este instrumento oferece som de qualidade superior com construção robusta e acabamento premium. Ideal para estúdios de gravação, apresentações ao vivo e aulas de música. Feito com materiais de alta qualidade, garante durabilidade e excelente resposta sonora. Certificado e testado antes do envio. Perfeito para quem busca qualidade e confiabilidade.Oferece compatibilidade com múltiplos sistemas operacionais.  Produto original com nota fiscal e garantia de fábrica.  Excelente custo-benefício.  Testado rigorosamente antes do envio.  Fácil de usar e manter.  Suporte técnico disponível 24/7. ",400.99,71,3.8,75,"[{""texto"": ""Excelente relação qualidade-preço."", ""rating"": 4, ""data"": ""2026-07-25""}, {""texto"": ""Sonho realizado! Superou minhas expectativas."", ""rating"": 4, ""data"": ""2026-03-30""}]","concert,iniciante,portátil,profissional,garantia","{""Material"": ""Mogno"", ""Peso"": ""3 kg"", ""Cor"": ""Vermelho"", ""Garantia"": ""1 anos""}",Câmara,PEA-INST-0107,ativo,2026-05-18
108,Casio Kalimba,Instrumentos,Casio,"Um excelente Kalimba para músicos profissionais e iniciantes. Este instrumento oferece som de qualidade superior com construção robusta e acabamento premium. Ideal para estúdios de gravação, apresentações ao vivo e aulas de música. Feito com materiais de alta qualidade, garante durabilidade e excelente resposta sonora. Certificado e testado antes do envio. Perfeito para quem busca qualidade e confiabilidade.Recomendado por especialistas da área.  Produto original com nota fiscal e garantia de fábrica.  Desempenho consistente e confiável.  Excelente custo-benefício. ",1596.07,34,4.6,100,"[{""texto"": ""Recomendo fortemente. Melhor compra do ano!"", ""rating"": 5, ""data"": ""2026-05-31""}, {""texto"": ""Recomendo fortemente. Melhor compra do ano!"", ""rating"": 5, ""data"": ""2026-05-14""}, {""texto"": ""Qualidade premium, recomendo para todos os músicos."", ""rating"": 5, ""data"": ""2026-05-17""}, {""texto"": ""Atendimento excelente e produto de primeira qualidade."", ""rating"": 5, ""data"": ""2026-05-29""}, {""texto"": ""Produto excelente, chegou rápido e bem embalado."", ""rating"": 5, ""data"": ""2026-06-25""}]","profissional,som-profissional,alta-qualidade","{""Material"": ""Latão"", ""Peso"": ""8 kg"", ""Cor"": ""Sunburst"", ""Garantia"": ""3 anos""}",da Cunha,CAS-INST-0108,ativo,2026-03-01
109,Yamaha Didgeridoo,Instrumentos,Yamaha,"Um excelente Didgeridoo para músicos profissionais e iniciantes. Este instrumento oferece som de qualidade superior com construção robusta e acabamento premium. Ideal para estúdios de gravação, apresentações ao vivo e aulas de música. Feito com materiais de alta qualidade, garante durabilidade e excelente resposta sonora. Certificado e testado antes do envio. Perfeito para quem busca qualidade e confiabilidade.Suporte técnico disponível 24/7.  Produto original com nota fiscal e garantia de fábrica.  Oferece compatibilidade com múltiplos sistemas operacionais.  Desempenho consistente e confiável.  Marca: Yamaha. ",3730.4,52,3.9,174,"[{""texto"": ""Produto confiável para uso contínuo."", ""rating"": 4, ""data"": ""2026-04-07""}, {""texto"": ""Suporte técnico muito responsivo e atencioso."", ""rating"": 5, ""data"": ""2026-05-16""}, {""texto"": ""Excelente relação qualidade-preço."", ""rating"": 4, ""data"": ""2026-07-28""}]","acabamento-premium,portátil,estúdio","{""Material"": ""Níquel"", ""Peso"": ""7 kg"", ""Cor"": ""Sunburst"", ""Garantia"": ""3 anos""}",Sampaio,YAM-INST-0109,inativo,2026-01-07
110,Casio Violão Clássico,Instrumentos,Casio,"Um excelente Violão Clássico para músicos profissionais e iniciantes. Este instrumento oferece som de qualidade superior com construção robusta e acabamento premium. Ideal para estúdios de gravação, apresentações ao vivo e aulas de música. Feito com materiais de alta qualidade, garante durabilidade e excelente resposta sonora. Certificado e testado antes do envio. Perfeito para quem busca qualidade e confiabilidade.Testado rigorosamente antes do envio.  Marca: Casio.  Suporte técnico disponível 24/7.  Recomendado por especialistas da área.  Fácil de usar e manter. ",2858.18,68,4.1,132,"[{""texto"": ""Recomendo fortemente. Melhor compra do ano!"", ""rating"": 4, ""data"": ""2026-04-27""}, {""texto"": ""Suporte técnico muito responsivo e atencioso."", ""rating"": 4, ""data"": ""2026-06-27""}, {""texto"": ""Ideal para profissionais e iniciantes. Muito versátil."", ""rating"": 4, ""data"": ""2026-04-18""}]","construção-robusta,alta-qualidade,acabamento-premium,iniciante","{""Material"": ""Spruce"", ""Peso"": ""2 kg"", ""Cor"": ""Azul"", ""Garantia"": ""4 anos""}",Barros,CAS-INST-0110,ativo,2026-01-04
111,Behringer Guitarra Elétrica,Instrumentos,Behringer,"Um excelente Guitarra Elétrica para músicos profissionais e iniciantes. Este instrumento oferece som de qualidade superior com construção robusta e acabamento premium. Ideal para estúdios de gravação, apresentações ao vivo e aulas de música. Feito com materiais de alta qualidade, garante durabilidade e excelente resposta sonora. Certificado e testado antes do envio. Perfeito para quem busca qualidade e confiabilidade.Fácil de usar e manter.  Testado rigorosamente antes do envio.  Marca: Behringer.  Excelente custo-benefício.  Inclui manual de instruções detalhado em português.  Suporte técnico disponível 24/7. ",2466.56,35,5.0,23,"[{""texto"": ""Construção sólida, som cristalino e resposta rápida."", ""rating"": 5, ""data"": ""2026-08-27""}, {""texto"": ""Construção sólida, som cristalino e resposta rápida."", ""rating"": 5, ""data"": ""2026-04-27""}, {""texto"": ""Suporte técnico muito responsivo e atencioso."", ""rating"": 5, ""data"": ""2026-07-29""}, {""texto"": ""Qualidade premium, recomendo para todos os músicos."", ""rating"": 5, ""data"": ""2026-05-23""}]","acabamento-premium,som-profissional,concert","{""Material"": ""Aço"", ""Peso"": ""6 kg"", ""Cor"": ""Branco"", ""Garantia"": ""3 anos""}",Costela,BEH-INST-0111,ativo,2026-07-08
112,Selmer Acordeão,Instrumentos,Selmer,"Um excelente Acordeão para músicos profissionais e iniciantes. Este instrumento oferece som de qualidade superior com construção robusta e acabamento premium. Ideal para estúdios de gravação, apresentações ao vivo e aulas de música. Feito com materiais de alta qualidade, garante durabilidade e excelente resposta sonora. Certificado e testado antes do envio. Perfeito para quem busca qualidade e confiabilidade.Recomendado por especialistas da área.  Desempenho consistente e confiável.  Marca: Selmer.  Oferece compatibilidade com múltiplos sistemas operacionais.  Testado rigorosamente antes do envio.  Fácil de usar e manter. ",2610.95,7,4.7,120,"[{""texto"": ""Suporte técnico muito responsivo e atencioso."", ""rating"": 5, ""data"": ""2026-08-09""}, {""texto"": ""Recomendo fortemente. Melhor compra do ano!"", ""rating"": 5, ""data"": ""2026-04-08""}, {""texto"": ""Atendimento excelente e produto de primeira qualidade."", ""rating"": 4, ""data"": ""2026-08-05""}, {""texto"": ""Suporte técnico muito responsivo e atencioso."", ""rating"": 5, ""data"": ""2026-04-23""}, {""texto"": ""Construção sólida, som cristalino e resposta rápida."", ""rating"": 4, ""data"": ""2026-06-26""}]","alta-qualidade,concert,profissional,estúdio","{""Material"": ""Spruce"", ""Peso"": ""4 kg"", ""Cor"": ""Azul"", ""Garantia"": ""5 anos""}",da Cunha - ME,SEL-INST-0112,ativo,2026-08-01
113,Ludwig Violão Clássico,Instrumentos,Ludwig,"Um excelente Violão Clássico para músicos profissionais e iniciantes. Este instrumento oferece som de qualidade superior com construção robusta e acabamento premium. Ideal para estúdios de gravação, apresentações ao vivo e aulas de música. Feito com materiais de alta qualidade, garante durabilidade e excelente resposta sonora. Certificado e testado antes do envio. Perfeito para quem busca qualidade e confiabilidade.Fácil de usar e manter.  Oferece compatibilidade com múltiplos sistemas operacionais.  Marca: Ludwig.  Testado rigorosamente antes do envio.  Excelente custo-benefício.  Desempenho consistente e confiável. ",1401.99,85,4.9,81,"[{""texto"": ""Recomendo fortemente. Melhor compra do ano!"", ""rating"": 5, ""data"": ""2026-05-02""}, {""texto"": ""Suporte técnico muito responsivo e atencioso."", ""rating"": 4, ""data"": ""2026-09-23""}]","iniciante,garantia,portátil,acabamento-premium,estúdio","{""Material"": ""Madeira de Lei"", ""Peso"": ""9 kg"", ""Cor"": ""Azul"", ""Garantia"": ""4 anos""}",Silveira Santos Ltda.,LUD-INST-0113,ativo,2025-10-23
114,Thomann Guitarra Acústica,Instrumentos,Thomann,"Um excelente Guitarra Acústica para músicos profissionais e iniciantes. Este instrumento oferece som de qualidade superior com construção robusta e acabamento premium. Ideal para estúdios de gravação, apresentações ao vivo e aulas de música. Feito com materiais de alta qualidade, garante durabilidade e excelente resposta sonora. Certificado e testado antes do envio. Perfeito para quem busca qualidade e confiabilidade.Marca: Thomann.  Suporte técnico disponível 24/7.  Oferece compatibilidade com múltiplos sistemas operacionais.  Produto original com nota fiscal e garantia de fábrica.  Fácil de usar e manter.  Testado rigorosamente antes do envio. ",2647.87,34,3.8,179,"[{""texto"": ""Atendimento excelente e produto de primeira qualidade."", ""rating"": 4, ""data"": ""2026-06-01""}, {""texto"": ""Qualidade premium, recomendo para todos os músicos."", ""rating"": 4, ""data"": ""2026-05-28""}, {""texto"": ""Perfeito para estúdio e apresentações. Ótimo custo-benefício."", ""rating"": 5, ""data"": ""2026-08-08""}, {""texto"": ""Ideal para profissionais e iniciantes. Muito versátil."", ""rating"": 4, ""data"": ""2026-09-12""}]","profissional,som-profissional,garantia","{""Material"": ""Níquel"", ""Peso"": ""6 kg"", ""Cor"": ""Azul"", ""Garantia"": ""3 anos""}",Peixoto,THO-INST-0114,ativo,2026-03-13
115,Ludwig Guitarra Elétrica,Instrumentos,Ludwig,"Um excelente Guitarra Elétrica para músicos profissionais e iniciantes. Este instrumento oferece som de qualidade superior com construção robusta e acabamento premium. Ideal para estúdios de gravação, apresentações ao vivo e aulas de música. Feito com materiais de alta qualidade, garante durabilidade e excelente resposta sonora. Certificado e testado antes do envio. Perfeito para quem busca qualidade e confiabilidade.Excelente custo-benefício.  Recomendado por especialistas da área.  Testado rigorosamente antes do envio.  Desempenho consistente e confiável.  Produto original com nota fiscal e garantia de fábrica. ",2870.66,71,4.4,125,"[{""texto"": ""Compatibilidade perfeita com meus equipamentos."", ""rating"": 4, ""data"": ""2026-04-29""}, {""texto"": ""Construção sólida, som cristalino e resposta rápida."", ""rating"": 5, ""data"": ""2026-04-13""}, {""texto"": ""Investimento que vale a pena. Produto de alta qualidade."", ""rating"": 4, ""data"": ""2026-05-04""}, {""texto"": ""Recomendo fortemente. Melhor compra do ano!"", ""rating"": 4, ""data"": ""2026-04-30""}, {""texto"": ""Embalagem profissional, produto impecável."", ""rating"": 5, ""data"": ""2026-06-05""}]","profissional,alta-qualidade,construção-robusta,acabamento-premium","{""Material"": ""Madeira de Lei"", ""Peso"": ""1 kg"", ""Cor"": ""Preto"", ""Garantia"": ""5 anos""}",Mendonça,LUD-INST-0115,ativo,2026-02-10
116,Pearl Violino,Instrumentos,Pearl,"Um excelente Violino para músicos profissionais e iniciantes. Este instrumento oferece som de qualidade superior com construção robusta e acabamento premium. Ideal para estúdios de gravação, apresentações ao vivo e aulas de música. Feito com materiais de alta qualidade, garante durabilidade e excelente resposta sonora. Certificado e testado antes do envio. Perfeito para quem busca qualidade e confiabilidade.Produto original com nota fiscal e garantia de fábrica.  Recomendado por especialistas da área.  Desempenho consistente e confiável.  Testado rigorosamente antes do envio.  Suporte técnico disponível 24/7.  Excelente custo-benefício. ",1558.14,6,3.6,99,"[{""texto"": ""Ideal para profissionais e iniciantes. Muito versátil."", ""rating"": 5, ""data"": ""2026-05-10""}, {""texto"": ""Excelente relação qualidade-preço."", ""rating"": 4, ""data"": ""2026-07-06""}]","concert,profissional,portátil,estúdio,alta-qualidade","{""Material"": ""Níquel"", ""Peso"": ""7 kg"", ""Cor"": ""Azul"", ""Garantia"": ""5 anos""}",Mendes Ltda.,PEA-INST-0116,ativo,2026-07-06
117,Ludwig Saxofone Alto,Instrumentos,Ludwig,"Um excelente Saxofone Alto para músicos profissionais e iniciantes. Este instrumento oferece som de qualidade superior com construção robusta e acabamento premium. Ideal para estúdios de gravação, apresentações ao vivo e aulas de música. Feito com materiais de alta qualidade, garante durabilidade e excelente resposta sonora. Certificado e testado antes do envio. Perfeito para quem busca qualidade e confiabilidade.Recomendado por especialistas da área.  Fácil de usar e manter.  Testado rigorosamente antes do envio.  Suporte técnico disponível 24/7.  Produto original com nota fiscal e garantia de fábrica.  Marca: Ludwig. ",2338.38,45,4.5,57,"[{""texto"": ""Construção sólida, som cristalino e resposta rápida."", ""rating"": 4, ""data"": ""2026-06-11""}, {""texto"": ""Recomendo fortemente. Melhor compra do ano!"", ""rating"": 5, ""data"": ""2026-04-07""}, {""texto"": ""Excelente relação qualidade-preço."", ""rating"": 5, ""data"": ""2026-09-14""}, {""texto"": ""Qualidade premium, recomendo para todos os músicos."", ""rating"": 5, ""data"": ""2026-09-18""}]","garantia,portátil,concert,construção-robusta,profissional,alta-qualidade","{""Material"": ""Mogno"", ""Peso"": ""5 kg"", ""Cor"": ""Preto"", ""Garantia"": ""4 anos""}",Machado,LUD-INST-0117,ativo,2026-09-16
118,Sabian Cuíca,Instrumentos,Sabian,"Um excelente Cuíca para músicos profissionais e iniciantes. Este instrumento oferece som de qualidade superior com construção robusta e acabamento premium. Ideal para estúdios de gravação, apresentações ao vivo e aulas de música. Feito com materiais de alta qualidade, garante durabilidade e excelente resposta sonora. Certificado e testado antes do envio. Perfeito para quem busca qualidade e confiabilidade.Produto original com nota fiscal e garantia de fábrica.  Testado rigorosamente antes do envio.  Excelente custo-benefício.  Suporte técnico disponível 24/7. ",3142.27,35,3.9,168,"[{""texto"": ""Investimento que vale a pena. Produto de alta qualidade."", ""rating"": 4, ""data"": ""2026-06-17""}, {""texto"": ""Sonho realizado! Superou minhas expectativas."", ""rating"": 4, ""data"": ""2026-08-18""}, {""texto"": ""Embalagem profissional, produto impecável."", ""rating"": 5, ""data"": ""2026-08-08""}, {""texto"": ""Recomendo fortemente. Melhor compra do ano!"", ""rating"": 4, ""data"": ""2026-08-30""}, {""texto"": ""Embalagem profissional, produto impecável."", ""rating"": 4, ""data"": ""2026-07-11""}]","portátil,som-profissional,alta-qualidade,profissional","{""Material"": ""Madeira de Lei"", ""Peso"": ""6 kg"", ""Cor"": ""Natural"", ""Garantia"": ""2 anos""}",Castro,SAB-INST-0118,ativo,2026-03-23
119,Pearl Baixo Elétrico,Instrumentos,Pearl,"Um excelente Baixo Elétrico para músicos profissionais e iniciantes. Este instrumento oferece som de qualidade superior com construção robusta e acabamento premium. Ideal para estúdios de gravação, apresentações ao vivo e aulas de música. Feito com materiais de alta qualidade, garante durabilidade e excelente resposta sonora. Certificado e testado antes do envio. Perfeito para quem busca qualidade e confiabilidade.Testado rigorosamente antes do envio.  Oferece compatibilidade com múltiplos sistemas operacionais.  Recomendado por especialistas da área.  Suporte técnico disponível 24/7.  Excelente custo-benefício. ",3400.3,10,4.0,154,"[{""texto"": ""Profissional, durável e confiável. Muito bom!"", ""rating"": 5, ""data"": ""2026-09-05""}, {""texto"": ""Investimento que vale a pena. Produto de alta qualidade."", ""rating"": 4, ""data"": ""2026-08-04""}, {""texto"": ""Construção sólida, som cristalino e resposta rápida."", ""rating"": 5, ""data"": ""2026-06-14""}]","concert,acabamento-premium,estúdio","{""Material"": ""Mogno"", ""Peso"": ""10 kg"", ""Cor"": ""Azul"", ""Garantia"": ""3 anos""}",da Luz - EI,PEA-INST-0119,ativo,2025-10-24
120,Behringer Harmônica,Instrumentos,Behringer,"Um excelente Harmônica para músicos profissionais e iniciantes. Este instrumento oferece som de qualidade superior com construção robusta e acabamento premium. Ideal para estúdios de gravação, apresentações ao vivo e aulas de música. Feito com materiais de alta qualidade, garante durabilidade e excelente resposta sonora. Certificado e testado antes do envio. Perfeito para quem busca qualidade e confiabilidade.Testado rigorosamente antes do envio.  Oferece compatibilidade com múltiplos sistemas operacionais.  Produto original com nota fiscal e garantia de fábrica.  Suporte técnico disponível 24/7. ",2855.66,28,4.7,76,"[{""texto"": ""Recomendo fortemente. Melhor compra do ano!"", ""rating"": 5, ""data"": ""2026-07-04""}, {""texto"": ""Suporte técnico muito responsivo e atencioso."", ""rating"": 5, ""data"": ""2026-09-23""}, {""texto"": ""Compatibilidade perfeita com meus equipamentos."", ""rating"": 4, ""data"": ""2026-09-06""}, {""texto"": ""Profissional, durável e confiável. Muito bom!"", ""rating"": 5, ""data"": ""2026-04-15""}, {""texto"": ""Perfeito para estúdio e apresentações. Ótimo custo-benefício."", ""rating"": 5, ""data"": ""2026-05-08""}]","acabamento-premium,garantia,concert,profissional","{""Material"": ""Aço"", ""Peso"": ""7 kg"", ""Cor"": ""Branco"", ""Garantia"": ""4 anos""}",Alves e Filhos,BEH-INST-0120,ativo,2026-07-21
121,Casio Guitarra Elétrica,Instrumentos,Casio,"Um excelente Guitarra Elétrica para músicos profissionais e iniciantes. Este instrumento oferece som de qualidade superior com construção robusta e acabamento premium. Ideal para estúdios de gravação, apresentações ao vivo e aulas de música. Feito com materiais de alta qualidade, garante durabilidade e excelente resposta sonora. Certificado e testado antes do envio. Perfeito para quem busca qualidade e confiabilidade.Marca: Casio.  Excelente custo-benefício.  Testado rigorosamente antes do envio.  Recomendado por especialistas da área.  Inclui manual de instruções detalhado em português. ",4043.01,85,4.7,82,"[{""texto"": ""Profissional, durável e confiável. Muito bom!"", ""rating"": 4, ""data"": ""2026-07-30""}, {""texto"": ""Ideal para profissionais e iniciantes. Muito versátil."", ""rating"": 4, ""data"": ""2026-05-20""}, {""texto"": ""Compatibilidade perfeita com meus equipamentos."", ""rating"": 5, ""data"": ""2026-07-07""}, {""texto"": ""Suporte técnico muito responsivo e atencioso."", ""rating"": 4, ""data"": ""2026-05-24""}]","acabamento-premium,estúdio,profissional","{""Material"": ""Spruce"", ""Peso"": ""5 kg"", ""Cor"": ""Branco"", ""Garantia"": ""5 anos""}",Monteiro S/A,CAS-INST-0121,inativo,2026-02-06
122,Behringer Saxofone Alto,Instrumentos,Behringer,"Um excelente Saxofone Alto para músicos profissionais e iniciantes. Este instrumento oferece som de qualidade superior com construção robusta e acabamento premium. Ideal para estúdios de gravação, apresentações ao vivo e aulas de música. Feito com materiais de alta qualidade, garante durabilidade e excelente resposta sonora. Certificado e testado antes do envio. Perfeito para quem busca qualidade e confiabilidade.Inclui manual de instruções detalhado em português.  Excelente custo-benefício.  Desempenho consistente e confiável.  Recomendado por especialistas da área.  Testado rigorosamente antes do envio.  Fácil de usar e manter. ",2435.71,86,3.8,157,"[{""texto"": ""Profissional, durável e confiável. Muito bom!"", ""rating"": 5, ""data"": ""2026-08-20""}, {""texto"": ""Produto excelente, chegou rápido e bem embalado."", ""rating"": 5, ""data"": ""2026-06-25""}, {""texto"": ""Investimento que vale a pena. Produto de alta qualidade."", ""rating"": 4, ""data"": ""2026-04-28""}, {""texto"": ""Recomendo fortemente. Melhor compra do ano!"", ""rating"": 4, ""data"": ""2026-05-18""}, {""texto"": ""Excelente relação qualidade-preço."", ""rating"": 5, ""data"": ""2026-07-11""}]","portátil,iniciante,som-profissional,estúdio","{""Material"": ""Mogno"", ""Peso"": ""5 kg"", ""Cor"": ""Branco"", ""Garantia"": ""4 anos""}",Costela,BEH-INST-0122,ativo,2025-11-06
123,Thomann Surdo,Instrumentos,Thomann,"Um excelente Surdo para músicos profissionais e iniciantes. Este instrumento oferece som de qualidade superior com construção robusta e acabamento premium. Ideal para estúdios de gravação, apresentações ao vivo e aulas de música. Feito com materiais de alta qualidade, garante durabilidade e excelente resposta sonora. Certificado e testado antes do envio. Perfeito para quem busca qualidade e confiabilidade.Marca: Thomann.  Recomendado por especialistas da área.  Fácil de usar e manter.  Produto original com nota fiscal e garantia de fábrica. ",2357.32,60,4.0,128,"[{""texto"": ""Embalagem profissional, produto impecável."", ""rating"": 4, ""data"": ""2026-04-13""}, {""texto"": ""Compatibilidade perfeita com meus equipamentos."", ""rating"": 5, ""data"": ""2026-04-16""}]","alta-qualidade,portátil,profissional,garantia,construção-robusta","{""Material"": ""Spruce"", ""Peso"": ""1 kg"", ""Cor"": ""Vermelho"", ""Garantia"": ""5 anos""}",Melo e Filhos,THO-INST-0123,ativo,2026-02-06
124,Marshall Bumbo,Instrumentos,Marshall,"Um excelente Bumbo para músicos profissionais e iniciantes. Este instrumento oferece som de qualidade superior com construção robusta e acabamento premium. Ideal para estúdios de gravação, apresentações ao vivo e aulas de música. Feito com materiais de alta qualidade, garante durabilidade e excelente resposta sonora. Certificado e testado antes do envio. Perfeito para quem busca qualidade e confiabilidade.Produto original com nota fiscal e garantia de fábrica.  Inclui manual de instruções detalhado em português.  Marca: Marshall.  Recomendado por especialistas da área.  Oferece compatibilidade com múltiplos sistemas operacionais.  Suporte técnico disponível 24/7. ",1963.22,49,3.7,62,"[{""texto"": ""Excelente relação qualidade-preço."", ""rating"": 5, ""data"": ""2026-06-24""}, {""texto"": ""Produto excelente, chegou rápido e bem embalado."", ""rating"": 5, ""data"": ""2026-06-03""}, {""texto"": ""Profissional, durável e confiável. Muito bom!"", ""rating"": 5, ""data"": ""2026-08-24""}, {""texto"": ""Suporte técnico muito responsivo e atencioso."", ""rating"": 5, ""data"": ""2026-09-04""}, {""texto"": ""Investimento que vale a pena. Produto de alta qualidade."", ""rating"": 5, ""data"": ""2026-09-06""}]","acabamento-premium,construção-robusta,concert,alta-qualidade,som-profissional,garantia","{""Material"": ""Latão"", ""Peso"": ""6 kg"", ""Cor"": ""Azul"", ""Garantia"": ""5 anos""}",Cardoso S.A.,MAR-INST-0124,ativo,2025-10-24
125,Gibson Violoncelo,Instrumentos,Gibson,"Um excelente Violoncelo para músicos profissionais e iniciantes. Este instrumento oferece som de qualidade superior com construção robusta e acabamento premium. Ideal para estúdios de gravação, apresentações ao vivo e aulas de música. Feito com materiais de alta qualidade, garante durabilidade e excelente resposta sonora. Certificado e testado antes do envio. Perfeito para quem busca qualidade e confiabilidade.Testado rigorosamente antes do envio.  Marca: Gibson.  Produto original com nota fiscal e garantia de fábrica.  Recomendado por especialistas da área. ",696.76,44,4.9,131,"[{""texto"": ""Suporte técnico muito responsivo e atencioso."", ""rating"": 5, ""data"": ""2026-06-11""}, {""texto"": ""Qualidade premium, recomendo para todos os músicos."", ""rating"": 4, ""data"": ""2026-06-18""}, {""texto"": ""Suporte técnico muito responsivo e atencioso."", ""rating"": 5, ""data"": ""2026-04-30""}, {""texto"": ""Compatibilidade perfeita com meus equipamentos."", ""rating"": 5, ""data"": ""2026-09-21""}, {""texto"": ""Produto excelente, chegou rápido e bem embalado."", ""rating"": 5, ""data"": ""2026-09-07""}]","concert,construção-robusta,iniciante","{""Material"": ""Aço"", ""Peso"": ""4 kg"", ""Cor"": ""Azul"", ""Garantia"": ""5 anos""}",Andrade,GIB-INST-0125,ativo,2026-03-13
126,Dunlop Corda de Nylon,Acessórios,Dunlop,"Acessório indispensável Corda de Nylon para músicos. Oferece qualidade profissional e durabilidade garantida. Compatível com diversos instrumentos musicais. Perfeito para estúdio, apresentações e prática diária. Construído com materiais premium que garantem excelente funcionalidade. Recomendado por músicos profissionais. Fácil de usar e manter.Testado rigorosamente antes do envio.  Fácil de usar e manter.  Desempenho consistente e confiável.  Excelente custo-benefício.  Marca: Dunlop.  Produto original com nota fiscal e garantia de fábrica. ",57.85,50,3.9,88,"[{""texto"": ""Produto excelente, chegou rápido e bem embalado."", ""rating"": 4, ""data"": ""2026-06-15""}, {""texto"": ""Qualidade premium, recomendo para todos os músicos."", ""rating"": 5, ""data"": ""2026-06-23""}, {""texto"": ""Qualidade premium, recomendo para todos os músicos."", ""rating"": 5, ""data"": ""2026-09-24""}, {""texto"": ""Produto excelente, chegou rápido e bem embalado."", ""rating"": 4, ""data"": ""2026-08-16""}]","profissional,confiável,compatível,recomendado","{""Material"": ""Aço"", ""Comprimento"": ""64 cm"", ""Peso"": ""0.5 kg"", ""Compatibilidade"": ""Universal""}",Cavalcanti Fonseca S/A,DUN-ACES-0126,ativo,2025-12-16
127,Zoom Limpador de Cordas,Acessórios,Zoom,"Acessório indispensável Limpador de Cordas para músicos. Oferece qualidade profissional e durabilidade garantida. Compatível com diversos instrumentos musicais. Perfeito para estúdio, apresentações e prática diária. Construído com materiais premium que garantem excelente funcionalidade. Recomendado por músicos profissionais. Fácil de usar e manter.Testado rigorosamente antes do envio.  Desempenho consistente e confiável.  Fácil de usar e manter.  Recomendado por especialistas da área.  Suporte técnico disponível 24/7.  Oferece compatibilidade com múltiplos sistemas operacionais. ",307.68,71,4.2,46,"[{""texto"": ""Compatibilidade perfeita com meus equipamentos."", ""rating"": 4, ""data"": ""2026-09-03""}, {""texto"": ""Produto excelente, chegou rápido e bem embalado."", ""rating"": 5, ""data"": ""2026-07-20""}, {""texto"": ""Construção sólida, som cristalino e resposta rápida."", ""rating"": 5, ""data"": ""2026-07-07""}]","essencial,profissional,ergonômico,prático,recomendado","{""Material"": ""Borracha"", ""Comprimento"": ""125 cm"", ""Peso"": ""0.4 kg"", ""Compatibilidade"": ""Universal""}",Nogueira e Filhos,ZOO-ACES-0127,ativo,2025-12-06
128,Ernie Ball Corda de Nylon,Acessórios,Ernie Ball,"Acessório indispensável Corda de Nylon para músicos. Oferece qualidade profissional e durabilidade garantida. Compatível com diversos instrumentos musicais. Perfeito para estúdio, apresentações e prática diária. Construído com materiais premium que garantem excelente funcionalidade. Recomendado por músicos profissionais. Fácil de usar e manter.Excelente custo-benefício.  Fácil de usar e manter.  Produto original com nota fiscal e garantia de fábrica.  Inclui manual de instruções detalhado em português. ",10.53,38,4.5,158,"[{""texto"": ""Investimento que vale a pena. Produto de alta qualidade."", ""rating"": 5, ""data"": ""2026-06-18""}, {""texto"": ""Produto excelente, chegou rápido e bem embalado."", ""rating"": 5, ""data"": ""2026-08-14""}, {""texto"": ""Recomendo fortemente. Melhor compra do ano!"", ""rating"": 4, ""data"": ""2026-07-30""}, {""texto"": ""Perfeito para estúdio e apresentações. Ótimo custo-benefício."", ""rating"": 5, ""data"": ""2026-04-07""}, {""texto"": ""Compatibilidade perfeita com meus equipamentos."", ""rating"": 4, ""data"": ""2026-09-04""}]","ergonômico,essencial,versátil,confiável,durável","{""Material"": ""Celulose"", ""Comprimento"": ""59 cm"", ""Peso"": ""1.0 kg"", ""Compatibilidade"": ""Universal""}",Costa,ERN-ACES-0128,ativo,2026-01-12
129,D'Addario Correia de Couro,Acessórios,D'Addario,"Acessório indispensável Correia de Couro para músicos. Oferece qualidade profissional e durabilidade garantida. Compatível com diversos instrumentos musicais. Perfeito para estúdio, apresentações e prática diária. Construído com materiais premium que garantem excelente funcionalidade. Recomendado por músicos profissionais. Fácil de usar e manter.Oferece compatibilidade com múltiplos sistemas operacionais.  Fácil de usar e manter.  Recomendado por especialistas da área.  Produto original com nota fiscal e garantia de fábrica. ",383.14,6,4.5,36,"[{""texto"": ""Ideal para profissionais e iniciantes. Muito versátil."", ""rating"": 5, ""data"": ""2026-05-10""}, {""texto"": ""Embalagem profissional, produto impecável."", ""rating"": 4, ""data"": ""2026-04-03""}, {""texto"": ""Profissional, durável e confiável. Muito bom!"", ""rating"": 5, ""data"": ""2026-09-16""}, {""texto"": ""Embalagem profissional, produto impecável."", ""rating"": 5, ""data"": ""2026-05-05""}]","versátil,ergonômico,essencial","{""Material"": ""Borracha"", ""Comprimento"": ""168 cm"", ""Peso"": ""0.3 kg"", ""Compatibilidade"": ""Universal""}",Vieira,D'A-ACES-0129,ativo,2026-03-31
130,Shubb Cabos XLR,Acessórios,Shubb,"Acessório indispensável Cabos XLR para músicos. Oferece qualidade profissional e durabilidade garantida. Compatível com diversos instrumentos musicais. Perfeito para estúdio, apresentações e prática diária. Construído com materiais premium que garantem excelente funcionalidade. Recomendado por músicos profissionais. Fácil de usar e manter.Suporte técnico disponível 24/7.  Marca: Shubb.  Oferece compatibilidade com múltiplos sistemas operacionais.  Excelente custo-benefício. ",350.86,23,4.4,63,"[{""texto"": ""Qualidade premium, recomendo para todos os músicos."", ""rating"": 5, ""data"": ""2026-05-17""}, {""texto"": ""Embalagem profissional, produto impecável."", ""rating"": 4, ""data"": ""2026-06-06""}, {""texto"": ""Qualidade premium, recomendo para todos os músicos."", ""rating"": 5, ""data"": ""2026-04-23""}]","prático,profissional,recomendado,durável,ergonômico","{""Material"": ""Couro"", ""Comprimento"": ""136 cm"", ""Peso"": ""0.3 kg"", ""Compatibilidade"": ""Universal""}",Freitas e Filhos,SHU-ACES-0130,ativo,2025-12-31
131,Elixir Afinador Digital,Acessórios,Elixir,"Acessório indispensável Afinador Digital para músicos. Oferece qualidade profissional e durabilidade garantida. Compatível com diversos instrumentos musicais. Perfeito para estúdio, apresentações e prática diária. Construído com materiais premium que garantem excelente funcionalidade. Recomendado por músicos profissionais. Fácil de usar e manter.Produto original com nota fiscal e garantia de fábrica.  Desempenho consistente e confiável.  Suporte técnico disponível 24/7.  Testado rigorosamente antes do envio. ",349.74,24,4.7,154,"[{""texto"": ""Produto excelente, chegou rápido e bem embalado."", ""rating"": 4, ""data"": ""2026-06-28""}, {""texto"": ""Construção sólida, som cristalino e resposta rápida."", ""rating"": 5, ""data"": ""2026-07-15""}]","compatível,recomendado,premium,versátil,essencial","{""Material"": ""Madeira"", ""Comprimento"": ""136 cm"", ""Peso"": ""0.9 kg"", ""Compatibilidade"": ""Universal""}",Cavalcante,ELI-ACES-0131,ativo,2025-10-22
132,Shubb Capotrasto,Acessórios,Shubb,"Acessório indispensável Capotrasto para músicos. Oferece qualidade profissional e durabilidade garantida. Compatível com diversos instrumentos musicais. Perfeito para estúdio, apresentações e prática diária. Construído com materiais premium que garantem excelente funcionalidade. Recomendado por músicos profissionais. Fácil de usar e manter.Excelente custo-benefício.  Produto original com nota fiscal e garantia de fábrica.  Fácil de usar e manter.  Desempenho consistente e confiável. ",106.61,36,4.3,173,"[{""texto"": ""Compatibilidade perfeita com meus equipamentos."", ""rating"": 4, ""data"": ""2026-05-05""}, {""texto"": ""Compatibilidade perfeita com meus equipamentos."", ""rating"": 5, ""data"": ""2026-05-28""}, {""texto"": ""Compatibilidade perfeita com meus equipamentos."", ""rating"": 4, ""data"": ""2026-08-26""}]","profissional,recomendado,premium,ergonômico,essencial","{""Material"": ""Nylon"", ""Comprimento"": ""79 cm"", ""Peso"": ""2.0 kg"", ""Compatibilidade"": ""Universal""}",Jesus S.A.,SHU-ACES-0132,ativo,2025-10-13
133,Elixir Correia de Nylon,Acessórios,Elixir,"Acessório indispensável Correia de Nylon para músicos. Oferece qualidade profissional e durabilidade garantida. Compatível com diversos instrumentos musicais. Perfeito para estúdio, apresentações e prática diária. Construído com materiais premium que garantem excelente funcionalidade. Recomendado por músicos profissionais. Fácil de usar e manter.Testado rigorosamente antes do envio.  Suporte técnico disponível 24/7.  Desempenho consistente e confiável.  Fácil de usar e manter. ",168.99,56,4.7,183,"[{""texto"": ""Sonho realizado! Superou minhas expectativas."", ""rating"": 4, ""data"": ""2026-05-08""}, {""texto"": ""Qualidade premium, recomendo para todos os músicos."", ""rating"": 4, ""data"": ""2026-04-23""}, {""texto"": ""Produto excelente, chegou rápido e bem embalado."", ""rating"": 4, ""data"": ""2026-04-11""}, {""texto"": ""Suporte técnico muito responsivo e atencioso."", ""rating"": 5, ""data"": ""2026-04-06""}]","profissional,essencial,recomendado,compatível,versátil,confiável","{""Material"": ""Aço"", ""Comprimento"": ""144 cm"", ""Peso"": ""2.0 kg"", ""Compatibilidade"": ""Universal""}",Nascimento da Cruz - EI,ELI-ACES-0133,ativo,2026-04-09
134,D'Addario Controlador MIDI,Acessórios,D'Addario,"Acessório indispensável Controlador MIDI para músicos. Oferece qualidade profissional e durabilidade garantida. Compatível com diversos instrumentos musicais. Perfeito para estúdio, apresentações e prática diária. Construído com materiais premium que garantem excelente funcionalidade. Recomendado por músicos profissionais. Fácil de usar e manter.Produto original com nota fiscal e garantia de fábrica.  Testado rigorosamente antes do envio.  Desempenho consistente e confiável.  Oferece compatibilidade com múltiplos sistemas operacionais. ",144.0,35,4.2,43,"[{""texto"": ""Construção sólida, som cristalino e resposta rápida."", ""rating"": 5, ""data"": ""2026-06-27""}, {""texto"": ""Recomendo fortemente. Melhor compra do ano!"", ""rating"": 4, ""data"": ""2026-05-03""}]","confiável,compatível,profissional,essencial,ergonômico","{""Material"": ""Couro"", ""Comprimento"": ""122 cm"", ""Peso"": ""0.8 kg"", ""Compatibilidade"": ""Universal""}",Porto Moura - ME,D'A-ACES-0134,ativo,2026-08-27
135,Korg Adaptadores Áudio,Acessórios,Korg,"Acessório indispensável Adaptadores Áudio para músicos. Oferece qualidade profissional e durabilidade garantida. Compatível com diversos instrumentos musicais. Perfeito para estúdio, apresentações e prática diária. Construído com materiais premium que garantem excelente funcionalidade. Recomendado por músicos profissionais. Fácil de usar e manter.Testado rigorosamente antes do envio.  Inclui manual de instruções detalhado em português.  Fácil de usar e manter.  Desempenho consistente e confiável. ",468.83,61,3.7,162,"[{""texto"": ""Embalagem profissional, produto impecável."", ""rating"": 5, ""data"": ""2026-09-10""}, {""texto"": ""Investimento que vale a pena. Produto de alta qualidade."", ""rating"": 5, ""data"": ""2026-04-20""}]","prático,essencial,durável,compatível,versátil,profissional","{""Material"": ""Madeira"", ""Comprimento"": ""187 cm"", ""Peso"": ""1.4 kg"", ""Compatibilidade"": ""Universal""}",Sá Oliveira S/A,KOR-ACES-0135,ativo,2026-05-22
136,Dunlop Correia de Nylon,Acessórios,Dunlop,"Acessório indispensável Correia de Nylon para músicos. Oferece qualidade profissional e durabilidade garantida. Compatível com diversos instrumentos musicais. Perfeito para estúdio, apresentações e prática diária. Construído com materiais premium que garantem excelente funcionalidade. Recomendado por músicos profissionais. Fácil de usar e manter.Produto original com nota fiscal e garantia de fábrica.  Inclui manual de instruções detalhado em português.  Recomendado por especialistas da área.  Fácil de usar e manter. ",125.29,38,4.0,136,"[{""texto"": ""Excelente relação qualidade-preço."", ""rating"": 5, ""data"": ""2026-07-17""}, {""texto"": ""Embalagem profissional, produto impecável."", ""rating"": 4, ""data"": ""2026-07-09""}, {""texto"": ""Produto confiável para uso contínuo."", ""rating"": 4, ""data"": ""2026-08-06""}, {""texto"": ""Atendimento excelente e produto de primeira qualidade."", ""rating"": 4, ""data"": ""2026-07-29""}, {""texto"": ""Sonho realizado! Superou minhas expectativas."", ""rating"": 5, ""data"": ""2026-09-24""}]","durável,confiável,premium,ergonômico","{""Material"": ""Aço"", ""Comprimento"": ""161 cm"", ""Peso"": ""0.8 kg"", ""Compatibilidade"": ""Universal""}",Correia,DUN-ACES-0136,ativo,2025-12-31
137,Fender Correia de Couro,Acessórios,Fender,"Acessório indispensável Correia de Couro para músicos. Oferece qualidade profissional e durabilidade garantida. Compatível com diversos instrumentos musicais. Perfeito para estúdio, apresentações e prática diária. Construído com materiais premium que garantem excelente funcionalidade. Recomendado por músicos profissionais. Fácil de usar e manter.Marca: Fender.  Produto original com nota fiscal e garantia de fábrica.  Excelente custo-benefício.  Testado rigorosamente antes do envio. ",173.42,17,3.5,47,"[{""texto"": ""Construção sólida, som cristalino e resposta rápida."", ""rating"": 5, ""data"": ""2026-05-08""}, {""texto"": ""Compatibilidade perfeita com meus equipamentos."", ""rating"": 4, ""data"": ""2026-05-17""}]","profissional,essencial,ergonômico,premium,compatível,durável","{""Material"": ""Celulose"", ""Comprimento"": ""166 cm"", ""Peso"": ""1.0 kg"", ""Compatibilidade"": ""Universal""}",Sá,FEN-ACES-0137,ativo,2026-08-25
138,Shubb Metrônomo,Acessórios,Shubb,"Acessório indispensável Metrônomo para músicos. Oferece qualidade profissional e durabilidade garantida. Compatível com diversos instrumentos musicais. Perfeito para estúdio, apresentações e prática diária. Construído com materiais premium que garantem excelente funcionalidade. Recomendado por músicos profissionais. Fácil de usar e manter.Produto original com nota fiscal e garantia de fábrica.  Desempenho consistente e confiável.  Excelente custo-benefício.  Marca: Shubb. ",302.08,91,4.4,193,"[{""texto"": ""Profissional, durável e confiável. Muito bom!"", ""rating"": 4, ""data"": ""2026-09-16""}, {""texto"": ""Sonho realizado! Superou minhas expectativas."", ""rating"": 5, ""data"": ""2026-04-17""}, {""texto"": ""Investimento que vale a pena. Produto de alta qualidade."", ""rating"": 4, ""data"": ""2026-06-24""}, {""texto"": ""Qualidade premium, recomendo para todos os músicos."", ""rating"": 5, ""data"": ""2026-06-04""}]","versátil,recomendado,compatível,prático,ergonômico,profissional","{""Material"": ""Aço"", ""Comprimento"": ""113 cm"", ""Peso"": ""1.4 kg"", ""Compatibilidade"": ""Universal""}",Monteiro,SHU-ACES-0138,ativo,2026-01-20
139,Korg Estojo de Transporte,Acessórios,Korg,"Acessório indispensável Estojo de Transporte para músicos. Oferece qualidade profissional e durabilidade garantida. Compatível com diversos instrumentos musicais. Perfeito para estúdio, apresentações e prática diária. Construído com materiais premium que garantem excelente funcionalidade. Recomendado por músicos profissionais. Fácil de usar e manter.Fácil de usar e manter.  Desempenho consistente e confiável.  Excelente custo-benefício.  Oferece compatibilidade com múltiplos sistemas operacionais.  Testado rigorosamente antes do envio.  Produto original com nota fiscal e garantia de fábrica. ",38.57,64,3.9,198,"[{""texto"": ""Qualidade premium, recomendo para todos os músicos."", ""rating"": 4, ""data"": ""2026-07-20""}, {""texto"": ""Excelente relação qualidade-preço."", ""rating"": 5, ""data"": ""2026-08-28""}, {""texto"": ""Atendimento excelente e produto de primeira qualidade."", ""rating"": 4, ""data"": ""2026-05-07""}]","premium,confiável,prático,compatível","{""Material"": ""Madeira"", ""Comprimento"": ""120 cm"", ""Peso"": ""0.9 kg"", ""Compatibilidade"": ""Universal""}",Santos Cassiano - ME,KOR-ACES-0139,ativo,2025-10-17
140,Dunlop Luz LED,Acessórios,Dunlop,"Acessório indispensável Luz LED para músicos. Oferece qualidade profissional e durabilidade garantida. Compatível com diversos instrumentos musicais. Perfeito para estúdio, apresentações e prática diária. Construído com materiais premium que garantem excelente funcionalidade. Recomendado por músicos profissionais. Fácil de usar e manter.Recomendado por especialistas da área.  Oferece compatibilidade com múltiplos sistemas operacionais.  Fácil de usar e manter.  Testado rigorosamente antes do envio.  Marca: Dunlop. ",13.27,13,4.9,24,"[{""texto"": ""Investimento que vale a pena. Produto de alta qualidade."", ""rating"": 5, ""data"": ""2026-03-30""}, {""texto"": ""Sonho realizado! Superou minhas expectativas."", ""rating"": 5, ""data"": ""2026-07-02""}, {""texto"": ""Excelente relação qualidade-preço."", ""rating"": 4, ""data"": ""2026-08-05""}, {""texto"": ""Produto confiável para uso contínuo."", ""rating"": 4, ""data"": ""2026-05-19""}, {""texto"": ""Investimento que vale a pena. Produto de alta qualidade."", ""rating"": 4, ""data"": ""2026-04-10""}]","compatível,ergonômico,recomendado","{""Material"": ""Aço"", ""Comprimento"": ""185 cm"", ""Peso"": ""1.4 kg"", ""Compatibilidade"": ""Universal""}",Pires,DUN-ACES-0140,ativo,2026-04-07
141,Dunlop Plectro de Aço,Acessórios,Dunlop,"Acessório indispensável Plectro de Aço para músicos. Oferece qualidade profissional e durabilidade garantida. Compatível com diversos instrumentos musicais. Perfeito para estúdio, apresentações e prática diária. Construído com materiais premium que garantem excelente funcionalidade. Recomendado por músicos profissionais. Fácil de usar e manter.Excelente custo-benefício.  Fácil de usar e manter.  Produto original com nota fiscal e garantia de fábrica.  Suporte técnico disponível 24/7. ",246.8,5,4.8,53,"[{""texto"": ""Suporte técnico muito responsivo e atencioso."", ""rating"": 4, ""data"": ""2026-09-02""}, {""texto"": ""Construção sólida, som cristalino e resposta rápida."", ""rating"": 5, ""data"": ""2026-08-16""}]","prático,versátil,compatível,durável","{""Material"": ""Aço"", ""Comprimento"": ""193 cm"", ""Peso"": ""0.5 kg"", ""Compatibilidade"": ""Universal""}",Moraes Vieira - ME,DUN-ACES-0141,ativo,2026-07-11
142,Korg Pedal de Volume,Acessórios,Korg,"Acessório indispensável Pedal de Volume para músicos. Oferece qualidade profissional e durabilidade garantida. Compatível com diversos instrumentos musicais. Perfeito para estúdio, apresentações e prática diária. Construído com materiais premium que garantem excelente funcionalidade. Recomendado por músicos profissionais. Fácil de usar e manter.Excelente custo-benefício.  Desempenho consistente e confiável.  Testado rigorosamente antes do envio.  Suporte técnico disponível 24/7.  Inclui manual de instruções detalhado em português.  Oferece compatibilidade com múltiplos sistemas operacionais. ",127.12,66,4.6,15,"[{""texto"": ""Produto confiável para uso contínuo."", ""rating"": 5, ""data"": ""2026-04-13""}, {""texto"": ""Construção sólida, som cristalino e resposta rápida."", ""rating"": 5, ""data"": ""2026-07-06""}, {""texto"": ""Embalagem profissional, produto impecável."", ""rating"": 5, ""data"": ""2026-07-02""}, {""texto"": ""Sonho realizado! Superou minhas expectativas."", ""rating"": 4, ""data"": ""2026-05-13""}, {""texto"": ""Recomendo fortemente. Melhor compra do ano!"", ""rating"": 5, ""data"": ""2026-08-16""}]","recomendado,confiável,versátil","{""Material"": ""Couro"", ""Comprimento"": ""190 cm"", ""Peso"": ""1.8 kg"", ""Compatibilidade"": ""Universal""}",Moreira,KOR-ACES-0142,ativo,2026-03-02
143,D'Addario Pad MIDI,Acessórios,D'Addario,"Acessório indispensável Pad MIDI para músicos. Oferece qualidade profissional e durabilidade garantida. Compatível com diversos instrumentos musicais. Perfeito para estúdio, apresentações e prática diária. Construído com materiais premium que garantem excelente funcionalidade. Recomendado por músicos profissionais. Fácil de usar e manter.Inclui manual de instruções detalhado em português.  Produto original com nota fiscal e garantia de fábrica.  Recomendado por especialistas da área.  Oferece compatibilidade com múltiplos sistemas operacionais.  Desempenho consistente e confiável.  Excelente custo-benefício. ",191.72,43,4.6,47,"[{""texto"": ""Sonho realizado! Superou minhas expectativas."", ""rating"": 5, ""data"": ""2026-09-17""}, {""texto"": ""Excelente relação qualidade-preço."", ""rating"": 5, ""data"": ""2026-05-01""}, {""texto"": ""Embalagem profissional, produto impecável."", ""rating"": 5, ""data"": ""2026-09-22""}, {""texto"": ""Produto excelente, chegou rápido e bem embalado."", ""rating"": 5, ""data"": ""2026-09-17""}, {""texto"": ""Excelente relação qualidade-preço."", ""rating"": 5, ""data"": ""2026-06-12""}]","versátil,profissional,premium","{""Material"": ""Celulose"", ""Comprimento"": ""169 cm"", ""Peso"": ""0.4 kg"", ""Compatibilidade"": ""Universal""}",Almeida,D'A-ACES-0143,ativo,2025-09-30
144,Vic Firth Humidificador,Acessórios,Vic Firth,"Acessório indispensável Humidificador para músicos. Oferece qualidade profissional e durabilidade garantida. Compatível com diversos instrumentos musicais. Perfeito para estúdio, apresentações e prática diária. Construído com materiais premium que garantem excelente funcionalidade. Recomendado por músicos profissionais. Fácil de usar e manter.Testado rigorosamente antes do envio.  Desempenho consistente e confiável.  Produto original com nota fiscal e garantia de fábrica.  Oferece compatibilidade com múltiplos sistemas operacionais.  Fácil de usar e manter.  Excelente custo-benefício. ",359.75,24,3.6,74,"[{""texto"": ""Sonho realizado! Superou minhas expectativas."", ""rating"": 4, ""data"": ""2026-04-17""}, {""texto"": ""Excelente relação qualidade-preço."", ""rating"": 4, ""data"": ""2026-06-05""}, {""texto"": ""Produto confiável para uso contínuo."", ""rating"": 5, ""data"": ""2026-06-23""}, {""texto"": ""Excelente relação qualidade-preço."", ""rating"": 4, ""data"": ""2026-05-30""}, {""texto"": ""Construção sólida, som cristalino e resposta rápida."", ""rating"": 4, ""data"": ""2026-04-01""}]","premium,profissional,compatível","{""Material"": ""Borracha"", ""Comprimento"": ""135 cm"", ""Peso"": ""0.2 kg"", ""Compatibilidade"": ""Universal""}",da Cruz S/A,VIC-ACES-0144,ativo,2026-04-04
145,Ernie Ball Almofada para Fone,Acessórios,Ernie Ball,"Acessório indispensável Almofada para Fone para músicos. Oferece qualidade profissional e durabilidade garantida. Compatível com diversos instrumentos musicais. Perfeito para estúdio, apresentações e prática diária. Construído com materiais premium que garantem excelente funcionalidade. Recomendado por músicos profissionais. Fácil de usar e manter.Marca: Ernie Ball.  Inclui manual de instruções detalhado em português.  Suporte técnico disponível 24/7.  Oferece compatibilidade com múltiplos sistemas operacionais. ",81.03,57,3.6,121,"[{""texto"": ""Profissional, durável e confiável. Muito bom!"", ""rating"": 4, ""data"": ""2026-06-01""}, {""texto"": ""Produto confiável para uso contínuo."", ""rating"": 5, ""data"": ""2026-04-04""}, {""texto"": ""Excelente relação qualidade-preço."", ""rating"": 4, ""data"": ""2026-09-06""}, {""texto"": ""Profissional, durável e confiável. Muito bom!"", ""rating"": 5, ""data"": ""2026-08-19""}]","durável,premium,profissional,recomendado,versátil","{""Material"": ""Couro"", ""Comprimento"": ""115 cm"", ""Peso"": ""1.5 kg"", ""Compatibilidade"": ""Universal""}",Montenegro e Filhos,ERN-ACES-0145,ativo,2025-11-02
146,Dunlop Pad MIDI,Acessórios,Dunlop,"Acessório indispensável Pad MIDI para músicos. Oferece qualidade profissional e durabilidade garantida. Compatível com diversos instrumentos musicais. Perfeito para estúdio, apresentações e prática diária. Construído com materiais premium que garantem excelente funcionalidade. Recomendado por músicos profissionais. Fácil de usar e manter.Produto original com nota fiscal e garantia de fábrica.  Marca: Dunlop.  Desempenho consistente e confiável.  Oferece compatibilidade com múltiplos sistemas operacionais.  Recomendado por especialistas da área. ",103.52,87,4.0,136,"[{""texto"": ""Investimento que vale a pena. Produto de alta qualidade."", ""rating"": 4, ""data"": ""2026-08-04""}, {""texto"": ""Produto excelente, chegou rápido e bem embalado."", ""rating"": 5, ""data"": ""2026-09-15""}, {""texto"": ""Compatibilidade perfeita com meus equipamentos."", ""rating"": 4, ""data"": ""2026-07-01""}]","confiável,prático,durável","{""Material"": ""Aço"", ""Comprimento"": ""107 cm"", ""Peso"": ""1.9 kg"", ""Compatibilidade"": ""Universal""}",Rezende S/A,DUN-ACES-0146,inativo,2026-09-15
147,Boss Estojo de Transporte,Acessórios,Boss,"Acessório indispensável Estojo de Transporte para músicos. Oferece qualidade profissional e durabilidade garantida. Compatível com diversos instrumentos musicais. Perfeito para estúdio, apresentações e prática diária. Construído com materiais premium que garantem excelente funcionalidade. Recomendado por músicos profissionais. Fácil de usar e manter.Testado rigorosamente antes do envio.  Marca: Boss.  Inclui manual de instruções detalhado em português.  Oferece compatibilidade com múltiplos sistemas operacionais.  Fácil de usar e manter. ",417.61,65,4.4,142,"[{""texto"": ""Produto excelente, chegou rápido e bem embalado."", ""rating"": 5, ""data"": ""2026-07-25""}, {""texto"": ""Profissional, durável e confiável. Muito bom!"", ""rating"": 4, ""data"": ""2026-05-07""}, {""texto"": ""Produto excelente, chegou rápido e bem embalado."", ""rating"": 4, ""data"": ""2026-07-30""}, {""texto"": ""Embalagem profissional, produto impecável."", ""rating"": 4, ""data"": ""2026-04-03""}, {""texto"": ""Produto confiável para uso contínuo."", ""rating"": 5, ""data"": ""2026-07-05""}]","ergonômico,prático,durável,confiável,profissional","{""Material"": ""Madeira"", ""Comprimento"": ""141 cm"", ""Peso"": ""1.7 kg"", ""Compatibilidade"": ""Universal""}",Cardoso,BOS-ACES-0147,ativo,2026-08-03
148,Elixir Amplificador para Fone,Acessórios,Elixir,"Acessório indispensável Amplificador para Fone para músicos. Oferece qualidade profissional e durabilidade garantida. Compatível com diversos instrumentos musicais. Perfeito para estúdio, apresentações e prática diária. Construído com materiais premium que garantem excelente funcionalidade. Recomendado por músicos profissionais. Fácil de usar e manter.Fácil de usar e manter.  Suporte técnico disponível 24/7.  Marca: Elixir.  Produto original com nota fiscal e garantia de fábrica.  Excelente custo-benefício. ",304.53,49,4.9,182,"[{""texto"": ""Qualidade premium, recomendo para todos os músicos."", ""rating"": 5, ""data"": ""2026-04-10""}, {""texto"": ""Profissional, durável e confiável. Muito bom!"", ""rating"": 4, ""data"": ""2026-04-27""}, {""texto"": ""Produto excelente, chegou rápido e bem embalado."", ""rating"": 4, ""data"": ""2026-09-23""}, {""texto"": ""Profissional, durável e confiável. Muito bom!"", ""rating"": 4, ""data"": ""2026-05-16""}]","compatível,versátil,ergonômico","{""Material"": ""Borracha"", ""Comprimento"": ""186 cm"", ""Peso"": ""0.4 kg"", ""Compatibilidade"": ""Universal""}",Cirino,ELI-ACES-0148,ativo,2026-05-02
149,Shubb Correia de Couro,Acessórios,Shubb,"Acessório indispensável Correia de Couro para músicos. Oferece qualidade profissional e durabilidade garantida. Compatível com diversos instrumentos musicais. Perfeito para estúdio, apresentações e prática diária. Construído com materiais premium que garantem excelente funcionalidade. Recomendado por músicos profissionais. Fácil de usar e manter.Fácil de usar e manter.  Testado rigorosamente antes do envio.  Excelente custo-benefício.  Produto original com nota fiscal e garantia de fábrica.  Marca: Shubb. ",295.17,58,4.7,62,"[{""texto"": ""Excelente relação qualidade-preço."", ""rating"": 5, ""data"": ""2026-07-10""}, {""texto"": ""Qualidade premium, recomendo para todos os músicos."", ""rating"": 5, ""data"": ""2026-04-27""}, {""texto"": ""Embalagem profissional, produto impecável."", ""rating"": 4, ""data"": ""2026-06-17""}]","essencial,profissional,premium","{""Material"": ""Borracha"", ""Comprimento"": ""127 cm"", ""Peso"": ""1.0 kg"", ""Compatibilidade"": ""Universal""}",Cassiano Garcia - ME,SHU-ACES-0149,ativo,2026-05-22
150,Shubb Limpador de Cordas,Acessórios,Shubb,"Acessório indispensável Limpador de Cordas para músicos. Oferece qualidade profissional e durabilidade garantida. Compatível com diversos instrumentos musicais. Perfeito para estúdio, apresentações e prática diária. Construído com materiais premium que garantem excelente funcionalidade. Recomendado por músicos profissionais. Fácil de usar e manter.Inclui manual de instruções detalhado em português.  Excelente custo-benefício.  Fácil de usar e manter.  Recomendado por especialistas da área.  Suporte técnico disponível 24/7. ",147.67,17,3.9,89,"[{""texto"": ""Produto confiável para uso contínuo."", ""rating"": 5, ""data"": ""2026-06-03""}, {""texto"": ""Investimento que vale a pena. Produto de alta qualidade."", ""rating"": 4, ""data"": ""2026-05-25""}, {""texto"": ""Produto excelente, chegou rápido e bem embalado."", ""rating"": 5, ""data"": ""2026-07-13""}, {""texto"": ""Construção sólida, som cristalino e resposta rápida."", ""rating"": 5, ""data"": ""2026-07-06""}]","profissional,essencial,compatível,premium,confiável,ergonômico","{""Material"": ""Madeira"", ""Comprimento"": ""105 cm"", ""Peso"": ""1.6 kg"", ""Compatibilidade"": ""Universal""}",da Mata Freitas - EI,SHU-ACES-0150,inativo,2026-04-23
151,GHS Correia de Couro,Acessórios,GHS,"Acessório indispensável Correia de Couro para músicos. Oferece qualidade profissional e durabilidade garantida. Compatível com diversos instrumentos musicais. Perfeito para estúdio, apresentações e prática diária. Construído com materiais premium que garantem excelente funcionalidade. Recomendado por músicos profissionais. Fácil de usar e manter.Inclui manual de instruções detalhado em português.  Oferece compatibilidade com múltiplos sistemas operacionais.  Recomendado por especialistas da área.  Desempenho consistente e confiável.  Suporte técnico disponível 24/7. ",271.66,23,4.2,175,"[{""texto"": ""Ideal para profissionais e iniciantes. Muito versátil."", ""rating"": 5, ""data"": ""2026-08-03""}, {""texto"": ""Produto excelente, chegou rápido e bem embalado."", ""rating"": 4, ""data"": ""2026-04-01""}, {""texto"": ""Construção sólida, som cristalino e resposta rápida."", ""rating"": 4, ""data"": ""2026-09-17""}, {""texto"": ""Construção sólida, som cristalino e resposta rápida."", ""rating"": 4, ""data"": ""2026-07-09""}]","versátil,durável,ergonômico,recomendado,essencial,confiável","{""Material"": ""Madeira"", ""Comprimento"": ""84 cm"", ""Peso"": ""1.2 kg"", ""Compatibilidade"": ""Universal""}",Pires Moura - EI,GHS-ACES-0151,ativo,2026-05-18
152,Boss Almofada para Fone,Acessórios,Boss,"Acessório indispensável Almofada para Fone para músicos. Oferece qualidade profissional e durabilidade garantida. Compatível com diversos instrumentos musicais. Perfeito para estúdio, apresentações e prática diária. Construído com materiais premium que garantem excelente funcionalidade. Recomendado por músicos profissionais. Fácil de usar e manter.Inclui manual de instruções detalhado em português.  Excelente custo-benefício.  Produto original com nota fiscal e garantia de fábrica.  Oferece compatibilidade com múltiplos sistemas operacionais.  Marca: Boss. ",345.39,64,3.8,64,"[{""texto"": ""Embalagem profissional, produto impecável."", ""rating"": 5, ""data"": ""2026-09-16""}, {""texto"": ""Sonho realizado! Superou minhas expectativas."", ""rating"": 5, ""data"": ""2026-04-05""}, {""texto"": ""Produto confiável para uso contínuo."", ""rating"": 4, ""data"": ""2026-09-14""}]","versátil,profissional,prático,durável","{""Material"": ""Celulose"", ""Comprimento"": ""97 cm"", ""Peso"": ""1.7 kg"", ""Compatibilidade"": ""Universal""}",Moraes - ME,BOS-ACES-0152,inativo,2026-06-10
153,Shubb Almofada para Fone,Acessórios,Shubb,"Acessório indispensável Almofada para Fone para músicos. Oferece qualidade profissional e durabilidade garantida. Compatível com diversos instrumentos musicais. Perfeito para estúdio, apresentações e prática diária. Construído com materiais premium que garantem excelente funcionalidade. Recomendado por músicos profissionais. Fácil de usar e manter.Fácil de usar e manter.  Inclui manual de instruções detalhado em português.  Desempenho consistente e confiável.  Recomendado por especialistas da área.  Suporte técnico disponível 24/7.  Produto original com nota fiscal e garantia de fábrica. ",106.49,37,4.0,98,"[{""texto"": ""Ideal para profissionais e iniciantes. Muito versátil."", ""rating"": 4, ""data"": ""2026-09-06""}, {""texto"": ""Atendimento excelente e produto de primeira qualidade."", ""rating"": 5, ""data"": ""2026-09-06""}, {""texto"": ""Recomendo fortemente. Melhor compra do ano!"", ""rating"": 5, ""data"": ""2026-05-05""}, {""texto"": ""Recomendo fortemente. Melhor compra do ano!"", ""rating"": 5, ""data"": ""2026-04-10""}, {""texto"": ""Produto excelente, chegou rápido e bem embalado."", ""rating"": 5, ""data"": ""2026-08-23""}]","confiável,versátil,premium,prático,ergonômico,compatível","{""Material"": ""Nylon"", ""Comprimento"": ""110 cm"", ""Peso"": ""1.1 kg"", ""Compatibilidade"": ""Universal""}",Aragão Nogueira S.A.,SHU-ACES-0153,ativo,2026-08-22
154,Boss Capa Protetora,Acessórios,Boss,"Acessório indispensável Capa Protetora para músicos. Oferece qualidade profissional e durabilidade garantida. Compatível com diversos instrumentos musicais. Perfeito para estúdio, apresentações e prática diária. Construído com materiais premium que garantem excelente funcionalidade. Recomendado por músicos profissionais. Fácil de usar e manter.Inclui manual de instruções detalhado em português.  Desempenho consistente e confiável.  Excelente custo-benefício.  Testado rigorosamente antes do envio. ",439.38,54,4.4,91,"[{""texto"": ""Perfeito para estúdio e apresentações. Ótimo custo-benefício."", ""rating"": 5, ""data"": ""2026-07-23""}, {""texto"": ""Perfeito para estúdio e apresentações. Ótimo custo-benefício."", ""rating"": 5, ""data"": ""2026-04-25""}, {""texto"": ""Embalagem profissional, produto impecável."", ""rating"": 4, ""data"": ""2026-09-12""}]","compatível,confiável,ergonômico,durável,premium,essencial","{""Material"": ""Madeira"", ""Comprimento"": ""128 cm"", ""Peso"": ""0.6 kg"", ""Compatibilidade"": ""Universal""}",Marques,BOS-ACES-0154,ativo,2026-03-15
155,Vic Firth Amplificador para Fone,Acessórios,Vic Firth,"Acessório indispensável Amplificador para Fone para músicos. Oferece qualidade profissional e durabilidade garantida. Compatível com diversos instrumentos musicais. Perfeito para estúdio, apresentações e prática diária. Construído com materiais premium que garantem excelente funcionalidade. Recomendado por músicos profissionais. Fácil de usar e manter.Desempenho consistente e confiável.  Marca: Vic Firth.  Recomendado por especialistas da área.  Testado rigorosamente antes do envio.  Inclui manual de instruções detalhado em português. ",365.62,10,4.7,154,"[{""texto"": ""Excelente relação qualidade-preço."", ""rating"": 4, ""data"": ""2026-06-18""}, {""texto"": ""Atendimento excelente e produto de primeira qualidade."", ""rating"": 5, ""data"": ""2026-06-02""}, {""texto"": ""Atendimento excelente e produto de primeira qualidade."", ""rating"": 4, ""data"": ""2026-06-19""}, {""texto"": ""Qualidade premium, recomendo para todos os músicos."", ""rating"": 4, ""data"": ""2026-05-20""}, {""texto"": ""Compatibilidade perfeita com meus equipamentos."", ""rating"": 5, ""data"": ""2026-08-05""}]","versátil,compatível,essencial,premium,ergonômico","{""Material"": ""Nylon"", ""Comprimento"": ""127 cm"", ""Peso"": ""1.5 kg"", ""Compatibilidade"": ""Universal""}",Caldeira Cavalcanti - ME,VIC-ACES-0155,ativo,2026-08-01
156,Korg Baqueta de Nylon,Acessórios,Korg,"Acessório indispensável Baqueta de Nylon para músicos. Oferece qualidade profissional e durabilidade garantida. Compatível com diversos instrumentos musicais. Perfeito para estúdio, apresentações e prática diária. Construído com materiais premium que garantem excelente funcionalidade. Recomendado por músicos profissionais. Fácil de usar e manter.Fácil de usar e manter.  Produto original com nota fiscal e garantia de fábrica.  Oferece compatibilidade com múltiplos sistemas operacionais.  Suporte técnico disponível 24/7.  Inclui manual de instruções detalhado em português. ",479.23,98,4.2,150,"[{""texto"": ""Atendimento excelente e produto de primeira qualidade."", ""rating"": 5, ""data"": ""2026-05-11""}, {""texto"": ""Investimento que vale a pena. Produto de alta qualidade."", ""rating"": 5, ""data"": ""2026-08-03""}, {""texto"": ""Produto confiável para uso contínuo."", ""rating"": 5, ""data"": ""2026-05-04""}]","versátil,recomendado,confiável","{""Material"": ""Aço"", ""Comprimento"": ""106 cm"", ""Peso"": ""1.1 kg"", ""Compatibilidade"": ""Universal""}",Fernandes,KOR-ACES-0156,ativo,2026-06-22
157,Vic Firth Baqueta de Madeira,Acessórios,Vic Firth,"Acessório indispensável Baqueta de Madeira para músicos. Oferece qualidade profissional e durabilidade garantida. Compatível com diversos instrumentos musicais. Perfeito para estúdio, apresentações e prática diária. Construído com materiais premium que garantem excelente funcionalidade. Recomendado por músicos profissionais. Fácil de usar e manter.Testado rigorosamente antes do envio.  Recomendado por especialistas da área.  Desempenho consistente e confiável.  Marca: Vic Firth. ",194.83,78,5.0,138,"[{""texto"": ""Suporte técnico muito responsivo e atencioso."", ""rating"": 5, ""data"": ""2026-05-15""}, {""texto"": ""Investimento que vale a pena. Produto de alta qualidade."", ""rating"": 5, ""data"": ""2026-08-21""}, {""texto"": ""Compatibilidade perfeita com meus equipamentos."", ""rating"": 5, ""data"": ""2026-08-20""}]","profissional,versátil,confiável,durável,compatível,essencial","{""Material"": ""Aço"", ""Comprimento"": ""185 cm"", ""Peso"": ""1.4 kg"", ""Compatibilidade"": ""Universal""}",Casa Grande,VIC-ACES-0157,ativo,2026-08-24
158,Boss Luz LED,Acessórios,Boss,"Acessório indispensável Luz LED para músicos. Oferece qualidade profissional e durabilidade garantida. Compatível com diversos instrumentos musicais. Perfeito para estúdio, apresentações e prática diária. Construído com materiais premium que garantem excelente funcionalidade. Recomendado por músicos profissionais. Fácil de usar e manter.Fácil de usar e manter.  Desempenho consistente e confiável.  Excelente custo-benefício.  Oferece compatibilidade com múltiplos sistemas operacionais.  Marca: Boss. ",20.02,49,4.2,152,"[{""texto"": ""Ideal para profissionais e iniciantes. Muito versátil."", ""rating"": 5, ""data"": ""2026-04-17""}, {""texto"": ""Embalagem profissional, produto impecável."", ""rating"": 5, ""data"": ""2026-07-20""}]","prático,compatível,confiável,durável,recomendado,versátil","{""Material"": ""Borracha"", ""Comprimento"": ""51 cm"", ""Peso"": ""1.3 kg"", ""Compatibilidade"": ""Universal""}",Pinto - ME,BOS-ACES-0158,ativo,2026-01-26
159,Vic Firth Stand para Teclado,Acessórios,Vic Firth,"Acessório indispensável Stand para Teclado para músicos. Oferece qualidade profissional e durabilidade garantida. Compatível com diversos instrumentos musicais. Perfeito para estúdio, apresentações e prática diária. Construído com materiais premium que garantem excelente funcionalidade. Recomendado por músicos profissionais. Fácil de usar e manter.Produto original com nota fiscal e garantia de fábrica.  Marca: Vic Firth.  Oferece compatibilidade com múltiplos sistemas operacionais.  Desempenho consistente e confiável. ",100.34,8,3.5,109,"[{""texto"": ""Qualidade premium, recomendo para todos os músicos."", ""rating"": 4, ""data"": ""2026-04-22""}, {""texto"": ""Recomendo fortemente. Melhor compra do ano!"", ""rating"": 4, ""data"": ""2026-09-01""}]","compatível,ergonômico,premium,confiável","{""Material"": ""Couro"", ""Comprimento"": ""170 cm"", ""Peso"": ""0.9 kg"", ""Compatibilidade"": ""Universal""}",Cavalcanti Pires - ME,VIC-ACES-0159,ativo,2026-02-25
160,Boss Suporte para Partitura,Acessórios,Boss,"Acessório indispensável Suporte para Partitura para músicos. Oferece qualidade profissional e durabilidade garantida. Compatível com diversos instrumentos musicais. Perfeito para estúdio, apresentações e prática diária. Construído com materiais premium que garantem excelente funcionalidade. Recomendado por músicos profissionais. Fácil de usar e manter.Excelente custo-benefício.  Marca: Boss.  Produto original com nota fiscal e garantia de fábrica.  Fácil de usar e manter. ",13.26,56,4.6,129,"[{""texto"": ""Produto excelente, chegou rápido e bem embalado."", ""rating"": 4, ""data"": ""2026-04-18""}, {""texto"": ""Excelente relação qualidade-preço."", ""rating"": 4, ""data"": ""2026-07-16""}]","prático,confiável,versátil,premium,essencial","{""Material"": ""Nylon"", ""Comprimento"": ""185 cm"", ""Peso"": ""0.6 kg"", ""Compatibilidade"": ""Universal""}",Mendonça e Filhos,BOS-ACES-0160,ativo,2026-05-15
161,Shubb Corda de Nylon,Acessórios,Shubb,"Acessório indispensável Corda de Nylon para músicos. Oferece qualidade profissional e durabilidade garantida. Compatível com diversos instrumentos musicais. Perfeito para estúdio, apresentações e prática diária. Construído com materiais premium que garantem excelente funcionalidade. Recomendado por músicos profissionais. Fácil de usar e manter.Produto original com nota fiscal e garantia de fábrica.  Excelente custo-benefício.  Inclui manual de instruções detalhado em português.  Oferece compatibilidade com múltiplos sistemas operacionais. ",193.3,38,4.2,45,"[{""texto"": ""Construção sólida, som cristalino e resposta rápida."", ""rating"": 4, ""data"": ""2026-05-05""}, {""texto"": ""Investimento que vale a pena. Produto de alta qualidade."", ""rating"": 5, ""data"": ""2026-04-30""}, {""texto"": ""Compatibilidade perfeita com meus equipamentos."", ""rating"": 5, ""data"": ""2026-06-27""}, {""texto"": ""Ideal para profissionais e iniciantes. Muito versátil."", ""rating"": 5, ""data"": ""2026-05-18""}, {""texto"": ""Produto confiável para uso contínuo."", ""rating"": 4, ""data"": ""2026-07-30""}]","durável,compatível,recomendado","{""Material"": ""Madeira"", ""Comprimento"": ""104 cm"", ""Peso"": ""1.2 kg"", ""Compatibilidade"": ""Universal""}",Oliveira Sampaio S.A.,SHU-ACES-0161,inativo,2025-10-24
162,Vic Firth Pad MIDI,Acessórios,Vic Firth,"Acessório indispensável Pad MIDI para músicos. Oferece qualidade profissional e durabilidade garantida. Compatível com diversos instrumentos musicais. Perfeito para estúdio, apresentações e prática diária. Construído com materiais premium que garantem excelente funcionalidade. Recomendado por músicos profissionais. Fácil de usar e manter.Marca: Vic Firth.  Suporte técnico disponível 24/7.  Recomendado por especialistas da área.  Inclui manual de instruções detalhado em português.  Excelente custo-benefício.  Fácil de usar e manter. ",409.75,75,3.8,10,"[{""texto"": ""Sonho realizado! Superou minhas expectativas."", ""rating"": 4, ""data"": ""2026-09-12""}, {""texto"": ""Embalagem profissional, produto impecável."", ""rating"": 5, ""data"": ""2026-08-25""}, {""texto"": ""Qualidade premium, recomendo para todos os músicos."", ""rating"": 5, ""data"": ""2026-09-03""}, {""texto"": ""Produto excelente, chegou rápido e bem embalado."", ""rating"": 5, ""data"": ""2026-05-09""}]","durável,profissional,confiável","{""Material"": ""Borracha"", ""Comprimento"": ""71 cm"", ""Peso"": ""0.9 kg"", ""Compatibilidade"": ""Universal""}",da Mata - EI,VIC-ACES-0162,ativo,2025-10-09
163,D'Addario Suporte para Partitura,Acessórios,D'Addario,"Acessório indispensável Suporte para Partitura para músicos. Oferece qualidade profissional e durabilidade garantida. Compatível com diversos instrumentos musicais. Perfeito para estúdio, apresentações e prática diária. Construído com materiais premium que garantem excelente funcionalidade. Recomendado por músicos profissionais. Fácil de usar e manter.Produto original com nota fiscal e garantia de fábrica.  Marca: D'Addario.  Recomendado por especialistas da área.  Testado rigorosamente antes do envio.  Excelente custo-benefício. ",350.23,34,4.7,145,"[{""texto"": ""Embalagem profissional, produto impecável."", ""rating"": 4, ""data"": ""2026-05-13""}, {""texto"": ""Produto confiável para uso contínuo."", ""rating"": 4, ""data"": ""2026-07-22""}, {""texto"": ""Produto confiável para uso contínuo."", ""rating"": 5, ""data"": ""2026-08-03""}, {""texto"": ""Perfeito para estúdio e apresentações. Ótimo custo-benefício."", ""rating"": 4, ""data"": ""2026-04-03""}]","recomendado,ergonômico,prático,essencial,profissional","{""Material"": ""Nylon"", ""Comprimento"": ""78 cm"", ""Peso"": ""1.8 kg"", ""Compatibilidade"": ""Universal""}",Alves,D'A-ACES-0163,ativo,2026-09-14
164,GHS Pedal de Volume,Acessórios,GHS,"Acessório indispensável Pedal de Volume para músicos. Oferece qualidade profissional e durabilidade garantida. Compatível com diversos instrumentos musicais. Perfeito para estúdio, apresentações e prática diária. Construído com materiais premium que garantem excelente funcionalidade. Recomendado por músicos profissionais. Fácil de usar e manter.Desempenho consistente e confiável.  Excelente custo-benefício.  Testado rigorosamente antes do envio.  Suporte técnico disponível 24/7.  Inclui manual de instruções detalhado em português. ",353.35,30,3.6,65,"[{""texto"": ""Qualidade premium, recomendo para todos os músicos."", ""rating"": 4, ""data"": ""2026-06-20""}, {""texto"": ""Construção sólida, som cristalino e resposta rápida."", ""rating"": 5, ""data"": ""2026-04-18""}, {""texto"": ""Qualidade premium, recomendo para todos os músicos."", ""rating"": 4, ""data"": ""2026-04-23""}, {""texto"": ""Qualidade premium, recomendo para todos os músicos."", ""rating"": 5, ""data"": ""2026-05-22""}, {""texto"": ""Sonho realizado! Superou minhas expectativas."", ""rating"": 5, ""data"": ""2026-06-25""}]","versátil,ergonômico,compatível","{""Material"": ""Borracha"", ""Comprimento"": ""157 cm"", ""Peso"": ""0.2 kg"", ""Compatibilidade"": ""Universal""}",Ramos,GHS-ACES-0164,ativo,2026-02-25
165,Boss Afinador Digital,Acessórios,Boss,"Acessório indispensável Afinador Digital para músicos. Oferece qualidade profissional e durabilidade garantida. Compatível com diversos instrumentos musicais. Perfeito para estúdio, apresentações e prática diária. Construído com materiais premium que garantem excelente funcionalidade. Recomendado por músicos profissionais. Fácil de usar e manter.Excelente custo-benefício.  Recomendado por especialistas da área.  Testado rigorosamente antes do envio.  Inclui manual de instruções detalhado em português.  Oferece compatibilidade com múltiplos sistemas operacionais.  Desempenho consistente e confiável. ",81.5,81,4.1,119,"[{""texto"": ""Construção sólida, som cristalino e resposta rápida."", ""rating"": 5, ""data"": ""2026-09-14""}, {""texto"": ""Embalagem profissional, produto impecável."", ""rating"": 4, ""data"": ""2026-04-17""}, {""texto"": ""Suporte técnico muito responsivo e atencioso."", ""rating"": 5, ""data"": ""2026-08-13""}, {""texto"": ""Produto confiável para uso contínuo."", ""rating"": 5, ""data"": ""2026-06-19""}]","versátil,recomendado,profissional,compatível,prático","{""Material"": ""Aço"", ""Comprimento"": ""123 cm"", ""Peso"": ""0.9 kg"", ""Compatibilidade"": ""Universal""}",Vasconcelos,BOS-ACES-0165,ativo,2026-05-15
166,Ernie Ball Suporte para Partitura,Acessórios,Ernie Ball,"Acessório indispensável Suporte para Partitura para músicos. Oferece qualidade profissional e durabilidade garantida. Compatível com diversos instrumentos musicais. Perfeito para estúdio, apresentações e prática diária. Construído com materiais premium que garantem excelente funcionalidade. Recomendado por músicos profissionais. Fácil de usar e manter.Fácil de usar e manter.  Marca: Ernie Ball.  Recomendado por especialistas da área.  Desempenho consistente e confiável.  Excelente custo-benefício.  Produto original com nota fiscal e garantia de fábrica. ",322.42,9,3.5,7,"[{""texto"": ""Construção sólida, som cristalino e resposta rápida."", ""rating"": 4, ""data"": ""2026-05-13""}, {""texto"": ""Perfeito para estúdio e apresentações. Ótimo custo-benefício."", ""rating"": 5, ""data"": ""2026-05-21""}]","confiável,compatível,recomendado,ergonômico","{""Material"": ""Celulose"", ""Comprimento"": ""121 cm"", ""Peso"": ""0.4 kg"", ""Compatibilidade"": ""Universal""}",Cavalcanti,ERN-ACES-0166,ativo,2025-10-15
167,Fender Plectro de Aço,Acessórios,Fender,"Acessório indispensável Plectro de Aço para músicos. Oferece qualidade profissional e durabilidade garantida. Compatível com diversos instrumentos musicais. Perfeito para estúdio, apresentações e prática diária. Construído com materiais premium que garantem excelente funcionalidade. Recomendado por músicos profissionais. Fácil de usar e manter.Recomendado por especialistas da área.  Marca: Fender.  Inclui manual de instruções detalhado em português.  Produto original com nota fiscal e garantia de fábrica.  Fácil de usar e manter. ",384.3,42,3.7,66,"[{""texto"": ""Investimento que vale a pena. Produto de alta qualidade."", ""rating"": 4, ""data"": ""2026-05-09""}, {""texto"": ""Compatibilidade perfeita com meus equipamentos."", ""rating"": 5, ""data"": ""2026-07-12""}]","premium,confiável,recomendado","{""Material"": ""Celulose"", ""Comprimento"": ""134 cm"", ""Peso"": ""0.9 kg"", ""Compatibilidade"": ""Universal""}",Moreira Duarte S/A,FEN-ACES-0167,ativo,2025-10-31
168,Zoom Estojo Rígido,Acessórios,Zoom,"Acessório indispensável Estojo Rígido para músicos. Oferece qualidade profissional e durabilidade garantida. Compatível com diversos instrumentos musicais. Perfeito para estúdio, apresentações e prática diária. Construído com materiais premium que garantem excelente funcionalidade. Recomendado por músicos profissionais. Fácil de usar e manter.Testado rigorosamente antes do envio.  Fácil de usar e manter.  Recomendado por especialistas da área.  Marca: Zoom.  Suporte técnico disponível 24/7.  Inclui manual de instruções detalhado em português. ",352.58,72,4.7,156,"[{""texto"": ""Construção sólida, som cristalino e resposta rápida."", ""rating"": 4, ""data"": ""2026-05-15""}, {""texto"": ""Embalagem profissional, produto impecável."", ""rating"": 5, ""data"": ""2026-04-22""}]","premium,prático,profissional","{""Material"": ""Celulose"", ""Comprimento"": ""143 cm"", ""Peso"": ""1.8 kg"", ""Compatibilidade"": ""Universal""}",Siqueira Ltda.,ZOO-ACES-0168,ativo,2026-03-24
169,Elixir Desoxidante,Acessórios,Elixir,"Acessório indispensável Desoxidante para músicos. Oferece qualidade profissional e durabilidade garantida. Compatível com diversos instrumentos musicais. Perfeito para estúdio, apresentações e prática diária. Construído com materiais premium que garantem excelente funcionalidade. Recomendado por músicos profissionais. Fácil de usar e manter.Suporte técnico disponível 24/7.  Recomendado por especialistas da área.  Testado rigorosamente antes do envio.  Inclui manual de instruções detalhado em português. ",310.56,25,4.1,158,"[{""texto"": ""Produto confiável para uso contínuo."", ""rating"": 5, ""data"": ""2026-05-13""}, {""texto"": ""Recomendo fortemente. Melhor compra do ano!"", ""rating"": 4, ""data"": ""2026-08-24""}, {""texto"": ""Produto excelente, chegou rápido e bem embalado."", ""rating"": 4, ""data"": ""2026-04-21""}, {""texto"": ""Atendimento excelente e produto de primeira qualidade."", ""rating"": 5, ""data"": ""2026-06-25""}]","compatível,prático,versátil","{""Material"": ""Madeira"", ""Comprimento"": ""75 cm"", ""Peso"": ""1.1 kg"", ""Compatibilidade"": ""Universal""}",Jesus e Filhos,ELI-ACES-0169,ativo,2025-10-14
170,Fender Cabos XLR,Acessórios,Fender,"Acessório indispensável Cabos XLR para músicos. Oferece qualidade profissional e durabilidade garantida. Compatível com diversos instrumentos musicais. Perfeito para estúdio, apresentações e prática diária. Construído com materiais premium que garantem excelente funcionalidade. Recomendado por músicos profissionais. Fácil de usar e manter.Marca: Fender.  Testado rigorosamente antes do envio.  Excelente custo-benefício.  Recomendado por especialistas da área.  Desempenho consistente e confiável.  Inclui manual de instruções detalhado em português. ",400.64,44,4.1,76,"[{""texto"": ""Construção sólida, som cristalino e resposta rápida."", ""rating"": 5, ""data"": ""2026-05-18""}, {""texto"": ""Excelente relação qualidade-preço."", ""rating"": 4, ""data"": ""2026-04-14""}, {""texto"": ""Profissional, durável e confiável. Muito bom!"", ""rating"": 5, ""data"": ""2026-04-01""}]","ergonômico,versátil,essencial,profissional,premium","{""Material"": ""Aço"", ""Comprimento"": ""125 cm"", ""Peso"": ""1.9 kg"", ""Compatibilidade"": ""Universal""}",Ribeiro,FEN-ACES-0170,inativo,2026-06-01
171,Zoom Baqueta de Madeira,Acessórios,Zoom,"Acessório indispensável Baqueta de Madeira para músicos. Oferece qualidade profissional e durabilidade garantida. Compatível com diversos instrumentos musicais. Perfeito para estúdio, apresentações e prática diária. Construído com materiais premium que garantem excelente funcionalidade. Recomendado por músicos profissionais. Fácil de usar e manter.Inclui manual de instruções detalhado em português.  Suporte técnico disponível 24/7.  Desempenho consistente e confiável.  Recomendado por especialistas da área.  Testado rigorosamente antes do envio. ",319.14,80,5.0,180,"[{""texto"": ""Produto excelente, chegou rápido e bem embalado."", ""rating"": 5, ""data"": ""2026-09-15""}, {""texto"": ""Profissional, durável e confiável. Muito bom!"", ""rating"": 4, ""data"": ""2026-06-24""}, {""texto"": ""Excelente relação qualidade-preço."", ""rating"": 5, ""data"": ""2026-09-16""}, {""texto"": ""Investimento que vale a pena. Produto de alta qualidade."", ""rating"": 4, ""data"": ""2026-07-19""}]","durável,compatível,confiável,ergonômico","{""Material"": ""Nylon"", ""Comprimento"": ""88 cm"", ""Peso"": ""1.4 kg"", ""Compatibilidade"": ""Universal""}",Abreu,ZOO-ACES-0171,ativo,2026-06-08
172,Dunlop Luz LED,Acessórios,Dunlop,"Acessório indispensável Luz LED para músicos. Oferece qualidade profissional e durabilidade garantida. Compatível com diversos instrumentos musicais. Perfeito para estúdio, apresentações e prática diária. Construído com materiais premium que garantem excelente funcionalidade. Recomendado por músicos profissionais. Fácil de usar e manter.Suporte técnico disponível 24/7.  Oferece compatibilidade com múltiplos sistemas operacionais.  Marca: Dunlop.  Recomendado por especialistas da área.  Inclui manual de instruções detalhado em português. ",243.42,34,4.5,101,"[{""texto"": ""Recomendo fortemente. Melhor compra do ano!"", ""rating"": 5, ""data"": ""2026-08-09""}, {""texto"": ""Embalagem profissional, produto impecável."", ""rating"": 4, ""data"": ""2026-06-27""}]","essencial,prático,ergonômico,durável","{""Material"": ""Celulose"", ""Comprimento"": ""138 cm"", ""Peso"": ""1.0 kg"", ""Compatibilidade"": ""Universal""}",Freitas - EI,DUN-ACES-0172,inativo,2026-02-07
173,Zoom Humidificador,Acessórios,Zoom,"Acessório indispensável Humidificador para músicos. Oferece qualidade profissional e durabilidade garantida. Compatível com diversos instrumentos musicais. Perfeito para estúdio, apresentações e prática diária. Construído com materiais premium que garantem excelente funcionalidade. Recomendado por músicos profissionais. Fácil de usar e manter.Suporte técnico disponível 24/7.  Recomendado por especialistas da área.  Marca: Zoom.  Desempenho consistente e confiável.  Testado rigorosamente antes do envio. ",474.22,60,4.3,31,"[{""texto"": ""Construção sólida, som cristalino e resposta rápida."", ""rating"": 5, ""data"": ""2026-04-21""}, {""texto"": ""Qualidade premium, recomendo para todos os músicos."", ""rating"": 4, ""data"": ""2026-05-22""}, {""texto"": ""Construção sólida, som cristalino e resposta rápida."", ""rating"": 5, ""data"": ""2026-05-27""}, {""texto"": ""Recomendo fortemente. Melhor compra do ano!"", ""rating"": 5, ""data"": ""2026-08-09""}, {""texto"": ""Ideal para profissionais e iniciantes. Muito versátil."", ""rating"": 4, ""data"": ""2026-08-11""}]","profissional,essencial,premium,prático,versátil,compatível","{""Material"": ""Nylon"", ""Comprimento"": ""172 cm"", ""Peso"": ""1.6 kg"", ""Compatibilidade"": ""Universal""}",Lopes,ZOO-ACES-0173,ativo,2026-05-17
174,Fender Corda de Nylon,Acessórios,Fender,"Acessório indispensável Corda de Nylon para músicos. Oferece qualidade profissional e durabilidade garantida. Compatível com diversos instrumentos musicais. Perfeito para estúdio, apresentações e prática diária. Construído com materiais premium que garantem excelente funcionalidade. Recomendado por músicos profissionais. Fácil de usar e manter.Recomendado por especialistas da área.  Oferece compatibilidade com múltiplos sistemas operacionais.  Marca: Fender.  Testado rigorosamente antes do envio.  Excelente custo-benefício.  Inclui manual de instruções detalhado em português. ",82.11,96,3.5,163,"[{""texto"": ""Perfeito para estúdio e apresentações. Ótimo custo-benefício."", ""rating"": 4, ""data"": ""2026-09-13""}, {""texto"": ""Sonho realizado! Superou minhas expectativas."", ""rating"": 5, ""data"": ""2026-04-07""}, {""texto"": ""Perfeito para estúdio e apresentações. Ótimo custo-benefício."", ""rating"": 5, ""data"": ""2026-07-10""}]","versátil,essencial,recomendado","{""Material"": ""Couro"", ""Comprimento"": ""65 cm"", ""Peso"": ""1.1 kg"", ""Compatibilidade"": ""Universal""}",Silveira Rocha - EI,FEN-ACES-0174,ativo,2026-07-22
175,Vic Firth Plectro de Aço,Acessórios,Vic Firth,"Acessório indispensável Plectro de Aço para músicos. Oferece qualidade profissional e durabilidade garantida. Compatível com diversos instrumentos musicais. Perfeito para estúdio, apresentações e prática diária. Construído com materiais premium que garantem excelente funcionalidade. Recomendado por músicos profissionais. Fácil de usar e manter.Fácil de usar e manter.  Testado rigorosamente antes do envio.  Inclui manual de instruções detalhado em português.  Excelente custo-benefício.  Suporte técnico disponível 24/7.  Marca: Vic Firth. ",138.9,91,4.3,23,"[{""texto"": ""Investimento que vale a pena. Produto de alta qualidade."", ""rating"": 5, ""data"": ""2026-05-12""}, {""texto"": ""Ideal para profissionais e iniciantes. Muito versátil."", ""rating"": 4, ""data"": ""2026-09-20""}]","durável,ergonômico,versátil,prático","{""Material"": ""Couro"", ""Comprimento"": ""154 cm"", ""Peso"": ""1.7 kg"", ""Compatibilidade"": ""Universal""}",Pimenta,VIC-ACES-0175,ativo,2026-07-06
176,Zoom Corda de Nylon,Acessórios,Zoom,"Acessório indispensável Corda de Nylon para músicos. Oferece qualidade profissional e durabilidade garantida. Compatível com diversos instrumentos musicais. Perfeito para estúdio, apresentações e prática diária. Construído com materiais premium que garantem excelente funcionalidade. Recomendado por músicos profissionais. Fácil de usar e manter.Excelente custo-benefício.  Fácil de usar e manter.  Recomendado por especialistas da área.  Produto original com nota fiscal e garantia de fábrica.  Testado rigorosamente antes do envio.  Oferece compatibilidade com múltiplos sistemas operacionais. ",318.52,22,3.8,163,"[{""texto"": ""Profissional, durável e confiável. Muito bom!"", ""rating"": 4, ""data"": ""2026-05-15""}, {""texto"": ""Recomendo fortemente. Melhor compra do ano!"", ""rating"": 4, ""data"": ""2026-08-08""}, {""texto"": ""Produto confiável para uso contínuo."", ""rating"": 4, ""data"": ""2026-04-21""}]","premium,ergonômico,essencial","{""Material"": ""Borracha"", ""Comprimento"": ""143 cm"", ""Peso"": ""1.5 kg"", ""Compatibilidade"": ""Universal""}",Garcia,ZOO-ACES-0176,ativo,2025-09-30
177,Dunlop Corda de Aço,Acessórios,Dunlop,"Acessório indispensável Corda de Aço para músicos. Oferece qualidade profissional e durabilidade garantida. Compatível com diversos instrumentos musicais. Perfeito para estúdio, apresentações e prática diária. Construído com materiais premium que garantem excelente funcionalidade. Recomendado por músicos profissionais. Fácil de usar e manter.Excelente custo-benefício.  Marca: Dunlop.  Produto original com nota fiscal e garantia de fábrica.  Suporte técnico disponível 24/7. ",142.48,61,4.6,82,"[{""texto"": ""Construção sólida, som cristalino e resposta rápida."", ""rating"": 4, ""data"": ""2026-07-11""}, {""texto"": ""Suporte técnico muito responsivo e atencioso."", ""rating"": 5, ""data"": ""2026-07-13""}, {""texto"": ""Embalagem profissional, produto impecável."", ""rating"": 5, ""data"": ""2026-09-02""}]","durável,recomendado,ergonômico,essencial","{""Material"": ""Celulose"", ""Comprimento"": ""109 cm"", ""Peso"": ""1.4 kg"", ""Compatibilidade"": ""Universal""}",Alves e Filhos,DUN-ACES-0177,ativo,2026-05-25
178,Boss Correia de Couro,Acessórios,Boss,"Acessório indispensável Correia de Couro para músicos. Oferece qualidade profissional e durabilidade garantida. Compatível com diversos instrumentos musicais. Perfeito para estúdio, apresentações e prática diária. Construído com materiais premium que garantem excelente funcionalidade. Recomendado por músicos profissionais. Fácil de usar e manter.Oferece compatibilidade com múltiplos sistemas operacionais.  Desempenho consistente e confiável.  Inclui manual de instruções detalhado em português.  Produto original com nota fiscal e garantia de fábrica. ",311.34,23,4.3,34,"[{""texto"": ""Excelente relação qualidade-preço."", ""rating"": 4, ""data"": ""2026-09-09""}, {""texto"": ""Qualidade premium, recomendo para todos os músicos."", ""rating"": 5, ""data"": ""2026-05-14""}, {""texto"": ""Produto excelente, chegou rápido e bem embalado."", ""rating"": 5, ""data"": ""2026-07-19""}, {""texto"": ""Compatibilidade perfeita com meus equipamentos."", ""rating"": 4, ""data"": ""2026-05-08""}]","recomendado,ergonômico,prático,compatível,confiável,durável","{""Material"": ""Madeira"", ""Comprimento"": ""116 cm"", ""Peso"": ""1.2 kg"", ""Compatibilidade"": ""Universal""}",Alves,BOS-ACES-0178,ativo,2025-11-15
179,Korg Corda de Nylon,Acessórios,Korg,"Acessório indispensável Corda de Nylon para músicos. Oferece qualidade profissional e durabilidade garantida. Compatível com diversos instrumentos musicais. Perfeito para estúdio, apresentações e prática diária. Construído com materiais premium que garantem excelente funcionalidade. Recomendado por músicos profissionais. Fácil de usar e manter.Suporte técnico disponível 24/7.  Oferece compatibilidade com múltiplos sistemas operacionais.  Excelente custo-benefício.  Inclui manual de instruções detalhado em português. ",365.16,66,4.9,58,"[{""texto"": ""Profissional, durável e confiável. Muito bom!"", ""rating"": 5, ""data"": ""2026-06-13""}, {""texto"": ""Embalagem profissional, produto impecável."", ""rating"": 5, ""data"": ""2026-04-05""}, {""texto"": ""Ideal para profissionais e iniciantes. Muito versátil."", ""rating"": 5, ""data"": ""2026-03-30""}, {""texto"": ""Embalagem profissional, produto impecável."", ""rating"": 5, ""data"": ""2026-05-21""}, {""texto"": ""Recomendo fortemente. Melhor compra do ano!"", ""rating"": 5, ""data"": ""2026-08-11""}]","ergonômico,versátil,essencial,durável,premium,prático","{""Material"": ""Aço"", ""Comprimento"": ""111 cm"", ""Peso"": ""1.7 kg"", ""Compatibilidade"": ""Universal""}",Albuquerque,KOR-ACES-0179,ativo,2026-03-23
180,Ernie Ball Afinador Digital,Acessórios,Ernie Ball,"Acessório indispensável Afinador Digital para músicos. Oferece qualidade profissional e durabilidade garantida. Compatível com diversos instrumentos musicais. Perfeito para estúdio, apresentações e prática diária. Construído com materiais premium que garantem excelente funcionalidade. Recomendado por músicos profissionais. Fácil de usar e manter.Desempenho consistente e confiável.  Testado rigorosamente antes do envio.  Suporte técnico disponível 24/7.  Recomendado por especialistas da área. ",242.7,11,3.7,74,"[{""texto"": ""Sonho realizado! Superou minhas expectativas."", ""rating"": 5, ""data"": ""2026-04-27""}, {""texto"": ""Construção sólida, som cristalino e resposta rápida."", ""rating"": 4, ""data"": ""2026-08-29""}, {""texto"": ""Perfeito para estúdio e apresentações. Ótimo custo-benefício."", ""rating"": 4, ""data"": ""2026-08-11""}]","profissional,versátil,essencial,ergonômico,recomendado","{""Material"": ""Aço"", ""Comprimento"": ""81 cm"", ""Peso"": ""1.5 kg"", ""Compatibilidade"": ""Universal""}",Pastor da Conceição S.A.,ERN-ACES-0180,ativo,2026-07-27
181,GHS Correia de Couro,Acessórios,GHS,"Acessório indispensável Correia de Couro para músicos. Oferece qualidade profissional e durabilidade garantida. Compatível com diversos instrumentos musicais. Perfeito para estúdio, apresentações e prática diária. Construído com materiais premium que garantem excelente funcionalidade. Recomendado por músicos profissionais. Fácil de usar e manter.Excelente custo-benefício.  Oferece compatibilidade com múltiplos sistemas operacionais.  Marca: GHS.  Recomendado por especialistas da área.  Produto original com nota fiscal e garantia de fábrica. ",486.57,85,4.3,121,"[{""texto"": ""Investimento que vale a pena. Produto de alta qualidade."", ""rating"": 5, ""data"": ""2026-09-22""}, {""texto"": ""Recomendo fortemente. Melhor compra do ano!"", ""rating"": 4, ""data"": ""2026-06-23""}, {""texto"": ""Profissional, durável e confiável. Muito bom!"", ""rating"": 4, ""data"": ""2026-05-15""}, {""texto"": ""Profissional, durável e confiável. Muito bom!"", ""rating"": 4, ""data"": ""2026-07-25""}, {""texto"": ""Produto confiável para uso contínuo."", ""rating"": 4, ""data"": ""2026-04-23""}]","durável,prático,compatível,recomendado","{""Material"": ""Couro"", ""Comprimento"": ""81 cm"", ""Peso"": ""0.7 kg"", ""Compatibilidade"": ""Universal""}",Cavalcante,GHS-ACES-0181,ativo,2026-01-16
182,Vic Firth Suporte para Partitura,Acessórios,Vic Firth,"Acessório indispensável Suporte para Partitura para músicos. Oferece qualidade profissional e durabilidade garantida. Compatível com diversos instrumentos musicais. Perfeito para estúdio, apresentações e prática diária. Construído com materiais premium que garantem excelente funcionalidade. Recomendado por músicos profissionais. Fácil de usar e manter.Recomendado por especialistas da área.  Oferece compatibilidade com múltiplos sistemas operacionais.  Fácil de usar e manter.  Excelente custo-benefício.  Produto original com nota fiscal e garantia de fábrica. ",471.33,58,4.9,96,"[{""texto"": ""Suporte técnico muito responsivo e atencioso."", ""rating"": 4, ""data"": ""2026-07-13""}, {""texto"": ""Investimento que vale a pena. Produto de alta qualidade."", ""rating"": 5, ""data"": ""2026-08-22""}, {""texto"": ""Construção sólida, som cristalino e resposta rápida."", ""rating"": 4, ""data"": ""2026-07-09""}, {""texto"": ""Suporte técnico muito responsivo e atencioso."", ""rating"": 5, ""data"": ""2026-06-06""}, {""texto"": ""Atendimento excelente e produto de primeira qualidade."", ""rating"": 5, ""data"": ""2026-08-27""}]","premium,essencial,compatível,prático","{""Material"": ""Couro"", ""Comprimento"": ""59 cm"", ""Peso"": ""1.2 kg"", ""Compatibilidade"": ""Universal""}",Silveira Ltda.,VIC-ACES-0182,ativo,2026-05-09
183,Korg Baqueta de Madeira,Acessórios,Korg,"Acessório indispensável Baqueta de Madeira para músicos. Oferece qualidade profissional e durabilidade garantida. Compatível com diversos instrumentos musicais. Perfeito para estúdio, apresentações e prática diária. Construído com materiais premium que garantem excelente funcionalidade. Recomendado por músicos profissionais. Fácil de usar e manter.Marca: Korg.  Inclui manual de instruções detalhado em português.  Excelente custo-benefício.  Oferece compatibilidade com múltiplos sistemas operacionais. ",186.36,76,4.8,177,"[{""texto"": ""Atendimento excelente e produto de primeira qualidade."", ""rating"": 5, ""data"": ""2026-05-14""}, {""texto"": ""Compatibilidade perfeita com meus equipamentos."", ""rating"": 5, ""data"": ""2026-09-01""}]","durável,compatível,confiável","{""Material"": ""Madeira"", ""Comprimento"": ""52 cm"", ""Peso"": ""1.6 kg"", ""Compatibilidade"": ""Universal""}",Caldeira Borges Ltda.,KOR-ACES-0183,ativo,2025-11-30
184,Ernie Ball Metrônomo,Acessórios,Ernie Ball,"Acessório indispensável Metrônomo para músicos. Oferece qualidade profissional e durabilidade garantida. Compatível com diversos instrumentos musicais. Perfeito para estúdio, apresentações e prática diária. Construído com materiais premium que garantem excelente funcionalidade. Recomendado por músicos profissionais. Fácil de usar e manter.Oferece compatibilidade com múltiplos sistemas operacionais.  Marca: Ernie Ball.  Produto original com nota fiscal e garantia de fábrica.  Excelente custo-benefício. ",196.14,80,4.0,82,"[{""texto"": ""Embalagem profissional, produto impecável."", ""rating"": 5, ""data"": ""2026-08-26""}, {""texto"": ""Produto excelente, chegou rápido e bem embalado."", ""rating"": 5, ""data"": ""2026-04-28""}]","prático,essencial,premium","{""Material"": ""Madeira"", ""Comprimento"": ""70 cm"", ""Peso"": ""1.1 kg"", ""Compatibilidade"": ""Universal""}",Cavalcanti,ERN-ACES-0184,ativo,2025-11-17
185,Korg Estojo Rígido,Acessórios,Korg,"Acessório indispensável Estojo Rígido para músicos. Oferece qualidade profissional e durabilidade garantida. Compatível com diversos instrumentos musicais. Perfeito para estúdio, apresentações e prática diária. Construído com materiais premium que garantem excelente funcionalidade. Recomendado por músicos profissionais. Fácil de usar e manter.Marca: Korg.  Recomendado por especialistas da área.  Suporte técnico disponível 24/7.  Excelente custo-benefício.  Inclui manual de instruções detalhado em português. ",258.48,85,4.4,136,"[{""texto"": ""Investimento que vale a pena. Produto de alta qualidade."", ""rating"": 5, ""data"": ""2026-07-06""}, {""texto"": ""Embalagem profissional, produto impecável."", ""rating"": 5, ""data"": ""2026-08-02""}]","profissional,prático,durável,confiável,versátil,recomendado","{""Material"": ""Nylon"", ""Comprimento"": ""112 cm"", ""Peso"": ""0.8 kg"", ""Compatibilidade"": ""Universal""}",Albuquerque,KOR-ACES-0185,ativo,2026-08-29
186,Shubb Baqueta de Madeira,Acessórios,Shubb,"Acessório indispensável Baqueta de Madeira para músicos. Oferece qualidade profissional e durabilidade garantida. Compatível com diversos instrumentos musicais. Perfeito para estúdio, apresentações e prática diária. Construído com materiais premium que garantem excelente funcionalidade. Recomendado por músicos profissionais. Fácil de usar e manter.Inclui manual de instruções detalhado em português.  Produto original com nota fiscal e garantia de fábrica.  Suporte técnico disponível 24/7.  Recomendado por especialistas da área.  Marca: Shubb. ",26.81,13,4.2,152,"[{""texto"": ""Sonho realizado! Superou minhas expectativas."", ""rating"": 5, ""data"": ""2026-08-18""}, {""texto"": ""Recomendo fortemente. Melhor compra do ano!"", ""rating"": 5, ""data"": ""2026-04-07""}, {""texto"": ""Produto confiável para uso contínuo."", ""rating"": 5, ""data"": ""2026-05-28""}, {""texto"": ""Atendimento excelente e produto de primeira qualidade."", ""rating"": 4, ""data"": ""2026-04-28""}]","premium,recomendado,compatível,ergonômico","{""Material"": ""Celulose"", ""Comprimento"": ""127 cm"", ""Peso"": ""0.6 kg"", ""Compatibilidade"": ""Universal""}",Abreu,SHU-ACES-0186,ativo,2025-09-29
187,Boss Pad MIDI,Acessórios,Boss,"Acessório indispensável Pad MIDI para músicos. Oferece qualidade profissional e durabilidade garantida. Compatível com diversos instrumentos musicais. Perfeito para estúdio, apresentações e prática diária. Construído com materiais premium que garantem excelente funcionalidade. Recomendado por músicos profissionais. Fácil de usar e manter.Marca: Boss.  Oferece compatibilidade com múltiplos sistemas operacionais.  Recomendado por especialistas da área.  Inclui manual de instruções detalhado em português.  Desempenho consistente e confiável.  Produto original com nota fiscal e garantia de fábrica. ",232.75,96,4.3,163,"[{""texto"": ""Atendimento excelente e produto de primeira qualidade."", ""rating"": 4, ""data"": ""2026-07-29""}, {""texto"": ""Excelente relação qualidade-preço."", ""rating"": 5, ""data"": ""2026-07-17""}, {""texto"": ""Recomendo fortemente. Melhor compra do ano!"", ""rating"": 5, ""data"": ""2026-06-27""}, {""texto"": ""Excelente relação qualidade-preço."", ""rating"": 5, ""data"": ""2026-08-12""}, {""texto"": ""Perfeito para estúdio e apresentações. Ótimo custo-benefício."", ""rating"": 4, ""data"": ""2026-06-02""}]","essencial,prático,confiável,versátil,compatível,profissional","{""Material"": ""Aço"", ""Comprimento"": ""166 cm"", ""Peso"": ""2.0 kg"", ""Compatibilidade"": ""Universal""}",Castro,BOS-ACES-0187,ativo,2026-08-07
188,Boss Estojo Rígido,Acessórios,Boss,"Acessório indispensável Estojo Rígido para músicos. Oferece qualidade profissional e durabilidade garantida. Compatível com diversos instrumentos musicais. Perfeito para estúdio, apresentações e prática diária. Construído com materiais premium que garantem excelente funcionalidade. Recomendado por músicos profissionais. Fácil de usar e manter.Testado rigorosamente antes do envio.  Recomendado por especialistas da área.  Inclui manual de instruções detalhado em português.  Desempenho consistente e confiável. ",18.36,37,4.7,189,"[{""texto"": ""Embalagem profissional, produto impecável."", ""rating"": 5, ""data"": ""2026-06-24""}, {""texto"": ""Construção sólida, som cristalino e resposta rápida."", ""rating"": 5, ""data"": ""2026-09-04""}]","compatível,premium,ergonômico,essencial,prático,versátil","{""Material"": ""Madeira"", ""Comprimento"": ""88 cm"", ""Peso"": ""0.6 kg"", ""Compatibilidade"": ""Universal""}",Campos e Filhos,BOS-ACES-0188,ativo,2026-05-24
189,D'Addario Plectro de Celulose,Acessórios,D'Addario,"Acessório indispensável Plectro de Celulose para músicos. Oferece qualidade profissional e durabilidade garantida. Compatível com diversos instrumentos musicais. Perfeito para estúdio, apresentações e prática diária. Construído com materiais premium que garantem excelente funcionalidade. Recomendado por músicos profissionais. Fácil de usar e manter.Excelente custo-benefício.  Suporte técnico disponível 24/7.  Desempenho consistente e confiável.  Produto original com nota fiscal e garantia de fábrica.  Oferece compatibilidade com múltiplos sistemas operacionais. ",25.68,99,4.7,147,"[{""texto"": ""Suporte técnico muito responsivo e atencioso."", ""rating"": 4, ""data"": ""2026-05-02""}, {""texto"": ""Embalagem profissional, produto impecável."", ""rating"": 4, ""data"": ""2026-04-09""}, {""texto"": ""Excelente relação qualidade-preço."", ""rating"": 5, ""data"": ""2026-09-14""}, {""texto"": ""Compatibilidade perfeita com meus equipamentos."", ""rating"": 4, ""data"": ""2026-08-31""}, {""texto"": ""Sonho realizado! Superou minhas expectativas."", ""rating"": 5, ""data"": ""2026-04-28""}]","profissional,compatível,versátil","{""Material"": ""Borracha"", ""Comprimento"": ""121 cm"", ""Peso"": ""1.1 kg"", ""Compatibilidade"": ""Universal""}",Cardoso Albuquerque - EI,D'A-ACES-0189,ativo,2025-11-04
190,Dunlop Amplificador para Fone,Acessórios,Dunlop,"Acessório indispensável Amplificador para Fone para músicos. Oferece qualidade profissional e durabilidade garantida. Compatível com diversos instrumentos musicais. Perfeito para estúdio, apresentações e prática diária. Construído com materiais premium que garantem excelente funcionalidade. Recomendado por músicos profissionais. Fácil de usar e manter.Inclui manual de instruções detalhado em português.  Produto original com nota fiscal e garantia de fábrica.  Testado rigorosamente antes do envio.  Recomendado por especialistas da área.  Marca: Dunlop.  Oferece compatibilidade com múltiplos sistemas operacionais. ",136.25,34,5.0,177,"[{""texto"": ""Produto confiável para uso contínuo."", ""rating"": 4, ""data"": ""2026-06-20""}, {""texto"": ""Construção sólida, som cristalino e resposta rápida."", ""rating"": 5, ""data"": ""2026-09-24""}, {""texto"": ""Recomendo fortemente. Melhor compra do ano!"", ""rating"": 4, ""data"": ""2026-05-25""}]","versátil,confiável,essencial,prático","{""Material"": ""Aço"", ""Comprimento"": ""114 cm"", ""Peso"": ""0.7 kg"", ""Compatibilidade"": ""Universal""}",da Rosa,DUN-ACES-0190,ativo,2026-08-01
191,Boss Pad MIDI,Acessórios,Boss,"Acessório indispensável Pad MIDI para músicos. Oferece qualidade profissional e durabilidade garantida. Compatível com diversos instrumentos musicais. Perfeito para estúdio, apresentações e prática diária. Construído com materiais premium que garantem excelente funcionalidade. Recomendado por músicos profissionais. Fácil de usar e manter.Oferece compatibilidade com múltiplos sistemas operacionais.  Desempenho consistente e confiável.  Inclui manual de instruções detalhado em português.  Fácil de usar e manter. ",197.29,11,4.9,151,"[{""texto"": ""Produto excelente, chegou rápido e bem embalado."", ""rating"": 4, ""data"": ""2026-08-22""}, {""texto"": ""Perfeito para estúdio e apresentações. Ótimo custo-benefício."", ""rating"": 4, ""data"": ""2026-08-07""}, {""texto"": ""Compatibilidade perfeita com meus equipamentos."", ""rating"": 5, ""data"": ""2026-08-17""}, {""texto"": ""Excelente relação qualidade-preço."", ""rating"": 4, ""data"": ""2026-04-17""}]","profissional,essencial,confiável","{""Material"": ""Couro"", ""Comprimento"": ""90 cm"", ""Peso"": ""0.3 kg"", ""Compatibilidade"": ""Universal""}",Moreira Albuquerque S.A.,BOS-ACES-0191,ativo,2025-12-10
192,D'Addario Plectro de Celulose,Acessórios,D'Addario,"Acessório indispensável Plectro de Celulose para músicos. Oferece qualidade profissional e durabilidade garantida. Compatível com diversos instrumentos musicais. Perfeito para estúdio, apresentações e prática diária. Construído com materiais premium que garantem excelente funcionalidade. Recomendado por músicos profissionais. Fácil de usar e manter.Suporte técnico disponível 24/7.  Testado rigorosamente antes do envio.  Desempenho consistente e confiável.  Recomendado por especialistas da área.  Fácil de usar e manter.  Produto original com nota fiscal e garantia de fábrica. ",185.8,49,4.8,178,"[{""texto"": ""Profissional, durável e confiável. Muito bom!"", ""rating"": 4, ""data"": ""2026-08-31""}, {""texto"": ""Suporte técnico muito responsivo e atencioso."", ""rating"": 4, ""data"": ""2026-05-08""}, {""texto"": ""Perfeito para estúdio e apresentações. Ótimo custo-benefício."", ""rating"": 4, ""data"": ""2026-06-05""}]","compatível,durável,prático","{""Material"": ""Aço"", ""Comprimento"": ""128 cm"", ""Peso"": ""1.9 kg"", ""Compatibilidade"": ""Universal""}",Sousa,D'A-ACES-0192,ativo,2026-01-06
193,GHS Correia de Couro,Acessórios,GHS,"Acessório indispensável Correia de Couro para músicos. Oferece qualidade profissional e durabilidade garantida. Compatível com diversos instrumentos musicais. Perfeito para estúdio, apresentações e prática diária. Construído com materiais premium que garantem excelente funcionalidade. Recomendado por músicos profissionais. Fácil de usar e manter.Produto original com nota fiscal e garantia de fábrica.  Recomendado por especialistas da área.  Testado rigorosamente antes do envio.  Excelente custo-benefício.  Desempenho consistente e confiável.  Fácil de usar e manter. ",443.27,71,4.0,122,"[{""texto"": ""Sonho realizado! Superou minhas expectativas."", ""rating"": 5, ""data"": ""2026-07-25""}, {""texto"": ""Sonho realizado! Superou minhas expectativas."", ""rating"": 5, ""data"": ""2026-04-02""}, {""texto"": ""Atendimento excelente e produto de primeira qualidade."", ""rating"": 5, ""data"": ""2026-07-04""}, {""texto"": ""Perfeito para estúdio e apresentações. Ótimo custo-benefício."", ""rating"": 4, ""data"": ""2026-08-08""}]","prático,ergonômico,premium","{""Material"": ""Celulose"", ""Comprimento"": ""184 cm"", ""Peso"": ""1.6 kg"", ""Compatibilidade"": ""Universal""}",Moura,GHS-ACES-0193,ativo,2026-05-24
194,Shubb Stand para Teclado,Acessórios,Shubb,"Acessório indispensável Stand para Teclado para músicos. Oferece qualidade profissional e durabilidade garantida. Compatível com diversos instrumentos musicais. Perfeito para estúdio, apresentações e prática diária. Construído com materiais premium que garantem excelente funcionalidade. Recomendado por músicos profissionais. Fácil de usar e manter.Produto original com nota fiscal e garantia de fábrica.  Testado rigorosamente antes do envio.  Desempenho consistente e confiável.  Oferece compatibilidade com múltiplos sistemas operacionais.  Recomendado por especialistas da área. ",486.71,52,4.3,127,"[{""texto"": ""Investimento que vale a pena. Produto de alta qualidade."", ""rating"": 4, ""data"": ""2026-08-21""}, {""texto"": ""Suporte técnico muito responsivo e atencioso."", ""rating"": 4, ""data"": ""2026-08-19""}, {""texto"": ""Investimento que vale a pena. Produto de alta qualidade."", ""rating"": 5, ""data"": ""2026-04-21""}, {""texto"": ""Investimento que vale a pena. Produto de alta qualidade."", ""rating"": 4, ""data"": ""2026-06-20""}]","recomendado,profissional,durável,essencial,premium,prático","{""Material"": ""Nylon"", ""Comprimento"": ""143 cm"", ""Peso"": ""0.8 kg"", ""Compatibilidade"": ""Universal""}",Moura Rios - EI,SHU-ACES-0194,ativo,2026-07-10
195,D'Addario Metrônomo,Acessórios,D'Addario,"Acessório indispensável Metrônomo para músicos. Oferece qualidade profissional e durabilidade garantida. Compatível com diversos instrumentos musicais. Perfeito para estúdio, apresentações e prática diária. Construído com materiais premium que garantem excelente funcionalidade. Recomendado por músicos profissionais. Fácil de usar e manter.Suporte técnico disponível 24/7.  Testado rigorosamente antes do envio.  Fácil de usar e manter.  Desempenho consistente e confiável.  Recomendado por especialistas da área.  Marca: D'Addario. ",202.25,94,4.3,183,"[{""texto"": ""Compatibilidade perfeita com meus equipamentos."", ""rating"": 5, ""data"": ""2026-08-01""}, {""texto"": ""Investimento que vale a pena. Produto de alta qualidade."", ""rating"": 5, ""data"": ""2026-09-17""}, {""texto"": ""Construção sólida, som cristalino e resposta rápida."", ""rating"": 4, ""data"": ""2026-04-11""}]","essencial,versátil,compatível","{""Material"": ""Aço"", ""Comprimento"": ""198 cm"", ""Peso"": ""1.7 kg"", ""Compatibilidade"": ""Universal""}",Martins,D'A-ACES-0195,ativo,2026-06-07
196,Korg Desoxidante,Acessórios,Korg,"Acessório indispensável Desoxidante para músicos. Oferece qualidade profissional e durabilidade garantida. Compatível com diversos instrumentos musicais. Perfeito para estúdio, apresentações e prática diária. Construído com materiais premium que garantem excelente funcionalidade. Recomendado por músicos profissionais. Fácil de usar e manter.Oferece compatibilidade com múltiplos sistemas operacionais.  Fácil de usar e manter.  Suporte técnico disponível 24/7.  Excelente custo-benefício. ",22.02,61,4.0,100,"[{""texto"": ""Recomendo fortemente. Melhor compra do ano!"", ""rating"": 4, ""data"": ""2026-05-27""}, {""texto"": ""Qualidade premium, recomendo para todos os músicos."", ""rating"": 5, ""data"": ""2026-08-15""}]","durável,prático,premium,profissional,essencial,recomendado","{""Material"": ""Nylon"", ""Comprimento"": ""63 cm"", ""Peso"": ""1.9 kg"", ""Compatibilidade"": ""Universal""}",Almeida S/A,KOR-ACES-0196,ativo,2025-11-21
197,Dunlop Plectro de Aço,Acessórios,Dunlop,"Acessório indispensável Plectro de Aço para músicos. Oferece qualidade profissional e durabilidade garantida. Compatível com diversos instrumentos musicais. Perfeito para estúdio, apresentações e prática diária. Construído com materiais premium que garantem excelente funcionalidade. Recomendado por músicos profissionais. Fácil de usar e manter.Oferece compatibilidade com múltiplos sistemas operacionais.  Desempenho consistente e confiável.  Fácil de usar e manter.  Suporte técnico disponível 24/7.  Marca: Dunlop.  Produto original com nota fiscal e garantia de fábrica. ",476.89,49,3.7,156,"[{""texto"": ""Recomendo fortemente. Melhor compra do ano!"", ""rating"": 4, ""data"": ""2026-09-02""}, {""texto"": ""Suporte técnico muito responsivo e atencioso."", ""rating"": 4, ""data"": ""2026-09-19""}, {""texto"": ""Profissional, durável e confiável. Muito bom!"", ""rating"": 4, ""data"": ""2026-09-03""}, {""texto"": ""Produto confiável para uso contínuo."", ""rating"": 5, ""data"": ""2026-04-05""}, {""texto"": ""Embalagem profissional, produto impecável."", ""rating"": 5, ""data"": ""2026-06-22""}]","profissional,ergonômico,essencial,prático,confiável","{""Material"": ""Borracha"", ""Comprimento"": ""161 cm"", ""Peso"": ""1.8 kg"", ""Compatibilidade"": ""Universal""}",da Cruz e Filhos,DUN-ACES-0197,ativo,2026-03-24
198,Korg Adaptadores Áudio,Acessórios,Korg,"Acessório indispensável Adaptadores Áudio para músicos. Oferece qualidade profissional e durabilidade garantida. Compatível com diversos instrumentos musicais. Perfeito para estúdio, apresentações e prática diária. Construído com materiais premium que garantem excelente funcionalidade. Recomendado por músicos profissionais. Fácil de usar e manter.Produto original com nota fiscal e garantia de fábrica.  Desempenho consistente e confiável.  Excelente custo-benefício.  Marca: Korg.  Recomendado por especialistas da área. ",482.43,92,4.5,41,"[{""texto"": ""Produto excelente, chegou rápido e bem embalado."", ""rating"": 4, ""data"": ""2026-04-04""}, {""texto"": ""Produto excelente, chegou rápido e bem embalado."", ""rating"": 5, ""data"": ""2026-08-19""}, {""texto"": ""Sonho realizado! Superou minhas expectativas."", ""rating"": 4, ""data"": ""2026-06-12""}, {""texto"": ""Excelente relação qualidade-preço."", ""rating"": 5, ""data"": ""2026-07-16""}, {""texto"": ""Sonho realizado! Superou minhas expectativas."", ""rating"": 5, ""data"": ""2026-08-13""}]","versátil,premium,compatível,confiável,essencial,profissional","{""Material"": ""Borracha"", ""Comprimento"": ""130 cm"", ""Peso"": ""1.1 kg"", ""Compatibilidade"": ""Universal""}",Vargas Ltda.,KOR-ACES-0198,ativo,2026-02-28
199,Vic Firth Capa Protetora,Acessórios,Vic Firth,"Acessório indispensável Capa Protetora para músicos. Oferece qualidade profissional e durabilidade garantida. Compatível com diversos instrumentos musicais. Perfeito para estúdio, apresentações e prática diária. Construído com materiais premium que garantem excelente funcionalidade. Recomendado por músicos profissionais. Fácil de usar e manter.Suporte técnico disponível 24/7.  Recomendado por especialistas da área.  Inclui manual de instruções detalhado em português.  Desempenho consistente e confiável. ",142.16,85,3.6,31,"[{""texto"": ""Atendimento excelente e produto de primeira qualidade."", ""rating"": 4, ""data"": ""2026-08-11""}, {""texto"": ""Excelente relação qualidade-preço."", ""rating"": 4, ""data"": ""2026-06-30""}, {""texto"": ""Investimento que vale a pena. Produto de alta qualidade."", ""rating"": 5, ""data"": ""2026-07-06""}]","ergonômico,essencial,versátil","{""Material"": ""Aço"", ""Comprimento"": ""55 cm"", ""Peso"": ""1.7 kg"", ""Compatibilidade"": ""Universal""}",Cunha Fogaça S.A.,VIC-ACES-0199,ativo,2026-03-09
200,Boss Capa Protetora,Acessórios,Boss,"Acessório indispensável Capa Protetora para músicos. Oferece qualidade profissional e durabilidade garantida. Compatível com diversos instrumentos musicais. Perfeito para estúdio, apresentações e prática diária. Construído com materiais premium que garantem excelente funcionalidade. Recomendado por músicos profissionais. Fácil de usar e manter.Testado rigorosamente antes do envio.  Inclui manual de instruções detalhado em português.  Fácil de usar e manter.  Excelente custo-benefício. ",205.05,34,4.2,110,"[{""texto"": ""Compatibilidade perfeita com meus equipamentos."", ""rating"": 4, ""data"": ""2026-04-07""}, {""texto"": ""Compatibilidade perfeita com meus equipamentos."", ""rating"": 4, ""data"": ""2026-08-08""}]","confiável,ergonômico,compatível,recomendado,versátil","{""Material"": ""Aço"", ""Comprimento"": ""71 cm"", ""Peso"": ""1.5 kg"", ""Compatibilidade"": ""Universal""}",Azevedo,BOS-ACES-0200,ativo,2026-07-14
201,Zoom Metrônomo,Acessórios,Zoom,"Acessório indispensável Metrônomo para músicos. Oferece qualidade profissional e durabilidade garantida. Compatível com diversos instrumentos musicais. Perfeito para estúdio, apresentações e prática diária. Construído com materiais premium que garantem excelente funcionalidade. Recomendado por músicos profissionais. Fácil de usar e manter.Marca: Zoom.  Recomendado por especialistas da área.  Oferece compatibilidade com múltiplos sistemas operacionais.  Excelente custo-benefício. ",322.64,4,4.8,167,"[{""texto"": ""Produto excelente, chegou rápido e bem embalado."", ""rating"": 5, ""data"": ""2026-05-03""}, {""texto"": ""Excelente relação qualidade-preço."", ""rating"": 5, ""data"": ""2026-09-01""}, {""texto"": ""Atendimento excelente e produto de primeira qualidade."", ""rating"": 4, ""data"": ""2026-07-30""}, {""texto"": ""Construção sólida, som cristalino e resposta rápida."", ""rating"": 5, ""data"": ""2026-07-29""}, {""texto"": ""Qualidade premium, recomendo para todos os músicos."", ""rating"": 4, ""data"": ""2026-05-18""}]","essencial,profissional,versátil","{""Material"": ""Nylon"", ""Comprimento"": ""177 cm"", ""Peso"": ""1.0 kg"", ""Compatibilidade"": ""Universal""}",Cavalcanti,ZOO-ACES-0201,ativo,2025-12-12
202,GHS Baqueta de Nylon,Acessórios,GHS,"Acessório indispensável Baqueta de Nylon para músicos. Oferece qualidade profissional e durabilidade garantida. Compatível com diversos instrumentos musicais. Perfeito para estúdio, apresentações e prática diária. Construído com materiais premium que garantem excelente funcionalidade. Recomendado por músicos profissionais. Fácil de usar e manter.Desempenho consistente e confiável.  Testado rigorosamente antes do envio.  Marca: GHS.  Inclui manual de instruções detalhado em português.  Fácil de usar e manter.  Suporte técnico disponível 24/7. ",47.75,53,4.5,136,"[{""texto"": ""Produto excelente, chegou rápido e bem embalado."", ""rating"": 5, ""data"": ""2026-08-24""}, {""texto"": ""Produto excelente, chegou rápido e bem embalado."", ""rating"": 4, ""data"": ""2026-07-16""}, {""texto"": ""Embalagem profissional, produto impecável."", ""rating"": 4, ""data"": ""2026-09-17""}, {""texto"": ""Embalagem profissional, produto impecável."", ""rating"": 4, ""data"": ""2026-07-19""}]","recomendado,versátil,premium,prático,ergonômico,compatível","{""Material"": ""Madeira"", ""Comprimento"": ""173 cm"", ""Peso"": ""1.5 kg"", ""Compatibilidade"": ""Universal""}",Vargas,GHS-ACES-0202,ativo,2026-06-29
203,Zoom Suporte para Partitura,Acessórios,Zoom,"Acessório indispensável Suporte para Partitura para músicos. Oferece qualidade profissional e durabilidade garantida. Compatível com diversos instrumentos musicais. Perfeito para estúdio, apresentações e prática diária. Construído com materiais premium que garantem excelente funcionalidade. Recomendado por músicos profissionais. Fácil de usar e manter.Excelente custo-benefício.  Suporte técnico disponível 24/7.  Marca: Zoom.  Recomendado por especialistas da área.  Testado rigorosamente antes do envio.  Fácil de usar e manter. ",96.19,69,3.9,48,"[{""texto"": ""Suporte técnico muito responsivo e atencioso."", ""rating"": 5, ""data"": ""2026-06-24""}, {""texto"": ""Investimento que vale a pena. Produto de alta qualidade."", ""rating"": 4, ""data"": ""2026-06-20""}, {""texto"": ""Perfeito para estúdio e apresentações. Ótimo custo-benefício."", ""rating"": 4, ""data"": ""2026-04-25""}, {""texto"": ""Embalagem profissional, produto impecável."", ""rating"": 4, ""data"": ""2026-06-28""}]","recomendado,ergonômico,versátil,profissional","{""Material"": ""Nylon"", ""Comprimento"": ""63 cm"", ""Peso"": ""0.7 kg"", ""Compatibilidade"": ""Universal""}",Carvalho S.A.,ZOO-ACES-0203,ativo,2026-02-05
204,Shubb Controlador MIDI,Acessórios,Shubb,"Acessório indispensável Controlador MIDI para músicos. Oferece qualidade profissional e durabilidade garantida. Compatível com diversos instrumentos musicais. Perfeito para estúdio, apresentações e prática diária. Construído com materiais premium que garantem excelente funcionalidade. Recomendado por músicos profissionais. Fácil de usar e manter.Testado rigorosamente antes do envio.  Inclui manual de instruções detalhado em português.  Fácil de usar e manter.  Desempenho consistente e confiável. ",192.53,60,4.4,33,"[{""texto"": ""Recomendo fortemente. Melhor compra do ano!"", ""rating"": 5, ""data"": ""2026-05-30""}, {""texto"": ""Construção sólida, som cristalino e resposta rápida."", ""rating"": 4, ""data"": ""2026-07-21""}, {""texto"": ""Atendimento excelente e produto de primeira qualidade."", ""rating"": 4, ""data"": ""2026-04-27""}]","durável,ergonômico,premium","{""Material"": ""Nylon"", ""Comprimento"": ""119 cm"", ""Peso"": ""0.5 kg"", ""Compatibilidade"": ""Universal""}",da Mata Borges - EI,SHU-ACES-0204,ativo,2026-09-16
205,Ernie Ball Desoxidante,Acessórios,Ernie Ball,"Acessório indispensável Desoxidante para músicos. Oferece qualidade profissional e durabilidade garantida. Compatível com diversos instrumentos musicais. Perfeito para estúdio, apresentações e prática diária. Construído com materiais premium que garantem excelente funcionalidade. Recomendado por músicos profissionais. Fácil de usar e manter.Marca: Ernie Ball.  Oferece compatibilidade com múltiplos sistemas operacionais.  Desempenho consistente e confiável.  Recomendado por especialistas da área.  Suporte técnico disponível 24/7.  Excelente custo-benefício. ",93.61,70,4.9,189,"[{""texto"": ""Investimento que vale a pena. Produto de alta qualidade."", ""rating"": 4, ""data"": ""2026-06-22""}, {""texto"": ""Perfeito para estúdio e apresentações. Ótimo custo-benefício."", ""rating"": 5, ""data"": ""2026-09-04""}]","essencial,premium,confiável","{""Material"": ""Aço"", ""Comprimento"": ""127 cm"", ""Peso"": ""1.4 kg"", ""Compatibilidade"": ""Universal""}",Rocha,ERN-ACES-0205,ativo,2026-09-16
206,Elixir Humidificador,Acessórios,Elixir,"Acessório indispensável Humidificador para músicos. Oferece qualidade profissional e durabilidade garantida. Compatível com diversos instrumentos musicais. Perfeito para estúdio, apresentações e prática diária. Construído com materiais premium que garantem excelente funcionalidade. Recomendado por músicos profissionais. Fácil de usar e manter.Suporte técnico disponível 24/7.  Testado rigorosamente antes do envio.  Desempenho consistente e confiável.  Marca: Elixir.  Recomendado por especialistas da área. ",399.58,39,4.6,116,"[{""texto"": ""Embalagem profissional, produto impecável."", ""rating"": 5, ""data"": ""2026-09-01""}, {""texto"": ""Embalagem profissional, produto impecável."", ""rating"": 4, ""data"": ""2026-08-09""}, {""texto"": ""Profissional, durável e confiável. Muito bom!"", ""rating"": 4, ""data"": ""2026-06-14""}, {""texto"": ""Construção sólida, som cristalino e resposta rápida."", ""rating"": 5, ""data"": ""2026-06-10""}]","essencial,versátil,ergonômico,prático,durável","{""Material"": ""Aço"", ""Comprimento"": ""84 cm"", ""Peso"": ""0.6 kg"", ""Compatibilidade"": ""Universal""}",Alves,ELI-ACES-0206,ativo,2026-01-29
207,Dunlop Limpador de Cordas,Acessórios,Dunlop,"Acessório indispensável Limpador de Cordas para músicos. Oferece qualidade profissional e durabilidade garantida. Compatível com diversos instrumentos musicais. Perfeito para estúdio, apresentações e prática diária. Construído com materiais premium que garantem excelente funcionalidade. Recomendado por músicos profissionais. Fácil de usar e manter.Desempenho consistente e confiável.  Recomendado por especialistas da área.  Oferece compatibilidade com múltiplos sistemas operacionais.  Marca: Dunlop.  Produto original com nota fiscal e garantia de fábrica.  Inclui manual de instruções detalhado em português. ",217.67,40,4.7,159,"[{""texto"": ""Produto confiável para uso contínuo."", ""rating"": 4, ""data"": ""2026-06-19""}, {""texto"": ""Recomendo fortemente. Melhor compra do ano!"", ""rating"": 4, ""data"": ""2026-05-25""}]","compatível,premium,essencial,recomendado","{""Material"": ""Madeira"", ""Comprimento"": ""183 cm"", ""Peso"": ""1.7 kg"", ""Compatibilidade"": ""Universal""}",da Costa,DUN-ACES-0207,ativo,2026-04-25
208,Korg Afinador Digital,Acessórios,Korg,"Acessório indispensável Afinador Digital para músicos. Oferece qualidade profissional e durabilidade garantida. Compatível com diversos instrumentos musicais. Perfeito para estúdio, apresentações e prática diária. Construído com materiais premium que garantem excelente funcionalidade. Recomendado por músicos profissionais. Fácil de usar e manter.Recomendado por especialistas da área.  Excelente custo-benefício.  Testado rigorosamente antes do envio.  Produto original com nota fiscal e garantia de fábrica. ",456.24,74,4.4,165,"[{""texto"": ""Profissional, durável e confiável. Muito bom!"", ""rating"": 5, ""data"": ""2026-07-30""}, {""texto"": ""Investimento que vale a pena. Produto de alta qualidade."", ""rating"": 4, ""data"": ""2026-07-19""}, {""texto"": ""Produto excelente, chegou rápido e bem embalado."", ""rating"": 5, ""data"": ""2026-07-25""}, {""texto"": ""Compatibilidade perfeita com meus equipamentos."", ""rating"": 4, ""data"": ""2026-06-14""}, {""texto"": ""Profissional, durável e confiável. Muito bom!"", ""rating"": 4, ""data"": ""2026-07-21""}]","premium,profissional,ergonômico,essencial,prático","{""Material"": ""Couro"", ""Comprimento"": ""83 cm"", ""Peso"": ""0.6 kg"", ""Compatibilidade"": ""Universal""}",Moreira Casa Grande S.A.,KOR-ACES-0208,ativo,2026-08-02
209,Shubb Capotrasto,Acessórios,Shubb,"Acessório indispensável Capotrasto para músicos. Oferece qualidade profissional e durabilidade garantida. Compatível com diversos instrumentos musicais. Perfeito para estúdio, apresentações e prática diária. Construído com materiais premium que garantem excelente funcionalidade. Recomendado por músicos profissionais. Fácil de usar e manter.Suporte técnico disponível 24/7.  Recomendado por especialistas da área.  Desempenho consistente e confiável.  Inclui manual de instruções detalhado em português.  Testado rigorosamente antes do envio. ",499.36,75,4.9,146,"[{""texto"": ""Ideal para profissionais e iniciantes. Muito versátil."", ""rating"": 4, ""data"": ""2026-09-23""}, {""texto"": ""Atendimento excelente e produto de primeira qualidade."", ""rating"": 5, ""data"": ""2026-07-22""}, {""texto"": ""Construção sólida, som cristalino e resposta rápida."", ""rating"": 5, ""data"": ""2026-06-08""}, {""texto"": ""Perfeito para estúdio e apresentações. Ótimo custo-benefício."", ""rating"": 4, ""data"": ""2026-09-10""}]","versátil,durável,premium","{""Material"": ""Nylon"", ""Comprimento"": ""136 cm"", ""Peso"": ""0.2 kg"", ""Compatibilidade"": ""Universal""}",Lopes,SHU-ACES-0209,ativo,2026-07-29
210,Vic Firth Adaptadores Áudio,Acessórios,Vic Firth,"Acessório indispensável Adaptadores Áudio para músicos. Oferece qualidade profissional e durabilidade garantida. Compatível com diversos instrumentos musicais. Perfeito para estúdio, apresentações e prática diária. Construído com materiais premium que garantem excelente funcionalidade. Recomendado por músicos profissionais. Fácil de usar e manter.Produto original com nota fiscal e garantia de fábrica.  Fácil de usar e manter.  Desempenho consistente e confiável.  Suporte técnico disponível 24/7.  Inclui manual de instruções detalhado em português.  Excelente custo-benefício. ",449.2,24,3.9,123,"[{""texto"": ""Produto excelente, chegou rápido e bem embalado."", ""rating"": 5, ""data"": ""2026-09-20""}, {""texto"": ""Profissional, durável e confiável. Muito bom!"", ""rating"": 5, ""data"": ""2026-05-22""}, {""texto"": ""Construção sólida, som cristalino e resposta rápida."", ""rating"": 5, ""data"": ""2026-09-21""}, {""texto"": ""Qualidade premium, recomendo para todos os músicos."", ""rating"": 4, ""data"": ""2026-07-08""}, {""texto"": ""Construção sólida, som cristalino e resposta rápida."", ""rating"": 5, ""data"": ""2026-06-05""}]","prático,profissional,premium,durável","{""Material"": ""Aço"", ""Comprimento"": ""145 cm"", ""Peso"": ""1.4 kg"", ""Compatibilidade"": ""Universal""}",Abreu,VIC-ACES-0210,ativo,2026-05-21
211,Zoom Controlador MIDI,Acessórios,Zoom,"Acessório indispensável Controlador MIDI para músicos. Oferece qualidade profissional e durabilidade garantida. Compatível com diversos instrumentos musicais. Perfeito para estúdio, apresentações e prática diária. Construído com materiais premium que garantem excelente funcionalidade. Recomendado por músicos profissionais. Fácil de usar e manter.Testado rigorosamente antes do envio.  Marca: Zoom.  Inclui manual de instruções detalhado em português.  Excelente custo-benefício. ",56.32,98,3.9,139,"[{""texto"": ""Sonho realizado! Superou minhas expectativas."", ""rating"": 5, ""data"": ""2026-08-14""}, {""texto"": ""Construção sólida, som cristalino e resposta rápida."", ""rating"": 5, ""data"": ""2026-05-15""}]","profissional,essencial,ergonômico","{""Material"": ""Nylon"", ""Comprimento"": ""97 cm"", ""Peso"": ""1.1 kg"", ""Compatibilidade"": ""Universal""}",Moura,ZOO-ACES-0211,ativo,2026-01-13
212,Shubb Stand para Teclado,Acessórios,Shubb,"Acessório indispensável Stand para Teclado para músicos. Oferece qualidade profissional e durabilidade garantida. Compatível com diversos instrumentos musicais. Perfeito para estúdio, apresentações e prática diária. Construído com materiais premium que garantem excelente funcionalidade. Recomendado por músicos profissionais. Fácil de usar e manter.Recomendado por especialistas da área.  Fácil de usar e manter.  Excelente custo-benefício.  Testado rigorosamente antes do envio.  Produto original com nota fiscal e garantia de fábrica. ",340.02,74,3.7,109,"[{""texto"": ""Compatibilidade perfeita com meus equipamentos."", ""rating"": 4, ""data"": ""2026-09-21""}, {""texto"": ""Recomendo fortemente. Melhor compra do ano!"", ""rating"": 4, ""data"": ""2026-05-17""}, {""texto"": ""Ideal para profissionais e iniciantes. Muito versátil."", ""rating"": 4, ""data"": ""2026-07-09""}, {""texto"": ""Compatibilidade perfeita com meus equipamentos."", ""rating"": 4, ""data"": ""2026-08-14""}, {""texto"": ""Investimento que vale a pena. Produto de alta qualidade."", ""rating"": 4, ""data"": ""2026-06-22""}]","ergonômico,versátil,compatível,essencial","{""Material"": ""Madeira"", ""Comprimento"": ""157 cm"", ""Peso"": ""0.2 kg"", ""Compatibilidade"": ""Universal""}",Pires,SHU-ACES-0212,ativo,2026-04-23
213,Zoom Controlador MIDI,Acessórios,Zoom,"Acessório indispensável Controlador MIDI para músicos. Oferece qualidade profissional e durabilidade garantida. Compatível com diversos instrumentos musicais. Perfeito para estúdio, apresentações e prática diária. Construído com materiais premium que garantem excelente funcionalidade. Recomendado por músicos profissionais. Fácil de usar e manter.Marca: Zoom.  Inclui manual de instruções detalhado em português.  Excelente custo-benefício.  Testado rigorosamente antes do envio. ",408.52,13,3.6,84,"[{""texto"": ""Qualidade premium, recomendo para todos os músicos."", ""rating"": 4, ""data"": ""2026-09-19""}, {""texto"": ""Ideal para profissionais e iniciantes. Muito versátil."", ""rating"": 4, ""data"": ""2026-06-23""}, {""texto"": ""Produto confiável para uso contínuo."", ""rating"": 4, ""data"": ""2026-09-08""}]","confiável,profissional,versátil,recomendado,prático","{""Material"": ""Celulose"", ""Comprimento"": ""197 cm"", ""Peso"": ""0.9 kg"", ""Compatibilidade"": ""Universal""}",Nogueira Peixoto S/A,ZOO-ACES-0213,inativo,2026-07-17
214,Zoom Amplificador para Fone,Acessórios,Zoom,"Acessório indispensável Amplificador para Fone para músicos. Oferece qualidade profissional e durabilidade garantida. Compatível com diversos instrumentos musicais. Perfeito para estúdio, apresentações e prática diária. Construído com materiais premium que garantem excelente funcionalidade. Recomendado por músicos profissionais. Fácil de usar e manter.Desempenho consistente e confiável.  Excelente custo-benefício.  Inclui manual de instruções detalhado em português.  Oferece compatibilidade com múltiplos sistemas operacionais.  Fácil de usar e manter.  Produto original com nota fiscal e garantia de fábrica. ",295.93,55,4.6,176,"[{""texto"": ""Excelente relação qualidade-preço."", ""rating"": 5, ""data"": ""2026-05-04""}, {""texto"": ""Sonho realizado! Superou minhas expectativas."", ""rating"": 4, ""data"": ""2026-06-17""}, {""texto"": ""Perfeito para estúdio e apresentações. Ótimo custo-benefício."", ""rating"": 5, ""data"": ""2026-08-28""}, {""texto"": ""Atendimento excelente e produto de primeira qualidade."", ""rating"": 5, ""data"": ""2026-06-07""}, {""texto"": ""Suporte técnico muito responsivo e atencioso."", ""rating"": 5, ""data"": ""2026-05-26""}]","durável,compatível,profissional,recomendado,confiável","{""Material"": ""Borracha"", ""Comprimento"": ""158 cm"", ""Peso"": ""0.6 kg"", ""Compatibilidade"": ""Universal""}",Oliveira,ZOO-ACES-0214,ativo,2026-08-17
215,D'Addario Afinador Digital,Acessórios,D'Addario,"Acessório indispensável Afinador Digital para músicos. Oferece qualidade profissional e durabilidade garantida. Compatível com diversos instrumentos musicais. Perfeito para estúdio, apresentações e prática diária. Construído com materiais premium que garantem excelente funcionalidade. Recomendado por músicos profissionais. Fácil de usar e manter.Desempenho consistente e confiável.  Suporte técnico disponível 24/7.  Marca: D'Addario.  Inclui manual de instruções detalhado em português.  Oferece compatibilidade com múltiplos sistemas operacionais.  Recomendado por especialistas da área. ",172.71,7,4.7,183,"[{""texto"": ""Compatibilidade perfeita com meus equipamentos."", ""rating"": 5, ""data"": ""2026-06-01""}, {""texto"": ""Sonho realizado! Superou minhas expectativas."", ""rating"": 4, ""data"": ""2026-04-19""}, {""texto"": ""Sonho realizado! Superou minhas expectativas."", ""rating"": 5, ""data"": ""2026-05-08""}]","recomendado,versátil,compatível,durável","{""Material"": ""Couro"", ""Comprimento"": ""148 cm"", ""Peso"": ""1.5 kg"", ""Compatibilidade"": ""Universal""}",Silva Moraes S.A.,D'A-ACES-0215,ativo,2025-10-30
216,D'Addario Cabos RCA,Acessórios,D'Addario,"Acessório indispensável Cabos RCA para músicos. Oferece qualidade profissional e durabilidade garantida. Compatível com diversos instrumentos musicais. Perfeito para estúdio, apresentações e prática diária. Construído com materiais premium que garantem excelente funcionalidade. Recomendado por músicos profissionais. Fácil de usar e manter.Excelente custo-benefício.  Oferece compatibilidade com múltiplos sistemas operacionais.  Testado rigorosamente antes do envio.  Recomendado por especialistas da área. ",446.97,10,4.1,91,"[{""texto"": ""Construção sólida, som cristalino e resposta rápida."", ""rating"": 4, ""data"": ""2026-04-16""}, {""texto"": ""Suporte técnico muito responsivo e atencioso."", ""rating"": 4, ""data"": ""2026-05-20""}]","essencial,premium,recomendado,durável,prático,profissional","{""Material"": ""Borracha"", ""Comprimento"": ""174 cm"", ""Peso"": ""1.3 kg"", ""Compatibilidade"": ""Universal""}",Fernandes S/A,D'A-ACES-0216,ativo,2026-06-15
217,GHS Desoxidante,Acessórios,GHS,"Acessório indispensável Desoxidante para músicos. Oferece qualidade profissional e durabilidade garantida. Compatível com diversos instrumentos musicais. Perfeito para estúdio, apresentações e prática diária. Construído com materiais premium que garantem excelente funcionalidade. Recomendado por músicos profissionais. Fácil de usar e manter.Suporte técnico disponível 24/7.  Produto original com nota fiscal e garantia de fábrica.  Desempenho consistente e confiável.  Inclui manual de instruções detalhado em português.  Marca: GHS. ",268.72,33,3.7,96,"[{""texto"": ""Excelente relação qualidade-preço."", ""rating"": 4, ""data"": ""2026-06-02""}, {""texto"": ""Profissional, durável e confiável. Muito bom!"", ""rating"": 4, ""data"": ""2026-05-14""}, {""texto"": ""Embalagem profissional, produto impecável."", ""rating"": 5, ""data"": ""2026-08-21""}]","confiável,durável,recomendado,versátil","{""Material"": ""Nylon"", ""Comprimento"": ""189 cm"", ""Peso"": ""0.7 kg"", ""Compatibilidade"": ""Universal""}",Correia Siqueira - EI,GHS-ACES-0217,ativo,2026-07-12
218,GHS Pedal de Volume,Acessórios,GHS,"Acessório indispensável Pedal de Volume para músicos. Oferece qualidade profissional e durabilidade garantida. Compatível com diversos instrumentos musicais. Perfeito para estúdio, apresentações e prática diária. Construído com materiais premium que garantem excelente funcionalidade. Recomendado por músicos profissionais. Fácil de usar e manter.Testado rigorosamente antes do envio.  Oferece compatibilidade com múltiplos sistemas operacionais.  Marca: GHS.  Recomendado por especialistas da área.  Fácil de usar e manter. ",251.65,69,3.7,46,"[{""texto"": ""Atendimento excelente e produto de primeira qualidade."", ""rating"": 4, ""data"": ""2026-08-02""}, {""texto"": ""Suporte técnico muito responsivo e atencioso."", ""rating"": 4, ""data"": ""2026-07-01""}, {""texto"": ""Atendimento excelente e produto de primeira qualidade."", ""rating"": 4, ""data"": ""2026-06-07""}]","versátil,ergonômico,durável,prático,profissional,premium","{""Material"": ""Borracha"", ""Comprimento"": ""194 cm"", ""Peso"": ""1.6 kg"", ""Compatibilidade"": ""Universal""}",Freitas - EI,GHS-ACES-0218,inativo,2026-02-10
219,Elixir Cabos RCA,Acessórios,Elixir,"Acessório indispensável Cabos RCA para músicos. Oferece qualidade profissional e durabilidade garantida. Compatível com diversos instrumentos musicais. Perfeito para estúdio, apresentações e prática diária. Construído com materiais premium que garantem excelente funcionalidade. Recomendado por músicos profissionais. Fácil de usar e manter.Testado rigorosamente antes do envio.  Excelente custo-benefício.  Produto original com nota fiscal e garantia de fábrica.  Inclui manual de instruções detalhado em português.  Suporte técnico disponível 24/7. ",65.73,30,4.1,64,"[{""texto"": ""Atendimento excelente e produto de primeira qualidade."", ""rating"": 4, ""data"": ""2026-08-28""}, {""texto"": ""Produto excelente, chegou rápido e bem embalado."", ""rating"": 4, ""data"": ""2026-08-19""}, {""texto"": ""Produto excelente, chegou rápido e bem embalado."", ""rating"": 4, ""data"": ""2026-09-07""}, {""texto"": ""Recomendo fortemente. Melhor compra do ano!"", ""rating"": 4, ""data"": ""2026-05-11""}]","ergonômico,prático,versátil","{""Material"": ""Nylon"", ""Comprimento"": ""190 cm"", ""Peso"": ""0.5 kg"", ""Compatibilidade"": ""Universal""}",Rodrigues,ELI-ACES-0219,ativo,2026-06-14
220,Boss Estojo Rígido,Acessórios,Boss,"Acessório indispensável Estojo Rígido para músicos. Oferece qualidade profissional e durabilidade garantida. Compatível com diversos instrumentos musicais. Perfeito para estúdio, apresentações e prática diária. Construído com materiais premium que garantem excelente funcionalidade. Recomendado por músicos profissionais. Fácil de usar e manter.Excelente custo-benefício.  Desempenho consistente e confiável.  Produto original com nota fiscal e garantia de fábrica.  Suporte técnico disponível 24/7.  Oferece compatibilidade com múltiplos sistemas operacionais.  Inclui manual de instruções detalhado em português. ",210.78,7,3.8,45,"[{""texto"": ""Excelente relação qualidade-preço."", ""rating"": 4, ""data"": ""2026-05-21""}, {""texto"": ""Produto excelente, chegou rápido e bem embalado."", ""rating"": 4, ""data"": ""2026-05-17""}, {""texto"": ""Investimento que vale a pena. Produto de alta qualidade."", ""rating"": 5, ""data"": ""2026-08-31""}]","prático,versátil,premium,essencial","{""Material"": ""Madeira"", ""Comprimento"": ""94 cm"", ""Peso"": ""1.7 kg"", ""Compatibilidade"": ""Universal""}",Macedo,BOS-ACES-0220,ativo,2026-07-19
221,Korg Capa Protetora,Acessórios,Korg,"Acessório indispensável Capa Protetora para músicos. Oferece qualidade profissional e durabilidade garantida. Compatível com diversos instrumentos musicais. Perfeito para estúdio, apresentações e prática diária. Construído com materiais premium que garantem excelente funcionalidade. Recomendado por músicos profissionais. Fácil de usar e manter.Inclui manual de instruções detalhado em português.  Fácil de usar e manter.  Suporte técnico disponível 24/7.  Recomendado por especialistas da área.  Excelente custo-benefício.  Produto original com nota fiscal e garantia de fábrica. ",395.52,63,4.7,10,"[{""texto"": ""Perfeito para estúdio e apresentações. Ótimo custo-benefício."", ""rating"": 4, ""data"": ""2026-05-22""}, {""texto"": ""Produto confiável para uso contínuo."", ""rating"": 5, ""data"": ""2026-09-16""}]","confiável,ergonômico,durável,recomendado,premium","{""Material"": ""Celulose"", ""Comprimento"": ""101 cm"", ""Peso"": ""0.2 kg"", ""Compatibilidade"": ""Universal""}",Ramos,KOR-ACES-0221,ativo,2026-06-11
222,Boss Pedal Sustain,Acessórios,Boss,"Acessório indispensável Pedal Sustain para músicos. Oferece qualidade profissional e durabilidade garantida. Compatível com diversos instrumentos musicais. Perfeito para estúdio, apresentações e prática diária. Construído com materiais premium que garantem excelente funcionalidade. Recomendado por músicos profissionais. Fácil de usar e manter.Recomendado por especialistas da área.  Testado rigorosamente antes do envio.  Oferece compatibilidade com múltiplos sistemas operacionais.  Excelente custo-benefício. ",217.6,52,3.7,90,"[{""texto"": ""Suporte técnico muito responsivo e atencioso."", ""rating"": 5, ""data"": ""2026-05-25""}, {""texto"": ""Qualidade premium, recomendo para todos os músicos."", ""rating"": 4, ""data"": ""2026-08-01""}, {""texto"": ""Recomendo fortemente. Melhor compra do ano!"", ""rating"": 5, ""data"": ""2026-08-19""}, {""texto"": ""Perfeito para estúdio e apresentações. Ótimo custo-benefício."", ""rating"": 4, ""data"": ""2026-09-04""}]","profissional,versátil,durável,premium,confiável,ergonômico","{""Material"": ""Nylon"", ""Comprimento"": ""191 cm"", ""Peso"": ""1.0 kg"", ""Compatibilidade"": ""Universal""}",Andrade Borges S/A,BOS-ACES-0222,ativo,2026-05-19
223,Shubb Almofada para Fone,Acessórios,Shubb,"Acessório indispensável Almofada para Fone para músicos. Oferece qualidade profissional e durabilidade garantida. Compatível com diversos instrumentos musicais. Perfeito para estúdio, apresentações e prática diária. Construído com materiais premium que garantem excelente funcionalidade. Recomendado por músicos profissionais. Fácil de usar e manter.Produto original com nota fiscal e garantia de fábrica.  Inclui manual de instruções detalhado em português.  Marca: Shubb.  Suporte técnico disponível 24/7.  Oferece compatibilidade com múltiplos sistemas operacionais.  Excelente custo-benefício. ",446.45,67,4.9,85,"[{""texto"": ""Sonho realizado! Superou minhas expectativas."", ""rating"": 4, ""data"": ""2026-08-21""}, {""texto"": ""Qualidade premium, recomendo para todos os músicos."", ""rating"": 5, ""data"": ""2026-08-30""}, {""texto"": ""Qualidade premium, recomendo para todos os músicos."", ""rating"": 4, ""data"": ""2026-05-29""}]","prático,premium,versátil","{""Material"": ""Aço"", ""Comprimento"": ""122 cm"", ""Peso"": ""0.3 kg"", ""Compatibilidade"": ""Universal""}",Camargo da Paz S/A,SHU-ACES-0223,ativo,2026-06-02
224,Elixir Correia de Nylon,Acessórios,Elixir,"Acessório indispensável Correia de Nylon para músicos. Oferece qualidade profissional e durabilidade garantida. Compatível com diversos instrumentos musicais. Perfeito para estúdio, apresentações e prática diária. Construído com materiais premium que garantem excelente funcionalidade. Recomendado por músicos profissionais. Fácil de usar e manter.Testado rigorosamente antes do envio.  Excelente custo-benefício.  Oferece compatibilidade com múltiplos sistemas operacionais.  Inclui manual de instruções detalhado em português.  Marca: Elixir.  Desempenho consistente e confiável. ",425.59,77,4.7,189,"[{""texto"": ""Recomendo fortemente. Melhor compra do ano!"", ""rating"": 5, ""data"": ""2026-09-08""}, {""texto"": ""Produto confiável para uso contínuo."", ""rating"": 4, ""data"": ""2026-06-10""}, {""texto"": ""Construção sólida, som cristalino e resposta rápida."", ""rating"": 5, ""data"": ""2026-05-28""}, {""texto"": ""Profissional, durável e confiável. Muito bom!"", ""rating"": 5, ""data"": ""2026-05-14""}]","compatível,versátil,durável,essencial","{""Material"": ""Celulose"", ""Comprimento"": ""65 cm"", ""Peso"": ""0.5 kg"", ""Compatibilidade"": ""Universal""}",Sales Teixeira - ME,ELI-ACES-0224,ativo,2025-11-15
225,Ernie Ball Adaptadores Áudio,Acessórios,Ernie Ball,"Acessório indispensável Adaptadores Áudio para músicos. Oferece qualidade profissional e durabilidade garantida. Compatível com diversos instrumentos musicais. Perfeito para estúdio, apresentações e prática diária. Construído com materiais premium que garantem excelente funcionalidade. Recomendado por músicos profissionais. Fácil de usar e manter.Produto original com nota fiscal e garantia de fábrica.  Fácil de usar e manter.  Desempenho consistente e confiável.  Marca: Ernie Ball.  Recomendado por especialistas da área. ",46.75,41,3.6,151,"[{""texto"": ""Profissional, durável e confiável. Muito bom!"", ""rating"": 5, ""data"": ""2026-06-04""}, {""texto"": ""Perfeito para estúdio e apresentações. Ótimo custo-benefício."", ""rating"": 5, ""data"": ""2026-06-09""}]","profissional,premium,versátil,ergonômico,confiável","{""Material"": ""Madeira"", ""Comprimento"": ""155 cm"", ""Peso"": ""1.8 kg"", ""Compatibilidade"": ""Universal""}",Câmara,ERN-ACES-0225,ativo,2026-08-10
226,Boss Pad MIDI,Acessórios,Boss,"Acessório indispensável Pad MIDI para músicos. Oferece qualidade profissional e durabilidade garantida. Compatível com diversos instrumentos musicais. Perfeito para estúdio, apresentações e prática diária. Construído com materiais premium que garantem excelente funcionalidade. Recomendado por músicos profissionais. Fácil de usar e manter.Produto original com nota fiscal e garantia de fábrica.  Testado rigorosamente antes do envio.  Recomendado por especialistas da área.  Inclui manual de instruções detalhado em português. ",397.25,41,4.7,178,"[{""texto"": ""Ideal para profissionais e iniciantes. Muito versátil."", ""rating"": 5, ""data"": ""2026-04-08""}, {""texto"": ""Construção sólida, som cristalino e resposta rápida."", ""rating"": 5, ""data"": ""2026-05-01""}, {""texto"": ""Ideal para profissionais e iniciantes. Muito versátil."", ""rating"": 5, ""data"": ""2026-09-01""}]","versátil,compatível,recomendado,ergonômico,premium","{""Material"": ""Celulose"", ""Comprimento"": ""65 cm"", ""Peso"": ""1.4 kg"", ""Compatibilidade"": ""Universal""}",Mendes e Filhos,BOS-ACES-0226,ativo,2025-11-29
227,Shubb Suporte para Partitura,Acessórios,Shubb,"Acessório indispensável Suporte para Partitura para músicos. Oferece qualidade profissional e durabilidade garantida. Compatível com diversos instrumentos musicais. Perfeito para estúdio, apresentações e prática diária. Construído com materiais premium que garantem excelente funcionalidade. Recomendado por músicos profissionais. Fácil de usar e manter.Desempenho consistente e confiável.  Excelente custo-benefício.  Suporte técnico disponível 24/7.  Recomendado por especialistas da área. ",221.11,64,3.9,43,"[{""texto"": ""Perfeito para estúdio e apresentações. Ótimo custo-benefício."", ""rating"": 5, ""data"": ""2026-06-08""}, {""texto"": ""Ideal para profissionais e iniciantes. Muito versátil."", ""rating"": 4, ""data"": ""2026-07-03""}, {""texto"": ""Recomendo fortemente. Melhor compra do ano!"", ""rating"": 5, ""data"": ""2026-07-10""}, {""texto"": ""Ideal para profissionais e iniciantes. Muito versátil."", ""rating"": 5, ""data"": ""2026-05-29""}]","profissional,premium,ergonômico,confiável","{""Material"": ""Nylon"", ""Comprimento"": ""99 cm"", ""Peso"": ""0.3 kg"", ""Compatibilidade"": ""Universal""}",Silva S/A,SHU-ACES-0227,ativo,2026-03-27
228,D'Addario Adaptadores Áudio,Acessórios,D'Addario,"Acessório indispensável Adaptadores Áudio para músicos. Oferece qualidade profissional e durabilidade garantida. Compatível com diversos instrumentos musicais. Perfeito para estúdio, apresentações e prática diária. Construído com materiais premium que garantem excelente funcionalidade. Recomendado por músicos profissionais. Fácil de usar e manter.Suporte técnico disponível 24/7.  Recomendado por especialistas da área.  Inclui manual de instruções detalhado em português.  Desempenho consistente e confiável.  Oferece compatibilidade com múltiplos sistemas operacionais. ",24.6,77,5.0,97,"[{""texto"": ""Recomendo fortemente. Melhor compra do ano!"", ""rating"": 4, ""data"": ""2026-07-29""}, {""texto"": ""Atendimento excelente e produto de primeira qualidade."", ""rating"": 5, ""data"": ""2026-04-30""}, {""texto"": ""Produto confiável para uso contínuo."", ""rating"": 4, ""data"": ""2026-09-20""}]","confiável,versátil,compatível","{""Material"": ""Aço"", ""Comprimento"": ""110 cm"", ""Peso"": ""1.1 kg"", ""Compatibilidade"": ""Universal""}",Monteiro - EI,D'A-ACES-0228,ativo,2026-03-06
229,D'Addario Plectro de Aço,Acessórios,D'Addario,"Acessório indispensável Plectro de Aço para músicos. Oferece qualidade profissional e durabilidade garantida. Compatível com diversos instrumentos musicais. Perfeito para estúdio, apresentações e prática diária. Construído com materiais premium que garantem excelente funcionalidade. Recomendado por músicos profissionais. Fácil de usar e manter.Testado rigorosamente antes do envio.  Desempenho consistente e confiável.  Suporte técnico disponível 24/7.  Fácil de usar e manter. ",253.35,95,3.9,22,"[{""texto"": ""Produto confiável para uso contínuo."", ""rating"": 5, ""data"": ""2026-04-09""}, {""texto"": ""Embalagem profissional, produto impecável."", ""rating"": 5, ""data"": ""2026-05-08""}]","versátil,prático,durável,confiável","{""Material"": ""Madeira"", ""Comprimento"": ""127 cm"", ""Peso"": ""1.4 kg"", ""Compatibilidade"": ""Universal""}",Aparecida Ltda.,D'A-ACES-0229,ativo,2025-11-16
230,Elixir Baqueta de Madeira,Acessórios,Elixir,"Acessório indispensável Baqueta de Madeira para músicos. Oferece qualidade profissional e durabilidade garantida. Compatível com diversos instrumentos musicais. Perfeito para estúdio, apresentações e prática diária. Construído com materiais premium que garantem excelente funcionalidade. Recomendado por músicos profissionais. Fácil de usar e manter.Testado rigorosamente antes do envio.  Desempenho consistente e confiável.  Marca: Elixir.  Oferece compatibilidade com múltiplos sistemas operacionais. ",67.24,28,3.6,199,"[{""texto"": ""Qualidade premium, recomendo para todos os músicos."", ""rating"": 5, ""data"": ""2026-08-16""}, {""texto"": ""Excelente relação qualidade-preço."", ""rating"": 5, ""data"": ""2026-09-23""}, {""texto"": ""Compatibilidade perfeita com meus equipamentos."", ""rating"": 5, ""data"": ""2026-07-17""}, {""texto"": ""Ideal para profissionais e iniciantes. Muito versátil."", ""rating"": 5, ""data"": ""2026-08-31""}, {""texto"": ""Produto excelente, chegou rápido e bem embalado."", ""rating"": 5, ""data"": ""2026-07-23""}]","compatível,recomendado,profissional,premium,essencial,versátil","{""Material"": ""Aço"", ""Comprimento"": ""132 cm"", ""Peso"": ""1.1 kg"", ""Compatibilidade"": ""Universal""}",Gonçalves da Rosa S/A,ELI-ACES-0230,ativo,2026-02-08
231,Vic Firth Pedal de Volume,Acessórios,Vic Firth,"Acessório indispensável Pedal de Volume para músicos. Oferece qualidade profissional e durabilidade garantida. Compatível com diversos instrumentos musicais. Perfeito para estúdio, apresentações e prática diária. Construído com materiais premium que garantem excelente funcionalidade. Recomendado por músicos profissionais. Fácil de usar e manter.Suporte técnico disponível 24/7.  Fácil de usar e manter.  Marca: Vic Firth.  Recomendado por especialistas da área.  Inclui manual de instruções detalhado em português. ",80.29,92,3.7,42,"[{""texto"": ""Excelente relação qualidade-preço."", ""rating"": 5, ""data"": ""2026-08-28""}, {""texto"": ""Qualidade premium, recomendo para todos os músicos."", ""rating"": 4, ""data"": ""2026-06-11""}, {""texto"": ""Atendimento excelente e produto de primeira qualidade."", ""rating"": 4, ""data"": ""2026-04-09""}]","versátil,ergonômico,essencial,durável","{""Material"": ""Aço"", ""Comprimento"": ""51 cm"", ""Peso"": ""0.8 kg"", ""Compatibilidade"": ""Universal""}",Pastor,VIC-ACES-0231,ativo,2025-10-09
232,Shubb Almofada para Fone,Acessórios,Shubb,"Acessório indispensável Almofada para Fone para músicos. Oferece qualidade profissional e durabilidade garantida. Compatível com diversos instrumentos musicais. Perfeito para estúdio, apresentações e prática diária. Construído com materiais premium que garantem excelente funcionalidade. Recomendado por músicos profissionais. Fácil de usar e manter.Testado rigorosamente antes do envio.  Suporte técnico disponível 24/7.  Excelente custo-benefício.  Recomendado por especialistas da área. ",158.34,23,4.0,82,"[{""texto"": ""Investimento que vale a pena. Produto de alta qualidade."", ""rating"": 5, ""data"": ""2026-07-17""}, {""texto"": ""Sonho realizado! Superou minhas expectativas."", ""rating"": 5, ""data"": ""2026-04-30""}, {""texto"": ""Produto excelente, chegou rápido e bem embalado."", ""rating"": 5, ""data"": ""2026-04-04""}, {""texto"": ""Produto confiável para uso contínuo."", ""rating"": 5, ""data"": ""2026-07-04""}]","essencial,profissional,premium,durável,recomendado","{""Material"": ""Borracha"", ""Comprimento"": ""120 cm"", ""Peso"": ""0.9 kg"", ""Compatibilidade"": ""Universal""}",Barbosa - EI,SHU-ACES-0232,inativo,2025-12-25
233,Fender Desoxidante,Acessórios,Fender,"Acessório indispensável Desoxidante para músicos. Oferece qualidade profissional e durabilidade garantida. Compatível com diversos instrumentos musicais. Perfeito para estúdio, apresentações e prática diária. Construído com materiais premium que garantem excelente funcionalidade. Recomendado por músicos profissionais. Fácil de usar e manter.Testado rigorosamente antes do envio.  Excelente custo-benefício.  Suporte técnico disponível 24/7.  Desempenho consistente e confiável. ",465.7,41,3.5,41,"[{""texto"": ""Embalagem profissional, produto impecável."", ""rating"": 5, ""data"": ""2026-06-17""}, {""texto"": ""Produto confiável para uso contínuo."", ""rating"": 4, ""data"": ""2026-04-11""}, {""texto"": ""Ideal para profissionais e iniciantes. Muito versátil."", ""rating"": 4, ""data"": ""2026-06-06""}]","versátil,durável,confiável,premium,profissional,recomendado","{""Material"": ""Borracha"", ""Comprimento"": ""121 cm"", ""Peso"": ""1.3 kg"", ""Compatibilidade"": ""Universal""}",da Mota Ramos Ltda.,FEN-ACES-0233,ativo,2026-02-21
234,Elixir Suporte para Partitura,Acessórios,Elixir,"Acessório indispensável Suporte para Partitura para músicos. Oferece qualidade profissional e durabilidade garantida. Compatível com diversos instrumentos musicais. Perfeito para estúdio, apresentações e prática diária. Construído com materiais premium que garantem excelente funcionalidade. Recomendado por músicos profissionais. Fácil de usar e manter.Testado rigorosamente antes do envio.  Marca: Elixir.  Suporte técnico disponível 24/7.  Produto original com nota fiscal e garantia de fábrica. ",211.85,30,3.6,59,"[{""texto"": ""Suporte técnico muito responsivo e atencioso."", ""rating"": 4, ""data"": ""2026-05-13""}, {""texto"": ""Ideal para profissionais e iniciantes. Muito versátil."", ""rating"": 4, ""data"": ""2026-05-19""}, {""texto"": ""Ideal para profissionais e iniciantes. Muito versátil."", ""rating"": 5, ""data"": ""2026-04-30""}, {""texto"": ""Construção sólida, som cristalino e resposta rápida."", ""rating"": 4, ""data"": ""2026-05-21""}]","durável,confiável,versátil,premium,recomendado","{""Material"": ""Couro"", ""Comprimento"": ""67 cm"", ""Peso"": ""0.4 kg"", ""Compatibilidade"": ""Universal""}",Cavalcanti,ELI-ACES-0234,ativo,2026-05-24
235,GHS Stand para Teclado,Acessórios,GHS,"Acessório indispensável Stand para Teclado para músicos. Oferece qualidade profissional e durabilidade garantida. Compatível com diversos instrumentos musicais. Perfeito para estúdio, apresentações e prática diária. Construído com materiais premium que garantem excelente funcionalidade. Recomendado por músicos profissionais. Fácil de usar e manter.Inclui manual de instruções detalhado em português.  Desempenho consistente e confiável.  Marca: GHS.  Testado rigorosamente antes do envio.  Fácil de usar e manter.  Excelente custo-benefício. ",99.99,39,3.5,80,"[{""texto"": ""Qualidade premium, recomendo para todos os músicos."", ""rating"": 4, ""data"": ""2026-05-06""}, {""texto"": ""Suporte técnico muito responsivo e atencioso."", ""rating"": 4, ""data"": ""2026-04-14""}, {""texto"": ""Produto confiável para uso contínuo."", ""rating"": 4, ""data"": ""2026-05-05""}]","prático,compatível,recomendado,durável,ergonômico","{""Material"": ""Couro"", ""Comprimento"": ""126 cm"", ""Peso"": ""0.4 kg"", ""Compatibilidade"": ""Universal""}",Araújo,GHS-ACES-0235,ativo,2025-11-20
236,Ernie Ball Estojo de Transporte,Acessórios,Ernie Ball,"Acessório indispensável Estojo de Transporte para músicos. Oferece qualidade profissional e durabilidade garantida. Compatível com diversos instrumentos musicais. Perfeito para estúdio, apresentações e prática diária. Construído com materiais premium que garantem excelente funcionalidade. Recomendado por músicos profissionais. Fácil de usar e manter.Inclui manual de instruções detalhado em português.  Desempenho consistente e confiável.  Produto original com nota fiscal e garantia de fábrica.  Oferece compatibilidade com múltiplos sistemas operacionais. ",256.13,31,3.8,123,"[{""texto"": ""Produto confiável para uso contínuo."", ""rating"": 4, ""data"": ""2026-08-06""}, {""texto"": ""Atendimento excelente e produto de primeira qualidade."", ""rating"": 4, ""data"": ""2026-04-23""}, {""texto"": ""Sonho realizado! Superou minhas expectativas."", ""rating"": 5, ""data"": ""2026-08-28""}, {""texto"": ""Investimento que vale a pena. Produto de alta qualidade."", ""rating"": 4, ""data"": ""2026-09-19""}, {""texto"": ""Ideal para profissionais e iniciantes. Muito versátil."", ""rating"": 5, ""data"": ""2026-04-04""}]","ergonômico,recomendado,durável,confiável,compatível,prático","{""Material"": ""Borracha"", ""Comprimento"": ""140 cm"", ""Peso"": ""0.2 kg"", ""Compatibilidade"": ""Universal""}",Pastor,ERN-ACES-0236,ativo,2026-03-02
237,GHS Suporte para Partitura,Acessórios,GHS,"Acessório indispensável Suporte para Partitura para músicos. Oferece qualidade profissional e durabilidade garantida. Compatível com diversos instrumentos musicais. Perfeito para estúdio, apresentações e prática diária. Construído com materiais premium que garantem excelente funcionalidade. Recomendado por músicos profissionais. Fácil de usar e manter.Recomendado por especialistas da área.  Testado rigorosamente antes do envio.  Oferece compatibilidade com múltiplos sistemas operacionais.  Inclui manual de instruções detalhado em português.  Desempenho consistente e confiável.  Produto original com nota fiscal e garantia de fábrica. ",196.81,50,4.1,116,"[{""texto"": ""Produto excelente, chegou rápido e bem embalado."", ""rating"": 4, ""data"": ""2026-09-16""}, {""texto"": ""Embalagem profissional, produto impecável."", ""rating"": 4, ""data"": ""2026-08-03""}]","recomendado,compatível,versátil,confiável,essencial","{""Material"": ""Couro"", ""Comprimento"": ""88 cm"", ""Peso"": ""1.9 kg"", ""Compatibilidade"": ""Universal""}",Pastor Martins S/A,GHS-ACES-0237,ativo,2026-05-30
238,Zoom Limpador de Cordas,Acessórios,Zoom,"Acessório indispensável Limpador de Cordas para músicos. Oferece qualidade profissional e durabilidade garantida. Compatível com diversos instrumentos musicais. Perfeito para estúdio, apresentações e prática diária. Construído com materiais premium que garantem excelente funcionalidade. Recomendado por músicos profissionais. Fácil de usar e manter.Testado rigorosamente antes do envio.  Suporte técnico disponível 24/7.  Recomendado por especialistas da área.  Marca: Zoom.  Oferece compatibilidade com múltiplos sistemas operacionais.  Excelente custo-benefício. ",16.65,26,4.2,32,"[{""texto"": ""Excelente relação qualidade-preço."", ""rating"": 4, ""data"": ""2026-06-10""}, {""texto"": ""Ideal para profissionais e iniciantes. Muito versátil."", ""rating"": 5, ""data"": ""2026-04-08""}]","profissional,recomendado,premium,ergonômico,confiável,versátil","{""Material"": ""Celulose"", ""Comprimento"": ""76 cm"", ""Peso"": ""1.3 kg"", ""Compatibilidade"": ""Universal""}",da Cunha,ZOO-ACES-0238,ativo,2025-12-12
239,Shubb Adaptadores Áudio,Acessórios,Shubb,"Acessório indispensável Adaptadores Áudio para músicos. Oferece qualidade profissional e durabilidade garantida. Compatível com diversos instrumentos musicais. Perfeito para estúdio, apresentações e prática diária. Construído com materiais premium que garantem excelente funcionalidade. Recomendado por músicos profissionais. Fácil de usar e manter.Excelente custo-benefício.  Produto original com nota fiscal e garantia de fábrica.  Oferece compatibilidade com múltiplos sistemas operacionais.  Marca: Shubb. ",39.99,4,4.9,135,"[{""texto"": ""Suporte técnico muito responsivo e atencioso."", ""rating"": 4, ""data"": ""2026-08-23""}, {""texto"": ""Ideal para profissionais e iniciantes. Muito versátil."", ""rating"": 4, ""data"": ""2026-05-23""}, {""texto"": ""Perfeito para estúdio e apresentações. Ótimo custo-benefício."", ""rating"": 4, ""data"": ""2026-04-24""}, {""texto"": ""Ideal para profissionais e iniciantes. Muito versátil."", ""rating"": 5, ""data"": ""2026-09-23""}]","ergonômico,premium,profissional,prático","{""Material"": ""Madeira"", ""Comprimento"": ""86 cm"", ""Peso"": ""0.8 kg"", ""Compatibilidade"": ""Universal""}",Azevedo,SHU-ACES-0239,ativo,2026-08-30
240,Zoom Baqueta de Madeira,Acessórios,Zoom,"Acessório indispensável Baqueta de Madeira para músicos. Oferece qualidade profissional e durabilidade garantida. Compatível com diversos instrumentos musicais. Perfeito para estúdio, apresentações e prática diária. Construído com materiais premium que garantem excelente funcionalidade. Recomendado por músicos profissionais. Fácil de usar e manter.Produto original com nota fiscal e garantia de fábrica.  Marca: Zoom.  Fácil de usar e manter.  Testado rigorosamente antes do envio.  Excelente custo-benefício. ",402.5,28,3.5,68,"[{""texto"": ""Qualidade premium, recomendo para todos os músicos."", ""rating"": 4, ""data"": ""2026-06-26""}, {""texto"": ""Construção sólida, som cristalino e resposta rápida."", ""rating"": 5, ""data"": ""2026-07-03""}, {""texto"": ""Produto excelente, chegou rápido e bem embalado."", ""rating"": 5, ""data"": ""2026-08-20""}, {""texto"": ""Produto excelente, chegou rápido e bem embalado."", ""rating"": 5, ""data"": ""2026-04-20""}, {""texto"": ""Recomendo fortemente. Melhor compra do ano!"", ""rating"": 5, ""data"": ""2026-06-09""}]","compatível,profissional,premium","{""Material"": ""Celulose"", ""Comprimento"": ""85 cm"", ""Peso"": ""0.9 kg"", ""Compatibilidade"": ""Universal""}",Fonseca Sá e Filhos,ZOO-ACES-0240,ativo,2026-01-23
241,Dunlop Baqueta de Nylon,Acessórios,Dunlop,"Acessório indispensável Baqueta de Nylon para músicos. Oferece qualidade profissional e durabilidade garantida. Compatível com diversos instrumentos musicais. Perfeito para estúdio, apresentações e prática diária. Construído com materiais premium que garantem excelente funcionalidade. Recomendado por músicos profissionais. Fácil de usar e manter.Desempenho consistente e confiável.  Oferece compatibilidade com múltiplos sistemas operacionais.  Inclui manual de instruções detalhado em português.  Testado rigorosamente antes do envio.  Produto original com nota fiscal e garantia de fábrica.  Recomendado por especialistas da área. ",250.85,85,4.1,115,"[{""texto"": ""Compatibilidade perfeita com meus equipamentos."", ""rating"": 4, ""data"": ""2026-07-02""}, {""texto"": ""Investimento que vale a pena. Produto de alta qualidade."", ""rating"": 5, ""data"": ""2026-06-27""}]","compatível,premium,prático,versátil,essencial,durável","{""Material"": ""Aço"", ""Comprimento"": ""130 cm"", ""Peso"": ""0.5 kg"", ""Compatibilidade"": ""Universal""}",Fogaça,DUN-ACES-0241,ativo,2026-07-17
242,Elixir Cabos XLR,Acessórios,Elixir,"Acessório indispensável Cabos XLR para músicos. Oferece qualidade profissional e durabilidade garantida. Compatível com diversos instrumentos musicais. Perfeito para estúdio, apresentações e prática diária. Construído com materiais premium que garantem excelente funcionalidade. Recomendado por músicos profissionais. Fácil de usar e manter.Inclui manual de instruções detalhado em português.  Testado rigorosamente antes do envio.  Fácil de usar e manter.  Recomendado por especialistas da área. ",453.34,94,3.8,93,"[{""texto"": ""Construção sólida, som cristalino e resposta rápida."", ""rating"": 5, ""data"": ""2026-07-18""}, {""texto"": ""Recomendo fortemente. Melhor compra do ano!"", ""rating"": 4, ""data"": ""2026-08-26""}]","ergonômico,profissional,versátil,recomendado,prático,essencial","{""Material"": ""Madeira"", ""Comprimento"": ""121 cm"", ""Peso"": ""0.2 kg"", ""Compatibilidade"": ""Universal""}",da Cruz,ELI-ACES-0242,ativo,2026-06-23
243,Vic Firth Metrônomo,Acessórios,Vic Firth,"Acessório indispensável Metrônomo para músicos. Oferece qualidade profissional e durabilidade garantida. Compatível com diversos instrumentos musicais. Perfeito para estúdio, apresentações e prática diária. Construído com materiais premium que garantem excelente funcionalidade. Recomendado por músicos profissionais. Fácil de usar e manter.Fácil de usar e manter.  Oferece compatibilidade com múltiplos sistemas operacionais.  Testado rigorosamente antes do envio.  Inclui manual de instruções detalhado em português. ",137.23,92,4.0,39,"[{""texto"": ""Investimento que vale a pena. Produto de alta qualidade."", ""rating"": 5, ""data"": ""2026-09-06""}, {""texto"": ""Sonho realizado! Superou minhas expectativas."", ""rating"": 4, ""data"": ""2026-07-26""}, {""texto"": ""Construção sólida, som cristalino e resposta rápida."", ""rating"": 4, ""data"": ""2026-07-24""}, {""texto"": ""Suporte técnico muito responsivo e atencioso."", ""rating"": 5, ""data"": ""2026-07-30""}]","profissional,durável,prático,essencial,premium","{""Material"": ""Madeira"", ""Comprimento"": ""106 cm"", ""Peso"": ""0.6 kg"", ""Compatibilidade"": ""Universal""}",Silveira Ltda.,VIC-ACES-0243,ativo,2025-11-25
244,Boss Limpador de Cordas,Acessórios,Boss,"Acessório indispensável Limpador de Cordas para músicos. Oferece qualidade profissional e durabilidade garantida. Compatível com diversos instrumentos musicais. Perfeito para estúdio, apresentações e prática diária. Construído com materiais premium que garantem excelente funcionalidade. Recomendado por músicos profissionais. Fácil de usar e manter.Recomendado por especialistas da área.  Oferece compatibilidade com múltiplos sistemas operacionais.  Inclui manual de instruções detalhado em português.  Fácil de usar e manter. ",388.0,28,4.8,173,"[{""texto"": ""Atendimento excelente e produto de primeira qualidade."", ""rating"": 4, ""data"": ""2026-04-02""}, {""texto"": ""Perfeito para estúdio e apresentações. Ótimo custo-benefício."", ""rating"": 5, ""data"": ""2026-05-15""}, {""texto"": ""Profissional, durável e confiável. Muito bom!"", ""rating"": 5, ""data"": ""2026-07-13""}, {""texto"": ""Excelente relação qualidade-preço."", ""rating"": 4, ""data"": ""2026-07-22""}, {""texto"": ""Compatibilidade perfeita com meus equipamentos."", ""rating"": 5, ""data"": ""2026-04-22""}]","confiável,ergonômico,versátil","{""Material"": ""Nylon"", ""Comprimento"": ""187 cm"", ""Peso"": ""1.1 kg"", ""Compatibilidade"": ""Universal""}",Mendonça e Filhos,BOS-ACES-0244,ativo,2026-07-07
245,Boss Afinador Digital,Acessórios,Boss,"Acessório indispensável Afinador Digital para músicos. Oferece qualidade profissional e durabilidade garantida. Compatível com diversos instrumentos musicais. Perfeito para estúdio, apresentações e prática diária. Construído com materiais premium que garantem excelente funcionalidade. Recomendado por músicos profissionais. Fácil de usar e manter.Inclui manual de instruções detalhado em português.  Testado rigorosamente antes do envio.  Produto original com nota fiscal e garantia de fábrica.  Fácil de usar e manter.  Suporte técnico disponível 24/7. ",402.73,24,4.1,28,"[{""texto"": ""Produto excelente, chegou rápido e bem embalado."", ""rating"": 5, ""data"": ""2026-06-08""}, {""texto"": ""Produto excelente, chegou rápido e bem embalado."", ""rating"": 5, ""data"": ""2026-04-20""}]","premium,recomendado,profissional","{""Material"": ""Nylon"", ""Comprimento"": ""62 cm"", ""Peso"": ""1.7 kg"", ""Compatibilidade"": ""Universal""}",Marques,BOS-ACES-0245,ativo,2026-07-19
246,Ernie Ball Suporte para Partitura,Acessórios,Ernie Ball,"Acessório indispensável Suporte para Partitura para músicos. Oferece qualidade profissional e durabilidade garantida. Compatível com diversos instrumentos musicais. Perfeito para estúdio, apresentações e prática diária. Construído com materiais premium que garantem excelente funcionalidade. Recomendado por músicos profissionais. Fácil de usar e manter.Fácil de usar e manter.  Produto original com nota fiscal e garantia de fábrica.  Recomendado por especialistas da área.  Oferece compatibilidade com múltiplos sistemas operacionais.  Desempenho consistente e confiável. ",190.42,30,3.7,39,"[{""texto"": ""Embalagem profissional, produto impecável."", ""rating"": 5, ""data"": ""2026-09-07""}, {""texto"": ""Recomendo fortemente. Melhor compra do ano!"", ""rating"": 4, ""data"": ""2026-06-11""}, {""texto"": ""Produto excelente, chegou rápido e bem embalado."", ""rating"": 5, ""data"": ""2026-07-04""}]","versátil,durável,prático","{""Material"": ""Celulose"", ""Comprimento"": ""59 cm"", ""Peso"": ""0.7 kg"", ""Compatibilidade"": ""Universal""}",Cirino Vasconcelos S.A.,ERN-ACES-0246,ativo,2026-01-19
247,GHS Afinador Digital,Acessórios,GHS,"Acessório indispensável Afinador Digital para músicos. Oferece qualidade profissional e durabilidade garantida. Compatível com diversos instrumentos musicais. Perfeito para estúdio, apresentações e prática diária. Construído com materiais premium que garantem excelente funcionalidade. Recomendado por músicos profissionais. Fácil de usar e manter.Recomendado por especialistas da área.  Fácil de usar e manter.  Excelente custo-benefício.  Inclui manual de instruções detalhado em português.  Produto original com nota fiscal e garantia de fábrica. ",81.58,62,4.3,61,"[{""texto"": ""Perfeito para estúdio e apresentações. Ótimo custo-benefício."", ""rating"": 4, ""data"": ""2026-09-20""}, {""texto"": ""Recomendo fortemente. Melhor compra do ano!"", ""rating"": 4, ""data"": ""2026-04-06""}]","recomendado,profissional,compatível,essencial,confiável,durável","{""Material"": ""Couro"", ""Comprimento"": ""181 cm"", ""Peso"": ""1.5 kg"", ""Compatibilidade"": ""Universal""}",da Costa,GHS-ACES-0247,ativo,2025-10-06
248,GHS Correia de Couro,Acessórios,GHS,"Acessório indispensável Correia de Couro para músicos. Oferece qualidade profissional e durabilidade garantida. Compatível com diversos instrumentos musicais. Perfeito para estúdio, apresentações e prática diária. Construído com materiais premium que garantem excelente funcionalidade. Recomendado por músicos profissionais. Fácil de usar e manter.Desempenho consistente e confiável.  Excelente custo-benefício.  Marca: GHS.  Oferece compatibilidade com múltiplos sistemas operacionais. ",461.19,97,4.5,29,"[{""texto"": ""Embalagem profissional, produto impecável."", ""rating"": 4, ""data"": ""2026-09-21""}, {""texto"": ""Qualidade premium, recomendo para todos os músicos."", ""rating"": 4, ""data"": ""2026-04-18""}, {""texto"": ""Excelente relação qualidade-preço."", ""rating"": 5, ""data"": ""2026-09-03""}, {""texto"": ""Sonho realizado! Superou minhas expectativas."", ""rating"": 5, ""data"": ""2026-05-25""}]","confiável,essencial,durável,compatível","{""Material"": ""Nylon"", ""Comprimento"": ""153 cm"", ""Peso"": ""1.2 kg"", ""Compatibilidade"": ""Universal""}",Aragão,GHS-ACES-0248,ativo,2026-03-24
249,Korg Luz LED,Acessórios,Korg,"Acessório indispensável Luz LED para músicos. Oferece qualidade profissional e durabilidade garantida. Compatível com diversos instrumentos musicais. Perfeito para estúdio, apresentações e prática diária. Construído com materiais premium que garantem excelente funcionalidade. Recomendado por músicos profissionais. Fácil de usar e manter.Testado rigorosamente antes do envio.  Oferece compatibilidade com múltiplos sistemas operacionais.  Inclui manual de instruções detalhado em português.  Recomendado por especialistas da área.  Desempenho consistente e confiável.  Marca: Korg. ",145.75,1,4.0,154,"[{""texto"": ""Profissional, durável e confiável. Muito bom!"", ""rating"": 5, ""data"": ""2026-07-05""}, {""texto"": ""Embalagem profissional, produto impecável."", ""rating"": 4, ""data"": ""2026-04-07""}, {""texto"": ""Ideal para profissionais e iniciantes. Muito versátil."", ""rating"": 4, ""data"": ""2026-07-24""}]","recomendado,confiável,ergonômico,versátil,premium,durável","{""Material"": ""Aço"", ""Comprimento"": ""66 cm"", ""Peso"": ""1.9 kg"", ""Compatibilidade"": ""Universal""}",Almeida,KOR-ACES-0249,ativo,2025-11-04
250,Boss Stand para Guitarra,Acessórios,Boss,"Acessório indispensável Stand para Guitarra para músicos. Oferece qualidade profissional e durabilidade garantida. Compatível com diversos instrumentos musicais. Perfeito para estúdio, apresentações e prática diária. Construído com materiais premium que garantem excelente funcionalidade. Recomendado por músicos profissionais. Fácil de usar e manter.Testado rigorosamente antes do envio.  Recomendado por especialistas da área.  Fácil de usar e manter.  Oferece compatibilidade com múltiplos sistemas operacionais.  Marca: Boss. ",206.79,25,5.0,153,"[{""texto"": ""Atendimento excelente e produto de primeira qualidade."", ""rating"": 4, ""data"": ""2026-04-07""}, {""texto"": ""Ideal para profissionais e iniciantes. Muito versátil."", ""rating"": 4, ""data"": ""2026-04-30""}]","durável,essencial,confiável,profissional,compatível,ergonômico","{""Material"": ""Aço"", ""Comprimento"": ""183 cm"", ""Peso"": ""1.8 kg"", ""Compatibilidade"": ""Universal""}",Cardoso,BOS-ACES-0250,inativo,2026-09-20
251,Sony Cabeçote de Amplificador,Equipamentos de Áudio,Sony,"Equipamento profissional Cabeçote de Amplificador de alta qualidade para produção musical. Oferece som cristalino e performance confiável em qualquer ambiente. Ideal para estúdios, salas de concerto e casas de shows. Construído com tecnologia de ponta e componentes de qualidade superior. Recomendado por engenheiros de som e produtores musicais. Garante excelentes resultados em gravações e apresentações.Fácil de usar e manter.  Desempenho consistente e confiável.  Produto original com nota fiscal e garantia de fábrica.  Inclui manual de instruções detalhado em português.  Marca: Sony. ",335.79,37,4.2,67,"[{""texto"": ""Produto confiável para uso contínuo."", ""rating"": 5, ""data"": ""2026-04-05""}, {""texto"": ""Embalagem profissional, produto impecável."", ""rating"": 4, ""data"": ""2026-06-14""}, {""texto"": ""Produto excelente, chegou rápido e bem embalado."", ""rating"": 5, ""data"": ""2026-08-13""}, {""texto"": ""Excelente relação qualidade-preço."", ""rating"": 4, ""data"": ""2026-08-27""}]","profissional,estúdio,versatilidade,alta-qualidade,confiável,engenheiros-recomenda","{""Frequência"": ""76-16269 Hz"", ""Impedância"": ""77 Ohm"", ""Sensibilidade"": ""106 dB"", ""Conexão"": ""3.5mm""}",Farias,SON-EQUI-0251,ativo,2026-02-02
252,Technics Alto-Falante Ativo,Equipamentos de Áudio,Technics,"Equipamento profissional Alto-Falante Ativo de alta qualidade para produção musical. Oferece som cristalino e performance confiável em qualquer ambiente. Ideal para estúdios, salas de concerto e casas de shows. Construído com tecnologia de ponta e componentes de qualidade superior. Recomendado por engenheiros de som e produtores musicais. Garante excelentes resultados em gravações e apresentações.Excelente custo-benefício.  Desempenho consistente e confiável.  Oferece compatibilidade com múltiplos sistemas operacionais.  Fácil de usar e manter.  Marca: Technics.  Produto original com nota fiscal e garantia de fábrica. ",2822.34,60,4.7,47,"[{""texto"": ""Recomendo fortemente. Melhor compra do ano!"", ""rating"": 5, ""data"": ""2026-08-11""}, {""texto"": ""Construção sólida, som cristalino e resposta rápida."", ""rating"": 5, ""data"": ""2026-09-15""}]","profissional,precisão,tecnologia-ponta,alta-qualidade,confiável,versatilidade","{""Frequência"": ""95-14954 Hz"", ""Impedância"": ""376 Ohm"", ""Sensibilidade"": ""108 dB"", ""Conexão"": ""3.5mm""}",Rios,TEC-EQUI-0252,ativo,2026-03-29
253,Technics Monitor de Estúdio,Equipamentos de Áudio,Technics,"Equipamento profissional Monitor de Estúdio de alta qualidade para produção musical. Oferece som cristalino e performance confiável em qualquer ambiente. Ideal para estúdios, salas de concerto e casas de shows. Construído com tecnologia de ponta e componentes de qualidade superior. Recomendado por engenheiros de som e produtores musicais. Garante excelentes resultados em gravações e apresentações.Desempenho consistente e confiável.  Testado rigorosamente antes do envio.  Oferece compatibilidade com múltiplos sistemas operacionais.  Excelente custo-benefício.  Recomendado por especialistas da área.  Fácil de usar e manter. ",2834.19,42,4.1,84,"[{""texto"": ""Excelente relação qualidade-preço."", ""rating"": 5, ""data"": ""2026-05-19""}, {""texto"": ""Perfeito para estúdio e apresentações. Ótimo custo-benefício."", ""rating"": 4, ""data"": ""2026-09-10""}]","tecnologia-ponta,versatilidade,engenheiros-recomenda,cristalino,confiável,profissional","{""Frequência"": ""27-19277 Hz"", ""Impedância"": ""449 Ohm"", ""Sensibilidade"": ""103 dB"", ""Conexão"": ""Bluetooth""}",Pimenta,TEC-EQUI-0253,ativo,2026-06-17
254,Presonus Mixer Digital,Equipamentos de Áudio,Presonus,"Equipamento profissional Mixer Digital de alta qualidade para produção musical. Oferece som cristalino e performance confiável em qualquer ambiente. Ideal para estúdios, salas de concerto e casas de shows. Construído com tecnologia de ponta e componentes de qualidade superior. Recomendado por engenheiros de som e produtores musicais. Garante excelentes resultados em gravações e apresentações.Marca: Presonus.  Excelente custo-benefício.  Oferece compatibilidade com múltiplos sistemas operacionais.  Fácil de usar e manter.  Desempenho consistente e confiável.  Produto original com nota fiscal e garantia de fábrica. ",1935.75,19,4.5,180,"[{""texto"": ""Sonho realizado! Superou minhas expectativas."", ""rating"": 5, ""data"": ""2026-06-22""}, {""texto"": ""Embalagem profissional, produto impecável."", ""rating"": 5, ""data"": ""2026-04-25""}]","engenheiros-recomenda,profissional,tecnologia-ponta,cristalino","{""Frequência"": ""50-10031 Hz"", ""Impedância"": ""107 Ohm"", ""Sensibilidade"": ""105 dB"", ""Conexão"": ""USB""}",Moreira S/A,PRE-EQUI-0254,ativo,2026-03-09
255,Rode Mixer Digital,Equipamentos de Áudio,Rode,"Equipamento profissional Mixer Digital de alta qualidade para produção musical. Oferece som cristalino e performance confiável em qualquer ambiente. Ideal para estúdios, salas de concerto e casas de shows. Construído com tecnologia de ponta e componentes de qualidade superior. Recomendado por engenheiros de som e produtores musicais. Garante excelentes resultados em gravações e apresentações.Suporte técnico disponível 24/7.  Excelente custo-benefício.  Desempenho consistente e confiável.  Produto original com nota fiscal e garantia de fábrica. ",2879.52,79,3.8,81,"[{""texto"": ""Produto confiável para uso contínuo."", ""rating"": 5, ""data"": ""2026-08-01""}, {""texto"": ""Compatibilidade perfeita com meus equipamentos."", ""rating"": 5, ""data"": ""2026-07-20""}]","confiável,cristalino,versatilidade,estúdio,profissional","{""Frequência"": ""22-16595 Hz"", ""Impedância"": ""147 Ohm"", ""Sensibilidade"": ""96 dB"", ""Conexão"": ""RCA""}",Duarte Borges S.A.,ROD-EQUI-0255,ativo,2026-05-19
256,Audio-Technica Fone In-Ear,Equipamentos de Áudio,Audio-Technica,"Equipamento profissional Fone In-Ear de alta qualidade para produção musical. Oferece som cristalino e performance confiável em qualquer ambiente. Ideal para estúdios, salas de concerto e casas de shows. Construído com tecnologia de ponta e componentes de qualidade superior. Recomendado por engenheiros de som e produtores musicais. Garante excelentes resultados em gravações e apresentações.Testado rigorosamente antes do envio.  Fácil de usar e manter.  Desempenho consistente e confiável.  Suporte técnico disponível 24/7. ",1482.26,37,3.8,105,"[{""texto"": ""Suporte técnico muito responsivo e atencioso."", ""rating"": 5, ""data"": ""2026-04-14""}, {""texto"": ""Profissional, durável e confiável. Muito bom!"", ""rating"": 5, ""data"": ""2026-06-08""}, {""texto"": ""Ideal para profissionais e iniciantes. Muito versátil."", ""rating"": 4, ""data"": ""2026-06-01""}]","estúdio,tecnologia-ponta,engenheiros-recomenda,profissional","{""Frequência"": ""51-14376 Hz"", ""Impedância"": ""465 Ohm"", ""Sensibilidade"": ""99 dB"", ""Conexão"": ""USB""}",Garcia,AUD-EQUI-0256,ativo,2026-08-29
257,Shure Alto-Falante Ativo,Equipamentos de Áudio,Shure,"Equipamento profissional Alto-Falante Ativo de alta qualidade para produção musical. Oferece som cristalino e performance confiável em qualquer ambiente. Ideal para estúdios, salas de concerto e casas de shows. Construído com tecnologia de ponta e componentes de qualidade superior. Recomendado por engenheiros de som e produtores musicais. Garante excelentes resultados em gravações e apresentações.Recomendado por especialistas da área.  Suporte técnico disponível 24/7.  Fácil de usar e manter.  Inclui manual de instruções detalhado em português.  Excelente custo-benefício.  Desempenho consistente e confiável. ",1945.2,68,3.7,153,"[{""texto"": ""Qualidade premium, recomendo para todos os músicos."", ""rating"": 4, ""data"": ""2026-05-11""}, {""texto"": ""Produto confiável para uso contínuo."", ""rating"": 5, ""data"": ""2026-06-15""}]","cristalino,premium,estúdio,profissional","{""Frequência"": ""63-15604 Hz"", ""Impedância"": ""477 Ohm"", ""Sensibilidade"": ""109 dB"", ""Conexão"": ""XLR""}",Oliveira Nogueira S/A,SHU-EQUI-0257,ativo,2026-09-22
258,Focusrite Monitor de Estúdio,Equipamentos de Áudio,Focusrite,"Equipamento profissional Monitor de Estúdio de alta qualidade para produção musical. Oferece som cristalino e performance confiável em qualquer ambiente. Ideal para estúdios, salas de concerto e casas de shows. Construído com tecnologia de ponta e componentes de qualidade superior. Recomendado por engenheiros de som e produtores musicais. Garante excelentes resultados em gravações e apresentações.Desempenho consistente e confiável.  Recomendado por especialistas da área.  Fácil de usar e manter.  Oferece compatibilidade com múltiplos sistemas operacionais. ",999.14,82,4.5,166,"[{""texto"": ""Qualidade premium, recomendo para todos os músicos."", ""rating"": 4, ""data"": ""2026-07-22""}, {""texto"": ""Ideal para profissionais e iniciantes. Muito versátil."", ""rating"": 4, ""data"": ""2026-05-23""}, {""texto"": ""Recomendo fortemente. Melhor compra do ano!"", ""rating"": 5, ""data"": ""2026-04-07""}]","precisão,tecnologia-ponta,estúdio,alta-qualidade,confiável","{""Frequência"": ""44-12048 Hz"", ""Impedância"": ""252 Ohm"", ""Sensibilidade"": ""108 dB"", ""Conexão"": ""USB""}",das Neves S/A,FOC-EQUI-0258,ativo,2026-02-25
259,Sennheiser Recorder Portátil,Equipamentos de Áudio,Sennheiser,"Equipamento profissional Recorder Portátil de alta qualidade para produção musical. Oferece som cristalino e performance confiável em qualquer ambiente. Ideal para estúdios, salas de concerto e casas de shows. Construído com tecnologia de ponta e componentes de qualidade superior. Recomendado por engenheiros de som e produtores musicais. Garante excelentes resultados em gravações e apresentações.Fácil de usar e manter.  Suporte técnico disponível 24/7.  Oferece compatibilidade com múltiplos sistemas operacionais.  Testado rigorosamente antes do envio.  Produto original com nota fiscal e garantia de fábrica.  Marca: Sennheiser. ",2787.13,6,4.0,66,"[{""texto"": ""Profissional, durável e confiável. Muito bom!"", ""rating"": 4, ""data"": ""2026-08-04""}, {""texto"": ""Compatibilidade perfeita com meus equipamentos."", ""rating"": 5, ""data"": ""2026-09-09""}]","premium,engenheiros-recomenda,estúdio,tecnologia-ponta,profissional,confiável","{""Frequência"": ""89-16652 Hz"", ""Impedância"": ""147 Ohm"", ""Sensibilidade"": ""80 dB"", ""Conexão"": ""Bluetooth""}",Nascimento da Paz - ME,SEN-EQUI-0259,ativo,2025-10-29
260,Audio-Technica Recorder Portátil,Equipamentos de Áudio,Audio-Technica,"Equipamento profissional Recorder Portátil de alta qualidade para produção musical. Oferece som cristalino e performance confiável em qualquer ambiente. Ideal para estúdios, salas de concerto e casas de shows. Construído com tecnologia de ponta e componentes de qualidade superior. Recomendado por engenheiros de som e produtores musicais. Garante excelentes resultados em gravações e apresentações.Oferece compatibilidade com múltiplos sistemas operacionais.  Suporte técnico disponível 24/7.  Excelente custo-benefício.  Produto original com nota fiscal e garantia de fábrica.  Recomendado por especialistas da área.  Fácil de usar e manter. ",2872.78,64,3.9,164,"[{""texto"": ""Investimento que vale a pena. Produto de alta qualidade."", ""rating"": 5, ""data"": ""2026-08-18""}, {""texto"": ""Produto confiável para uso contínuo."", ""rating"": 4, ""data"": ""2026-06-30""}, {""texto"": ""Construção sólida, som cristalino e resposta rápida."", ""rating"": 5, ""data"": ""2026-05-04""}]","premium,confiável,precisão,profissional,tecnologia-ponta,engenheiros-recomenda","{""Frequência"": ""60-12071 Hz"", ""Impedância"": ""316 Ohm"", ""Sensibilidade"": ""88 dB"", ""Conexão"": ""USB""}",da Conceição - EI,AUD-EQUI-0260,ativo,2026-05-04
261,Universal Audio Suporte Profissional,Equipamentos de Áudio,Universal Audio,"Equipamento profissional Suporte Profissional de alta qualidade para produção musical. Oferece som cristalino e performance confiável em qualquer ambiente. Ideal para estúdios, salas de concerto e casas de shows. Construído com tecnologia de ponta e componentes de qualidade superior. Recomendado por engenheiros de som e produtores musicais. Garante excelentes resultados em gravações e apresentações.Testado rigorosamente antes do envio.  Desempenho consistente e confiável.  Marca: Universal Audio.  Fácil de usar e manter. ",2206.13,35,3.6,177,"[{""texto"": ""Suporte técnico muito responsivo e atencioso."", ""rating"": 5, ""data"": ""2026-04-22""}, {""texto"": ""Construção sólida, som cristalino e resposta rápida."", ""rating"": 5, ""data"": ""2026-09-13""}, {""texto"": ""Construção sólida, som cristalino e resposta rápida."", ""rating"": 4, ""data"": ""2026-07-08""}, {""texto"": ""Ideal para profissionais e iniciantes. Muito versátil."", ""rating"": 5, ""data"": ""2026-07-03""}]","engenheiros-recomenda,alta-qualidade,tecnologia-ponta,precisão,cristalino","{""Frequência"": ""84-11924 Hz"", ""Impedância"": ""89 Ohm"", ""Sensibilidade"": ""107 dB"", ""Conexão"": ""3.5mm""}",Fonseca,UNI-EQUI-0261,ativo,2026-01-26
262,Presonus Fone Estéreo,Equipamentos de Áudio,Presonus,"Equipamento profissional Fone Estéreo de alta qualidade para produção musical. Oferece som cristalino e performance confiável em qualquer ambiente. Ideal para estúdios, salas de concerto e casas de shows. Construído com tecnologia de ponta e componentes de qualidade superior. Recomendado por engenheiros de som e produtores musicais. Garante excelentes resultados em gravações e apresentações.Excelente custo-benefício.  Testado rigorosamente antes do envio.  Produto original com nota fiscal e garantia de fábrica.  Oferece compatibilidade com múltiplos sistemas operacionais.  Marca: Presonus. ",2831.06,62,4.7,110,"[{""texto"": ""Construção sólida, som cristalino e resposta rápida."", ""rating"": 5, ""data"": ""2026-09-10""}, {""texto"": ""Atendimento excelente e produto de primeira qualidade."", ""rating"": 4, ""data"": ""2026-04-02""}]","alta-qualidade,engenheiros-recomenda,tecnologia-ponta,precisão","{""Frequência"": ""86-14504 Hz"", ""Impedância"": ""519 Ohm"", ""Sensibilidade"": ""100 dB"", ""Conexão"": ""RCA""}",Vargas Carvalho e Filhos,PRE-EQUI-0262,ativo,2026-03-06
263,Universal Audio Gravador Digital,Equipamentos de Áudio,Universal Audio,"Equipamento profissional Gravador Digital de alta qualidade para produção musical. Oferece som cristalino e performance confiável em qualquer ambiente. Ideal para estúdios, salas de concerto e casas de shows. Construído com tecnologia de ponta e componentes de qualidade superior. Recomendado por engenheiros de som e produtores musicais. Garante excelentes resultados em gravações e apresentações.Suporte técnico disponível 24/7.  Testado rigorosamente antes do envio.  Desempenho consistente e confiável.  Fácil de usar e manter.  Inclui manual de instruções detalhado em português. ",1574.41,4,4.5,134,"[{""texto"": ""Investimento que vale a pena. Produto de alta qualidade."", ""rating"": 5, ""data"": ""2026-09-06""}, {""texto"": ""Construção sólida, som cristalino e resposta rápida."", ""rating"": 4, ""data"": ""2026-05-10""}, {""texto"": ""Recomendo fortemente. Melhor compra do ano!"", ""rating"": 5, ""data"": ""2026-06-06""}, {""texto"": ""Profissional, durável e confiável. Muito bom!"", ""rating"": 4, ""data"": ""2026-09-13""}]","premium,confiável,cristalino,engenheiros-recomenda,profissional,alta-qualidade","{""Frequência"": ""83-13868 Hz"", ""Impedância"": ""591 Ohm"", ""Sensibilidade"": ""81 dB"", ""Conexão"": ""Bluetooth""}",Abreu S.A.,UNI-EQUI-0263,ativo,2026-02-14
264,Presonus Processador de Efeitos,Equipamentos de Áudio,Presonus,"Equipamento profissional Processador de Efeitos de alta qualidade para produção musical. Oferece som cristalino e performance confiável em qualquer ambiente. Ideal para estúdios, salas de concerto e casas de shows. Construído com tecnologia de ponta e componentes de qualidade superior. Recomendado por engenheiros de som e produtores musicais. Garante excelentes resultados em gravações e apresentações.Marca: Presonus.  Desempenho consistente e confiável.  Testado rigorosamente antes do envio.  Suporte técnico disponível 24/7. ",2167.3,27,4.0,37,"[{""texto"": ""Construção sólida, som cristalino e resposta rápida."", ""rating"": 5, ""data"": ""2026-09-21""}, {""texto"": ""Compatibilidade perfeita com meus equipamentos."", ""rating"": 5, ""data"": ""2026-09-19""}, {""texto"": ""Produto excelente, chegou rápido e bem embalado."", ""rating"": 5, ""data"": ""2026-05-12""}]","cristalino,precisão,versatilidade","{""Frequência"": ""89-14183 Hz"", ""Impedância"": ""331 Ohm"", ""Sensibilidade"": ""96 dB"", ""Conexão"": ""Bluetooth""}",Ribeiro Martins S/A,PRE-EQUI-0264,ativo,2026-06-05
265,Yamaha Monitor de Estúdio,Equipamentos de Áudio,Yamaha,"Equipamento profissional Monitor de Estúdio de alta qualidade para produção musical. Oferece som cristalino e performance confiável em qualquer ambiente. Ideal para estúdios, salas de concerto e casas de shows. Construído com tecnologia de ponta e componentes de qualidade superior. Recomendado por engenheiros de som e produtores musicais. Garante excelentes resultados em gravações e apresentações.Suporte técnico disponível 24/7.  Testado rigorosamente antes do envio.  Produto original com nota fiscal e garantia de fábrica.  Excelente custo-benefício.  Marca: Yamaha. ",2671.18,83,4.8,35,"[{""texto"": ""Investimento que vale a pena. Produto de alta qualidade."", ""rating"": 5, ""data"": ""2026-07-15""}, {""texto"": ""Profissional, durável e confiável. Muito bom!"", ""rating"": 5, ""data"": ""2026-09-18""}, {""texto"": ""Perfeito para estúdio e apresentações. Ótimo custo-benefício."", ""rating"": 4, ""data"": ""2026-09-21""}, {""texto"": ""Produto excelente, chegou rápido e bem embalado."", ""rating"": 4, ""data"": ""2026-07-16""}, {""texto"": ""Profissional, durável e confiável. Muito bom!"", ""rating"": 5, ""data"": ""2026-04-18""}]","cristalino,versatilidade,precisão,estúdio","{""Frequência"": ""60-16303 Hz"", ""Impedância"": ""54 Ohm"", ""Sensibilidade"": ""109 dB"", ""Conexão"": ""RCA""}",Castro da Paz e Filhos,YAM-EQUI-0265,ativo,2025-10-16
266,Pioneer Mixer Analógico,Equipamentos de Áudio,Pioneer,"Equipamento profissional Mixer Analógico de alta qualidade para produção musical. Oferece som cristalino e performance confiável em qualquer ambiente. Ideal para estúdios, salas de concerto e casas de shows. Construído com tecnologia de ponta e componentes de qualidade superior. Recomendado por engenheiros de som e produtores musicais. Garante excelentes resultados em gravações e apresentações.Desempenho consistente e confiável.  Suporte técnico disponível 24/7.  Oferece compatibilidade com múltiplos sistemas operacionais.  Fácil de usar e manter.  Testado rigorosamente antes do envio. ",2710.22,54,3.7,17,"[{""texto"": ""Embalagem profissional, produto impecável."", ""rating"": 4, ""data"": ""2026-07-22""}, {""texto"": ""Recomendo fortemente. Melhor compra do ano!"", ""rating"": 5, ""data"": ""2026-04-08""}, {""texto"": ""Produto confiável para uso contínuo."", ""rating"": 4, ""data"": ""2026-05-27""}, {""texto"": ""Excelente relação qualidade-preço."", ""rating"": 4, ""data"": ""2026-06-04""}, {""texto"": ""Ideal para profissionais e iniciantes. Muito versátil."", ""rating"": 4, ""data"": ""2026-05-17""}]","cristalino,confiável,premium,precisão,alta-qualidade","{""Frequência"": ""64-15003 Hz"", ""Impedância"": ""50 Ohm"", ""Sensibilidade"": ""102 dB"", ""Conexão"": ""3.5mm""}",Barbosa Vieira e Filhos,PIO-EQUI-0266,ativo,2026-03-27
267,Focusrite Reverberador,Equipamentos de Áudio,Focusrite,"Equipamento profissional Reverberador de alta qualidade para produção musical. Oferece som cristalino e performance confiável em qualquer ambiente. Ideal para estúdios, salas de concerto e casas de shows. Construído com tecnologia de ponta e componentes de qualidade superior. Recomendado por engenheiros de som e produtores musicais. Garante excelentes resultados em gravações e apresentações.Suporte técnico disponível 24/7.  Marca: Focusrite.  Inclui manual de instruções detalhado em português.  Fácil de usar e manter.  Oferece compatibilidade com múltiplos sistemas operacionais. ",1624.74,12,4.5,194,"[{""texto"": ""Recomendo fortemente. Melhor compra do ano!"", ""rating"": 5, ""data"": ""2026-09-16""}, {""texto"": ""Produto confiável para uso contínuo."", ""rating"": 5, ""data"": ""2026-08-03""}]","versatilidade,alta-qualidade,cristalino,engenheiros-recomenda,confiável,estúdio","{""Frequência"": ""23-10529 Hz"", ""Impedância"": ""121 Ohm"", ""Sensibilidade"": ""106 dB"", ""Conexão"": ""USB""}",Garcia,FOC-EQUI-0267,ativo,2026-05-11
268,Sennheiser Fone Over-Ear,Equipamentos de Áudio,Sennheiser,"Equipamento profissional Fone Over-Ear de alta qualidade para produção musical. Oferece som cristalino e performance confiável em qualquer ambiente. Ideal para estúdios, salas de concerto e casas de shows. Construído com tecnologia de ponta e componentes de qualidade superior. Recomendado por engenheiros de som e produtores musicais. Garante excelentes resultados em gravações e apresentações.Marca: Sennheiser.  Oferece compatibilidade com múltiplos sistemas operacionais.  Produto original com nota fiscal e garantia de fábrica.  Desempenho consistente e confiável.  Recomendado por especialistas da área. ",2555.66,14,3.7,135,"[{""texto"": ""Produto excelente, chegou rápido e bem embalado."", ""rating"": 4, ""data"": ""2026-05-17""}, {""texto"": ""Qualidade premium, recomendo para todos os músicos."", ""rating"": 5, ""data"": ""2026-06-13""}, {""texto"": ""Embalagem profissional, produto impecável."", ""rating"": 4, ""data"": ""2026-04-29""}]","engenheiros-recomenda,profissional,estúdio,cristalino","{""Frequência"": ""52-19987 Hz"", ""Impedância"": ""424 Ohm"", ""Sensibilidade"": ""106 dB"", ""Conexão"": ""RCA""}",Pinto,SEN-EQUI-0268,inativo,2026-04-25
269,Presonus Placa de Som Externa,Equipamentos de Áudio,Presonus,"Equipamento profissional Placa de Som Externa de alta qualidade para produção musical. Oferece som cristalino e performance confiável em qualquer ambiente. Ideal para estúdios, salas de concerto e casas de shows. Construído com tecnologia de ponta e componentes de qualidade superior. Recomendado por engenheiros de som e produtores musicais. Garante excelentes resultados em gravações e apresentações.Suporte técnico disponível 24/7.  Recomendado por especialistas da área.  Oferece compatibilidade com múltiplos sistemas operacionais.  Fácil de usar e manter.  Marca: Presonus. ",1685.97,90,4.3,160,"[{""texto"": ""Sonho realizado! Superou minhas expectativas."", ""rating"": 4, ""data"": ""2026-09-16""}, {""texto"": ""Produto confiável para uso contínuo."", ""rating"": 5, ""data"": ""2026-08-31""}, {""texto"": ""Construção sólida, som cristalino e resposta rápida."", ""rating"": 5, ""data"": ""2026-07-24""}, {""texto"": ""Qualidade premium, recomendo para todos os músicos."", ""rating"": 5, ""data"": ""2026-04-20""}]","engenheiros-recomenda,confiável,alta-qualidade,precisão,premium","{""Frequência"": ""60-17565 Hz"", ""Impedância"": ""567 Ohm"", ""Sensibilidade"": ""91 dB"", ""Conexão"": ""XLR""}",Pires Viana e Filhos,PRE-EQUI-0269,ativo,2026-05-03
270,Sony Case para Equipamento,Equipamentos de Áudio,Sony,"Equipamento profissional Case para Equipamento de alta qualidade para produção musical. Oferece som cristalino e performance confiável em qualquer ambiente. Ideal para estúdios, salas de concerto e casas de shows. Construído com tecnologia de ponta e componentes de qualidade superior. Recomendado por engenheiros de som e produtores musicais. Garante excelentes resultados em gravações e apresentações.Suporte técnico disponível 24/7.  Inclui manual de instruções detalhado em português.  Excelente custo-benefício.  Desempenho consistente e confiável.  Testado rigorosamente antes do envio. ",389.11,74,4.2,161,"[{""texto"": ""Produto excelente, chegou rápido e bem embalado."", ""rating"": 5, ""data"": ""2026-08-19""}, {""texto"": ""Embalagem profissional, produto impecável."", ""rating"": 5, ""data"": ""2026-04-09""}, {""texto"": ""Sonho realizado! Superou minhas expectativas."", ""rating"": 4, ""data"": ""2026-04-12""}, {""texto"": ""Embalagem profissional, produto impecável."", ""rating"": 4, ""data"": ""2026-04-17""}, {""texto"": ""Qualidade premium, recomendo para todos os músicos."", ""rating"": 4, ""data"": ""2026-09-02""}]","alta-qualidade,premium,profissional,cristalino","{""Frequência"": ""50-14596 Hz"", ""Impedância"": ""152 Ohm"", ""Sensibilidade"": ""85 dB"", ""Conexão"": ""USB""}",Novais S.A.,SON-EQUI-0270,ativo,2026-08-21
271,Shure Case para Equipamento,Equipamentos de Áudio,Shure,"Equipamento profissional Case para Equipamento de alta qualidade para produção musical. Oferece som cristalino e performance confiável em qualquer ambiente. Ideal para estúdios, salas de concerto e casas de shows. Construído com tecnologia de ponta e componentes de qualidade superior. Recomendado por engenheiros de som e produtores musicais. Garante excelentes resultados em gravações e apresentações.Oferece compatibilidade com múltiplos sistemas operacionais.  Produto original com nota fiscal e garantia de fábrica.  Suporte técnico disponível 24/7.  Inclui manual de instruções detalhado em português.  Recomendado por especialistas da área. ",1098.81,4,4.7,200,"[{""texto"": ""Sonho realizado! Superou minhas expectativas."", ""rating"": 5, ""data"": ""2026-09-12""}, {""texto"": ""Investimento que vale a pena. Produto de alta qualidade."", ""rating"": 5, ""data"": ""2026-06-11""}, {""texto"": ""Produto confiável para uso contínuo."", ""rating"": 4, ""data"": ""2026-09-05""}, {""texto"": ""Produto excelente, chegou rápido e bem embalado."", ""rating"": 4, ""data"": ""2026-05-07""}]","profissional,tecnologia-ponta,cristalino,versatilidade,alta-qualidade","{""Frequência"": ""29-14498 Hz"", ""Impedância"": ""153 Ohm"", ""Sensibilidade"": ""92 dB"", ""Conexão"": ""RCA""}",Farias Montenegro - ME,SHU-EQUI-0271,ativo,2025-12-25
272,Technics Fone Estéreo,Equipamentos de Áudio,Technics,"Equipamento profissional Fone Estéreo de alta qualidade para produção musical. Oferece som cristalino e performance confiável em qualquer ambiente. Ideal para estúdios, salas de concerto e casas de shows. Construído com tecnologia de ponta e componentes de qualidade superior. Recomendado por engenheiros de som e produtores musicais. Garante excelentes resultados em gravações e apresentações.Produto original com nota fiscal e garantia de fábrica.  Excelente custo-benefício.  Testado rigorosamente antes do envio.  Inclui manual de instruções detalhado em português.  Recomendado por especialistas da área.  Desempenho consistente e confiável. ",2316.09,50,4.8,13,"[{""texto"": ""Excelente relação qualidade-preço."", ""rating"": 4, ""data"": ""2026-09-23""}, {""texto"": ""Investimento que vale a pena. Produto de alta qualidade."", ""rating"": 4, ""data"": ""2026-07-31""}, {""texto"": ""Perfeito para estúdio e apresentações. Ótimo custo-benefício."", ""rating"": 5, ""data"": ""2026-07-23""}]","profissional,engenheiros-recomenda,versatilidade,premium,tecnologia-ponta","{""Frequência"": ""92-10838 Hz"", ""Impedância"": ""566 Ohm"", ""Sensibilidade"": ""82 dB"", ""Conexão"": ""RCA""}",da Mota Machado S/A,TEC-EQUI-0272,inativo,2026-09-10
273,Universal Audio Preamp Válvula,Equipamentos de Áudio,Universal Audio,"Equipamento profissional Preamp Válvula de alta qualidade para produção musical. Oferece som cristalino e performance confiável em qualquer ambiente. Ideal para estúdios, salas de concerto e casas de shows. Construído com tecnologia de ponta e componentes de qualidade superior. Recomendado por engenheiros de som e produtores musicais. Garante excelentes resultados em gravações e apresentações.Excelente custo-benefício.  Inclui manual de instruções detalhado em português.  Suporte técnico disponível 24/7.  Recomendado por especialistas da área.  Desempenho consistente e confiável. ",717.67,36,3.5,189,"[{""texto"": ""Embalagem profissional, produto impecável."", ""rating"": 5, ""data"": ""2026-04-14""}, {""texto"": ""Investimento que vale a pena. Produto de alta qualidade."", ""rating"": 4, ""data"": ""2026-05-22""}]","engenheiros-recomenda,versatilidade,precisão","{""Frequência"": ""81-15223 Hz"", ""Impedância"": ""498 Ohm"", ""Sensibilidade"": ""104 dB"", ""Conexão"": ""XLR""}",Borges - ME,UNI-EQUI-0273,ativo,2026-03-28
274,Focusrite Placa de Som Externa,Equipamentos de Áudio,Focusrite,"Equipamento profissional Placa de Som Externa de alta qualidade para produção musical. Oferece som cristalino e performance confiável em qualquer ambiente. Ideal para estúdios, salas de concerto e casas de shows. Construído com tecnologia de ponta e componentes de qualidade superior. Recomendado por engenheiros de som e produtores musicais. Garante excelentes resultados em gravações e apresentações.Suporte técnico disponível 24/7.  Oferece compatibilidade com múltiplos sistemas operacionais.  Excelente custo-benefício.  Fácil de usar e manter.  Testado rigorosamente antes do envio. ",1155.06,24,3.9,58,"[{""texto"": ""Produto confiável para uso contínuo."", ""rating"": 4, ""data"": ""2026-07-17""}, {""texto"": ""Profissional, durável e confiável. Muito bom!"", ""rating"": 5, ""data"": ""2026-08-08""}, {""texto"": ""Investimento que vale a pena. Produto de alta qualidade."", ""rating"": 5, ""data"": ""2026-05-29""}, {""texto"": ""Compatibilidade perfeita com meus equipamentos."", ""rating"": 5, ""data"": ""2026-07-12""}]","cristalino,premium,tecnologia-ponta","{""Frequência"": ""80-14511 Hz"", ""Impedância"": ""70 Ohm"", ""Sensibilidade"": ""95 dB"", ""Conexão"": ""RCA""}",Jesus Cardoso Ltda.,FOC-EQUI-0274,inativo,2026-03-24
275,Presonus Monitor de Estúdio,Equipamentos de Áudio,Presonus,"Equipamento profissional Monitor de Estúdio de alta qualidade para produção musical. Oferece som cristalino e performance confiável em qualquer ambiente. Ideal para estúdios, salas de concerto e casas de shows. Construído com tecnologia de ponta e componentes de qualidade superior. Recomendado por engenheiros de som e produtores musicais. Garante excelentes resultados em gravações e apresentações.Produto original com nota fiscal e garantia de fábrica.  Excelente custo-benefício.  Recomendado por especialistas da área.  Testado rigorosamente antes do envio.  Marca: Presonus.  Suporte técnico disponível 24/7. ",934.11,81,4.5,141,"[{""texto"": ""Produto excelente, chegou rápido e bem embalado."", ""rating"": 4, ""data"": ""2026-08-01""}, {""texto"": ""Construção sólida, som cristalino e resposta rápida."", ""rating"": 4, ""data"": ""2026-07-10""}]","premium,engenheiros-recomenda,cristalino,tecnologia-ponta,confiável,profissional","{""Frequência"": ""40-18906 Hz"", ""Impedância"": ""502 Ohm"", ""Sensibilidade"": ""96 dB"", ""Conexão"": ""RCA""}",Vargas Ltda.,PRE-EQUI-0275,ativo,2026-07-08
276,Yamaha Gravador Digital,Equipamentos de Áudio,Yamaha,"Equipamento profissional Gravador Digital de alta qualidade para produção musical. Oferece som cristalino e performance confiável em qualquer ambiente. Ideal para estúdios, salas de concerto e casas de shows. Construído com tecnologia de ponta e componentes de qualidade superior. Recomendado por engenheiros de som e produtores musicais. Garante excelentes resultados em gravações e apresentações.Fácil de usar e manter.  Recomendado por especialistas da área.  Excelente custo-benefício.  Desempenho consistente e confiável.  Oferece compatibilidade com múltiplos sistemas operacionais. ",890.12,99,4.2,51,"[{""texto"": ""Profissional, durável e confiável. Muito bom!"", ""rating"": 4, ""data"": ""2026-09-19""}, {""texto"": ""Produto confiável para uso contínuo."", ""rating"": 4, ""data"": ""2026-08-15""}, {""texto"": ""Atendimento excelente e produto de primeira qualidade."", ""rating"": 5, ""data"": ""2026-08-23""}, {""texto"": ""Recomendo fortemente. Melhor compra do ano!"", ""rating"": 5, ""data"": ""2026-04-03""}, {""texto"": ""Qualidade premium, recomendo para todos os músicos."", ""rating"": 4, ""data"": ""2026-07-30""}]","confiável,alta-qualidade,premium,profissional,precisão,engenheiros-recomenda","{""Frequência"": ""95-13990 Hz"", ""Impedância"": ""498 Ohm"", ""Sensibilidade"": ""86 dB"", ""Conexão"": ""Bluetooth""}",Macedo,YAM-EQUI-0276,ativo,2026-06-11
277,Sony Case para Equipamento,Equipamentos de Áudio,Sony,"Equipamento profissional Case para Equipamento de alta qualidade para produção musical. Oferece som cristalino e performance confiável em qualquer ambiente. Ideal para estúdios, salas de concerto e casas de shows. Construído com tecnologia de ponta e componentes de qualidade superior. Recomendado por engenheiros de som e produtores musicais. Garante excelentes resultados em gravações e apresentações.Inclui manual de instruções detalhado em português.  Oferece compatibilidade com múltiplos sistemas operacionais.  Marca: Sony.  Recomendado por especialistas da área.  Fácil de usar e manter.  Desempenho consistente e confiável. ",2767.44,16,4.7,16,"[{""texto"": ""Produto confiável para uso contínuo."", ""rating"": 5, ""data"": ""2026-03-29""}, {""texto"": ""Excelente relação qualidade-preço."", ""rating"": 4, ""data"": ""2026-04-09""}]","premium,tecnologia-ponta,versatilidade,precisão","{""Frequência"": ""85-12137 Hz"", ""Impedância"": ""443 Ohm"", ""Sensibilidade"": ""84 dB"", ""Conexão"": ""XLR""}",Mendes,SON-EQUI-0277,ativo,2025-12-01
278,Technics Reverberador,Equipamentos de Áudio,Technics,"Equipamento profissional Reverberador de alta qualidade para produção musical. Oferece som cristalino e performance confiável em qualquer ambiente. Ideal para estúdios, salas de concerto e casas de shows. Construído com tecnologia de ponta e componentes de qualidade superior. Recomendado por engenheiros de som e produtores musicais. Garante excelentes resultados em gravações e apresentações.Suporte técnico disponível 24/7.  Fácil de usar e manter.  Desempenho consistente e confiável.  Produto original com nota fiscal e garantia de fábrica.  Marca: Technics. ",1289.47,78,3.6,71,"[{""texto"": ""Atendimento excelente e produto de primeira qualidade."", ""rating"": 5, ""data"": ""2026-06-03""}, {""texto"": ""Compatibilidade perfeita com meus equipamentos."", ""rating"": 5, ""data"": ""2026-06-22""}, {""texto"": ""Recomendo fortemente. Melhor compra do ano!"", ""rating"": 5, ""data"": ""2026-07-24""}, {""texto"": ""Sonho realizado! Superou minhas expectativas."", ""rating"": 5, ""data"": ""2026-07-23""}, {""texto"": ""Sonho realizado! Superou minhas expectativas."", ""rating"": 5, ""data"": ""2026-04-07""}]","precisão,cristalino,alta-qualidade,estúdio,engenheiros-recomenda","{""Frequência"": ""50-13021 Hz"", ""Impedância"": ""256 Ohm"", ""Sensibilidade"": ""109 dB"", ""Conexão"": ""3.5mm""}",Dias Dias - EI,TEC-EQUI-0278,ativo,2025-11-19
279,Behringer Fone Over-Ear,Equipamentos de Áudio,Behringer,"Equipamento profissional Fone Over-Ear de alta qualidade para produção musical. Oferece som cristalino e performance confiável em qualquer ambiente. Ideal para estúdios, salas de concerto e casas de shows. Construído com tecnologia de ponta e componentes de qualidade superior. Recomendado por engenheiros de som e produtores musicais. Garante excelentes resultados em gravações e apresentações.Testado rigorosamente antes do envio.  Fácil de usar e manter.  Oferece compatibilidade com múltiplos sistemas operacionais.  Excelente custo-benefício.  Inclui manual de instruções detalhado em português.  Desempenho consistente e confiável. ",1596.96,100,4.8,56,"[{""texto"": ""Produto excelente, chegou rápido e bem embalado."", ""rating"": 5, ""data"": ""2026-08-17""}, {""texto"": ""Compatibilidade perfeita com meus equipamentos."", ""rating"": 4, ""data"": ""2026-09-05""}, {""texto"": ""Compatibilidade perfeita com meus equipamentos."", ""rating"": 5, ""data"": ""2026-09-24""}, {""texto"": ""Recomendo fortemente. Melhor compra do ano!"", ""rating"": 4, ""data"": ""2026-07-24""}]","cristalino,estúdio,versatilidade","{""Frequência"": ""88-14657 Hz"", ""Impedância"": ""249 Ohm"", ""Sensibilidade"": ""90 dB"", ""Conexão"": ""3.5mm""}",Camargo e Filhos,BEH-EQUI-0279,ativo,2026-08-31
280,Shure Fone Over-Ear,Equipamentos de Áudio,Shure,"Equipamento profissional Fone Over-Ear de alta qualidade para produção musical. Oferece som cristalino e performance confiável em qualquer ambiente. Ideal para estúdios, salas de concerto e casas de shows. Construído com tecnologia de ponta e componentes de qualidade superior. Recomendado por engenheiros de som e produtores musicais. Garante excelentes resultados em gravações e apresentações.Desempenho consistente e confiável.  Inclui manual de instruções detalhado em português.  Marca: Shure.  Fácil de usar e manter.  Oferece compatibilidade com múltiplos sistemas operacionais. ",2208.23,85,4.5,170,"[{""texto"": ""Sonho realizado! Superou minhas expectativas."", ""rating"": 5, ""data"": ""2026-04-01""}, {""texto"": ""Excelente relação qualidade-preço."", ""rating"": 4, ""data"": ""2026-07-26""}, {""texto"": ""Compatibilidade perfeita com meus equipamentos."", ""rating"": 5, ""data"": ""2026-08-15""}, {""texto"": ""Sonho realizado! Superou minhas expectativas."", ""rating"": 4, ""data"": ""2026-09-16""}, {""texto"": ""Ideal para profissionais e iniciantes. Muito versátil."", ""rating"": 5, ""data"": ""2026-05-04""}]","confiável,estúdio,precisão,engenheiros-recomenda","{""Frequência"": ""47-18078 Hz"", ""Impedância"": ""265 Ohm"", ""Sensibilidade"": ""85 dB"", ""Conexão"": ""USB""}",Freitas,SHU-EQUI-0280,ativo,2026-08-13
281,Audio-Technica Microfone Dinâmico,Equipamentos de Áudio,Audio-Technica,"Equipamento profissional Microfone Dinâmico de alta qualidade para produção musical. Oferece som cristalino e performance confiável em qualquer ambiente. Ideal para estúdios, salas de concerto e casas de shows. Construído com tecnologia de ponta e componentes de qualidade superior. Recomendado por engenheiros de som e produtores musicais. Garante excelentes resultados em gravações e apresentações.Oferece compatibilidade com múltiplos sistemas operacionais.  Desempenho consistente e confiável.  Produto original com nota fiscal e garantia de fábrica.  Recomendado por especialistas da área.  Excelente custo-benefício.  Testado rigorosamente antes do envio. ",326.93,94,4.1,144,"[{""texto"": ""Atendimento excelente e produto de primeira qualidade."", ""rating"": 4, ""data"": ""2026-04-02""}, {""texto"": ""Compatibilidade perfeita com meus equipamentos."", ""rating"": 4, ""data"": ""2026-06-14""}, {""texto"": ""Ideal para profissionais e iniciantes. Muito versátil."", ""rating"": 4, ""data"": ""2026-09-16""}, {""texto"": ""Investimento que vale a pena. Produto de alta qualidade."", ""rating"": 4, ""data"": ""2026-06-23""}, {""texto"": ""Embalagem profissional, produto impecável."", ""rating"": 5, ""data"": ""2026-06-21""}]","precisão,alta-qualidade,estúdio,tecnologia-ponta","{""Frequência"": ""81-19307 Hz"", ""Impedância"": ""192 Ohm"", ""Sensibilidade"": ""93 dB"", ""Conexão"": ""XLR""}",Albuquerque da Cruz - EI,AUD-EQUI-0281,ativo,2025-10-05
282,Rode Interface de Áudio USB,Equipamentos de Áudio,Rode,"Equipamento profissional Interface de Áudio USB de alta qualidade para produção musical. Oferece som cristalino e performance confiável em qualquer ambiente. Ideal para estúdios, salas de concerto e casas de shows. Construído com tecnologia de ponta e componentes de qualidade superior. Recomendado por engenheiros de som e produtores musicais. Garante excelentes resultados em gravações e apresentações.Oferece compatibilidade com múltiplos sistemas operacionais.  Suporte técnico disponível 24/7.  Produto original com nota fiscal e garantia de fábrica.  Desempenho consistente e confiável.  Recomendado por especialistas da área. ",2019.72,65,3.6,65,"[{""texto"": ""Produto confiável para uso contínuo."", ""rating"": 5, ""data"": ""2026-07-31""}, {""texto"": ""Atendimento excelente e produto de primeira qualidade."", ""rating"": 5, ""data"": ""2026-03-30""}, {""texto"": ""Produto excelente, chegou rápido e bem embalado."", ""rating"": 4, ""data"": ""2026-08-10""}]","confiável,profissional,precisão,alta-qualidade,tecnologia-ponta,estúdio","{""Frequência"": ""63-14603 Hz"", ""Impedância"": ""234 Ohm"", ""Sensibilidade"": ""101 dB"", ""Conexão"": ""3.5mm""}",Teixeira,ROD-EQUI-0282,ativo,2026-09-18
283,Shure Recorder Portátil,Equipamentos de Áudio,Shure,"Equipamento profissional Recorder Portátil de alta qualidade para produção musical. Oferece som cristalino e performance confiável em qualquer ambiente. Ideal para estúdios, salas de concerto e casas de shows. Construído com tecnologia de ponta e componentes de qualidade superior. Recomendado por engenheiros de som e produtores musicais. Garante excelentes resultados em gravações e apresentações.Desempenho consistente e confiável.  Testado rigorosamente antes do envio.  Suporte técnico disponível 24/7.  Oferece compatibilidade com múltiplos sistemas operacionais.  Excelente custo-benefício. ",2650.88,24,4.5,182,"[{""texto"": ""Excelente relação qualidade-preço."", ""rating"": 4, ""data"": ""2026-04-15""}, {""texto"": ""Construção sólida, som cristalino e resposta rápida."", ""rating"": 4, ""data"": ""2026-07-27""}]","cristalino,premium,profissional,tecnologia-ponta","{""Frequência"": ""88-13728 Hz"", ""Impedância"": ""400 Ohm"", ""Sensibilidade"": ""102 dB"", ""Conexão"": ""USB""}",Macedo,SHU-EQUI-0283,inativo,2026-08-03
284,Behringer Isolador Acústico,Equipamentos de Áudio,Behringer,"Equipamento profissional Isolador Acústico de alta qualidade para produção musical. Oferece som cristalino e performance confiável em qualquer ambiente. Ideal para estúdios, salas de concerto e casas de shows. Construído com tecnologia de ponta e componentes de qualidade superior. Recomendado por engenheiros de som e produtores musicais. Garante excelentes resultados em gravações e apresentações.Fácil de usar e manter.  Recomendado por especialistas da área.  Produto original com nota fiscal e garantia de fábrica.  Desempenho consistente e confiável.  Oferece compatibilidade com múltiplos sistemas operacionais. ",563.92,3,4.5,68,"[{""texto"": ""Sonho realizado! Superou minhas expectativas."", ""rating"": 4, ""data"": ""2026-07-12""}, {""texto"": ""Perfeito para estúdio e apresentações. Ótimo custo-benefício."", ""rating"": 5, ""data"": ""2026-08-27""}, {""texto"": ""Produto excelente, chegou rápido e bem embalado."", ""rating"": 4, ""data"": ""2026-05-30""}]","versatilidade,cristalino,profissional","{""Frequência"": ""29-18941 Hz"", ""Impedância"": ""338 Ohm"", ""Sensibilidade"": ""82 dB"", ""Conexão"": ""USB""}",Ramos,BEH-EQUI-0284,ativo,2026-09-14
285,Shure Microfone Condensador,Equipamentos de Áudio,Shure,"Equipamento profissional Microfone Condensador de alta qualidade para produção musical. Oferece som cristalino e performance confiável em qualquer ambiente. Ideal para estúdios, salas de concerto e casas de shows. Construído com tecnologia de ponta e componentes de qualidade superior. Recomendado por engenheiros de som e produtores musicais. Garante excelentes resultados em gravações e apresentações.Fácil de usar e manter.  Recomendado por especialistas da área.  Suporte técnico disponível 24/7.  Marca: Shure. ",1112.64,41,4.4,117,"[{""texto"": ""Suporte técnico muito responsivo e atencioso."", ""rating"": 5, ""data"": ""2026-08-05""}, {""texto"": ""Perfeito para estúdio e apresentações. Ótimo custo-benefício."", ""rating"": 5, ""data"": ""2026-07-07""}]","versatilidade,tecnologia-ponta,premium","{""Frequência"": ""26-19424 Hz"", ""Impedância"": ""117 Ohm"", ""Sensibilidade"": ""106 dB"", ""Conexão"": ""RCA""}",Vieira Campos e Filhos,SHU-EQUI-0285,ativo,2026-03-07
286,Sony Reverberador,Equipamentos de Áudio,Sony,"Equipamento profissional Reverberador de alta qualidade para produção musical. Oferece som cristalino e performance confiável em qualquer ambiente. Ideal para estúdios, salas de concerto e casas de shows. Construído com tecnologia de ponta e componentes de qualidade superior. Recomendado por engenheiros de som e produtores musicais. Garante excelentes resultados em gravações e apresentações.Recomendado por especialistas da área.  Inclui manual de instruções detalhado em português.  Produto original com nota fiscal e garantia de fábrica.  Desempenho consistente e confiável.  Testado rigorosamente antes do envio.  Fácil de usar e manter. ",2200.99,42,4.3,184,"[{""texto"": ""Suporte técnico muito responsivo e atencioso."", ""rating"": 4, ""data"": ""2026-04-20""}, {""texto"": ""Recomendo fortemente. Melhor compra do ano!"", ""rating"": 4, ""data"": ""2026-08-12""}, {""texto"": ""Produto excelente, chegou rápido e bem embalado."", ""rating"": 5, ""data"": ""2026-04-18""}, {""texto"": ""Sonho realizado! Superou minhas expectativas."", ""rating"": 5, ""data"": ""2026-04-03""}]","premium,engenheiros-recomenda,estúdio,confiável,precisão","{""Frequência"": ""20-13555 Hz"", ""Impedância"": ""263 Ohm"", ""Sensibilidade"": ""108 dB"", ""Conexão"": ""Bluetooth""}",Cassiano,SON-EQUI-0286,ativo,2025-12-13
287,Yamaha Fone Over-Ear,Equipamentos de Áudio,Yamaha,"Equipamento profissional Fone Over-Ear de alta qualidade para produção musical. Oferece som cristalino e performance confiável em qualquer ambiente. Ideal para estúdios, salas de concerto e casas de shows. Construído com tecnologia de ponta e componentes de qualidade superior. Recomendado por engenheiros de som e produtores musicais. Garante excelentes resultados em gravações e apresentações.Fácil de usar e manter.  Testado rigorosamente antes do envio.  Marca: Yamaha.  Suporte técnico disponível 24/7.  Produto original com nota fiscal e garantia de fábrica.  Inclui manual de instruções detalhado em português. ",345.23,25,4.3,48,"[{""texto"": ""Sonho realizado! Superou minhas expectativas."", ""rating"": 4, ""data"": ""2026-09-17""}, {""texto"": ""Qualidade premium, recomendo para todos os músicos."", ""rating"": 5, ""data"": ""2026-07-17""}, {""texto"": ""Compatibilidade perfeita com meus equipamentos."", ""rating"": 5, ""data"": ""2026-09-24""}, {""texto"": ""Embalagem profissional, produto impecável."", ""rating"": 5, ""data"": ""2026-08-09""}, {""texto"": ""Qualidade premium, recomendo para todos os músicos."", ""rating"": 5, ""data"": ""2026-08-22""}]","confiável,cristalino,precisão,premium","{""Frequência"": ""88-18901 Hz"", ""Impedância"": ""120 Ohm"", ""Sensibilidade"": ""85 dB"", ""Conexão"": ""USB""}",Caldeira,YAM-EQUI-0287,ativo,2025-12-21
288,Audio-Technica Processador de Efeitos,Equipamentos de Áudio,Audio-Technica,"Equipamento profissional Processador de Efeitos de alta qualidade para produção musical. Oferece som cristalino e performance confiável em qualquer ambiente. Ideal para estúdios, salas de concerto e casas de shows. Construído com tecnologia de ponta e componentes de qualidade superior. Recomendado por engenheiros de som e produtores musicais. Garante excelentes resultados em gravações e apresentações.Recomendado por especialistas da área.  Marca: Audio-Technica.  Testado rigorosamente antes do envio.  Excelente custo-benefício. ",365.01,43,3.6,80,"[{""texto"": ""Construção sólida, som cristalino e resposta rápida."", ""rating"": 5, ""data"": ""2026-05-15""}, {""texto"": ""Excelente relação qualidade-preço."", ""rating"": 4, ""data"": ""2026-09-01""}, {""texto"": ""Excelente relação qualidade-preço."", ""rating"": 4, ""data"": ""2026-09-12""}, {""texto"": ""Produto confiável para uso contínuo."", ""rating"": 4, ""data"": ""2026-05-13""}]","premium,versatilidade,profissional,tecnologia-ponta","{""Frequência"": ""83-11275 Hz"", ""Impedância"": ""128 Ohm"", ""Sensibilidade"": ""108 dB"", ""Conexão"": ""Bluetooth""}",Alves Araújo S/A,AUD-EQUI-0288,inativo,2025-10-19
289,Universal Audio Suporte Profissional,Equipamentos de Áudio,Universal Audio,"Equipamento profissional Suporte Profissional de alta qualidade para produção musical. Oferece som cristalino e performance confiável em qualquer ambiente. Ideal para estúdios, salas de concerto e casas de shows. Construído com tecnologia de ponta e componentes de qualidade superior. Recomendado por engenheiros de som e produtores musicais. Garante excelentes resultados em gravações e apresentações.Recomendado por especialistas da área.  Fácil de usar e manter.  Excelente custo-benefício.  Suporte técnico disponível 24/7.  Marca: Universal Audio.  Testado rigorosamente antes do envio. ",1388.34,68,4.2,171,"[{""texto"": ""Excelente relação qualidade-preço."", ""rating"": 4, ""data"": ""2026-08-28""}, {""texto"": ""Qualidade premium, recomendo para todos os músicos."", ""rating"": 5, ""data"": ""2026-08-26""}]","alta-qualidade,premium,confiável,profissional,precisão","{""Frequência"": ""25-11356 Hz"", ""Impedância"": ""370 Ohm"", ""Sensibilidade"": ""103 dB"", ""Conexão"": ""XLR""}",da Mata,UNI-EQUI-0289,ativo,2026-04-09
290,Shure Mixer Digital,Equipamentos de Áudio,Shure,"Equipamento profissional Mixer Digital de alta qualidade para produção musical. Oferece som cristalino e performance confiável em qualquer ambiente. Ideal para estúdios, salas de concerto e casas de shows. Construído com tecnologia de ponta e componentes de qualidade superior. Recomendado por engenheiros de som e produtores musicais. Garante excelentes resultados em gravações e apresentações.Fácil de usar e manter.  Oferece compatibilidade com múltiplos sistemas operacionais.  Inclui manual de instruções detalhado em português.  Recomendado por especialistas da área. ",1551.39,98,4.2,137,"[{""texto"": ""Investimento que vale a pena. Produto de alta qualidade."", ""rating"": 5, ""data"": ""2026-08-19""}, {""texto"": ""Produto excelente, chegou rápido e bem embalado."", ""rating"": 4, ""data"": ""2026-05-19""}, {""texto"": ""Construção sólida, som cristalino e resposta rápida."", ""rating"": 5, ""data"": ""2026-09-11""}, {""texto"": ""Compatibilidade perfeita com meus equipamentos."", ""rating"": 5, ""data"": ""2026-04-24""}, {""texto"": ""Excelente relação qualidade-preço."", ""rating"": 5, ""data"": ""2026-06-24""}]","premium,versatilidade,tecnologia-ponta,precisão,alta-qualidade","{""Frequência"": ""55-14456 Hz"", ""Impedância"": ""552 Ohm"", ""Sensibilidade"": ""104 dB"", ""Conexão"": ""3.5mm""}",Caldeira Nogueira - EI,SHU-EQUI-0290,ativo,2026-08-21
291,Behringer Equalizador Gráfico,Equipamentos de Áudio,Behringer,"Equipamento profissional Equalizador Gráfico de alta qualidade para produção musical. Oferece som cristalino e performance confiável em qualquer ambiente. Ideal para estúdios, salas de concerto e casas de shows. Construído com tecnologia de ponta e componentes de qualidade superior. Recomendado por engenheiros de som e produtores musicais. Garante excelentes resultados em gravações e apresentações.Marca: Behringer.  Excelente custo-benefício.  Recomendado por especialistas da área.  Produto original com nota fiscal e garantia de fábrica.  Testado rigorosamente antes do envio.  Oferece compatibilidade com múltiplos sistemas operacionais. ",805.63,64,4.6,103,"[{""texto"": ""Profissional, durável e confiável. Muito bom!"", ""rating"": 5, ""data"": ""2026-09-11""}, {""texto"": ""Recomendo fortemente. Melhor compra do ano!"", ""rating"": 5, ""data"": ""2026-07-15""}, {""texto"": ""Construção sólida, som cristalino e resposta rápida."", ""rating"": 5, ""data"": ""2026-04-23""}, {""texto"": ""Perfeito para estúdio e apresentações. Ótimo custo-benefício."", ""rating"": 5, ""data"": ""2026-04-22""}]","versatilidade,alta-qualidade,estúdio,precisão,engenheiros-recomenda","{""Frequência"": ""40-13328 Hz"", ""Impedância"": ""486 Ohm"", ""Sensibilidade"": ""100 dB"", ""Conexão"": ""XLR""}",Mendonça Ltda.,BEH-EQUI-0291,ativo,2026-07-18
292,Yamaha Fone In-Ear,Equipamentos de Áudio,Yamaha,"Equipamento profissional Fone In-Ear de alta qualidade para produção musical. Oferece som cristalino e performance confiável em qualquer ambiente. Ideal para estúdios, salas de concerto e casas de shows. Construído com tecnologia de ponta e componentes de qualidade superior. Recomendado por engenheiros de som e produtores musicais. Garante excelentes resultados em gravações e apresentações.Oferece compatibilidade com múltiplos sistemas operacionais.  Recomendado por especialistas da área.  Desempenho consistente e confiável.  Excelente custo-benefício. ",1763.52,2,4.5,146,"[{""texto"": ""Compatibilidade perfeita com meus equipamentos."", ""rating"": 4, ""data"": ""2026-04-09""}, {""texto"": ""Perfeito para estúdio e apresentações. Ótimo custo-benefício."", ""rating"": 4, ""data"": ""2026-08-16""}, {""texto"": ""Qualidade premium, recomendo para todos os músicos."", ""rating"": 5, ""data"": ""2026-08-01""}, {""texto"": ""Qualidade premium, recomendo para todos os músicos."", ""rating"": 5, ""data"": ""2026-05-10""}]","profissional,alta-qualidade,cristalino","{""Frequência"": ""33-10645 Hz"", ""Impedância"": ""236 Ohm"", ""Sensibilidade"": ""98 dB"", ""Conexão"": ""USB""}",Gomes,YAM-EQUI-0292,ativo,2026-09-22
293,Sony Microfone Dinâmico,Equipamentos de Áudio,Sony,"Equipamento profissional Microfone Dinâmico de alta qualidade para produção musical. Oferece som cristalino e performance confiável em qualquer ambiente. Ideal para estúdios, salas de concerto e casas de shows. Construído com tecnologia de ponta e componentes de qualidade superior. Recomendado por engenheiros de som e produtores musicais. Garante excelentes resultados em gravações e apresentações.Testado rigorosamente antes do envio.  Desempenho consistente e confiável.  Fácil de usar e manter.  Inclui manual de instruções detalhado em português. ",1851.19,75,3.7,15,"[{""texto"": ""Perfeito para estúdio e apresentações. Ótimo custo-benefício."", ""rating"": 5, ""data"": ""2026-08-01""}, {""texto"": ""Suporte técnico muito responsivo e atencioso."", ""rating"": 5, ""data"": ""2026-05-31""}, {""texto"": ""Compatibilidade perfeita com meus equipamentos."", ""rating"": 4, ""data"": ""2026-05-27""}]","cristalino,engenheiros-recomenda,estúdio,confiável,versatilidade,premium","{""Frequência"": ""24-14604 Hz"", ""Impedância"": ""406 Ohm"", ""Sensibilidade"": ""82 dB"", ""Conexão"": ""3.5mm""}",Aragão Ltda.,SON-EQUI-0293,ativo,2025-11-29
294,Rode Cabeçote de Amplificador,Equipamentos de Áudio,Rode,"Equipamento profissional Cabeçote de Amplificador de alta qualidade para produção musical. Oferece som cristalino e performance confiável em qualquer ambiente. Ideal para estúdios, salas de concerto e casas de shows. Construído com tecnologia de ponta e componentes de qualidade superior. Recomendado por engenheiros de som e produtores musicais. Garante excelentes resultados em gravações e apresentações.Fácil de usar e manter.  Marca: Rode.  Recomendado por especialistas da área.  Oferece compatibilidade com múltiplos sistemas operacionais.  Testado rigorosamente antes do envio. ",1407.97,41,4.2,157,"[{""texto"": ""Compatibilidade perfeita com meus equipamentos."", ""rating"": 5, ""data"": ""2026-06-24""}, {""texto"": ""Perfeito para estúdio e apresentações. Ótimo custo-benefício."", ""rating"": 5, ""data"": ""2026-09-13""}, {""texto"": ""Construção sólida, som cristalino e resposta rápida."", ""rating"": 4, ""data"": ""2026-07-25""}]","precisão,estúdio,premium,tecnologia-ponta,confiável,engenheiros-recomenda","{""Frequência"": ""90-19519 Hz"", ""Impedância"": ""532 Ohm"", ""Sensibilidade"": ""97 dB"", ""Conexão"": ""3.5mm""}",Gonçalves,ROD-EQUI-0294,inativo,2026-02-21
295,Presonus Mixer Digital,Equipamentos de Áudio,Presonus,"Equipamento profissional Mixer Digital de alta qualidade para produção musical. Oferece som cristalino e performance confiável em qualquer ambiente. Ideal para estúdios, salas de concerto e casas de shows. Construído com tecnologia de ponta e componentes de qualidade superior. Recomendado por engenheiros de som e produtores musicais. Garante excelentes resultados em gravações e apresentações.Testado rigorosamente antes do envio.  Desempenho consistente e confiável.  Marca: Presonus.  Fácil de usar e manter. ",2552.87,92,4.5,135,"[{""texto"": ""Qualidade premium, recomendo para todos os músicos."", ""rating"": 4, ""data"": ""2026-08-25""}, {""texto"": ""Qualidade premium, recomendo para todos os músicos."", ""rating"": 5, ""data"": ""2026-05-06""}, {""texto"": ""Atendimento excelente e produto de primeira qualidade."", ""rating"": 4, ""data"": ""2026-05-28""}]","premium,tecnologia-ponta,estúdio,engenheiros-recomenda,alta-qualidade","{""Frequência"": ""37-16812 Hz"", ""Impedância"": ""333 Ohm"", ""Sensibilidade"": ""101 dB"", ""Conexão"": ""XLR""}",Fonseca,PRE-EQUI-0295,ativo,2025-09-25
296,Shure Gravador Digital,Equipamentos de Áudio,Shure,"Equipamento profissional Gravador Digital de alta qualidade para produção musical. Oferece som cristalino e performance confiável em qualquer ambiente. Ideal para estúdios, salas de concerto e casas de shows. Construído com tecnologia de ponta e componentes de qualidade superior. Recomendado por engenheiros de som e produtores musicais. Garante excelentes resultados em gravações e apresentações.Produto original com nota fiscal e garantia de fábrica.  Excelente custo-benefício.  Inclui manual de instruções detalhado em português.  Marca: Shure. ",2230.34,5,4.5,137,"[{""texto"": ""Construção sólida, som cristalino e resposta rápida."", ""rating"": 5, ""data"": ""2026-05-31""}, {""texto"": ""Compatibilidade perfeita com meus equipamentos."", ""rating"": 4, ""data"": ""2026-07-26""}, {""texto"": ""Produto confiável para uso contínuo."", ""rating"": 4, ""data"": ""2026-07-30""}, {""texto"": ""Investimento que vale a pena. Produto de alta qualidade."", ""rating"": 4, ""data"": ""2026-05-29""}, {""texto"": ""Qualidade premium, recomendo para todos os músicos."", ""rating"": 5, ""data"": ""2026-09-03""}]","alta-qualidade,precisão,profissional","{""Frequência"": ""21-15988 Hz"", ""Impedância"": ""548 Ohm"", ""Sensibilidade"": ""106 dB"", ""Conexão"": ""RCA""}",Pacheco Azevedo - ME,SHU-EQUI-0296,ativo,2026-09-12
297,Behringer Gravador Digital,Equipamentos de Áudio,Behringer,"Equipamento profissional Gravador Digital de alta qualidade para produção musical. Oferece som cristalino e performance confiável em qualquer ambiente. Ideal para estúdios, salas de concerto e casas de shows. Construído com tecnologia de ponta e componentes de qualidade superior. Recomendado por engenheiros de som e produtores musicais. Garante excelentes resultados em gravações e apresentações.Produto original com nota fiscal e garantia de fábrica.  Fácil de usar e manter.  Oferece compatibilidade com múltiplos sistemas operacionais.  Desempenho consistente e confiável. ",606.11,39,4.2,187,"[{""texto"": ""Compatibilidade perfeita com meus equipamentos."", ""rating"": 4, ""data"": ""2026-06-14""}, {""texto"": ""Produto confiável para uso contínuo."", ""rating"": 4, ""data"": ""2026-07-26""}, {""texto"": ""Ideal para profissionais e iniciantes. Muito versátil."", ""rating"": 4, ""data"": ""2026-04-22""}, {""texto"": ""Suporte técnico muito responsivo e atencioso."", ""rating"": 5, ""data"": ""2026-06-03""}, {""texto"": ""Construção sólida, som cristalino e resposta rápida."", ""rating"": 5, ""data"": ""2026-04-02""}]","engenheiros-recomenda,versatilidade,premium,tecnologia-ponta,cristalino,estúdio","{""Frequência"": ""60-16369 Hz"", ""Impedância"": ""371 Ohm"", ""Sensibilidade"": ""88 dB"", ""Conexão"": ""XLR""}",Montenegro,BEH-EQUI-0297,ativo,2026-04-29
298,Audio-Technica Microfone Condensador,Equipamentos de Áudio,Audio-Technica,"Equipamento profissional Microfone Condensador de alta qualidade para produção musical. Oferece som cristalino e performance confiável em qualquer ambiente. Ideal para estúdios, salas de concerto e casas de shows. Construído com tecnologia de ponta e componentes de qualidade superior. Recomendado por engenheiros de som e produtores musicais. Garante excelentes resultados em gravações e apresentações.Testado rigorosamente antes do envio.  Suporte técnico disponível 24/7.  Produto original com nota fiscal e garantia de fábrica.  Recomendado por especialistas da área. ",522.32,18,4.1,133,"[{""texto"": ""Perfeito para estúdio e apresentações. Ótimo custo-benefício."", ""rating"": 4, ""data"": ""2026-08-17""}, {""texto"": ""Embalagem profissional, produto impecável."", ""rating"": 4, ""data"": ""2026-06-20""}, {""texto"": ""Produto excelente, chegou rápido e bem embalado."", ""rating"": 4, ""data"": ""2026-08-17""}, {""texto"": ""Recomendo fortemente. Melhor compra do ano!"", ""rating"": 5, ""data"": ""2026-07-08""}]","tecnologia-ponta,alta-qualidade,engenheiros-recomenda,profissional","{""Frequência"": ""38-16225 Hz"", ""Impedância"": ""590 Ohm"", ""Sensibilidade"": ""100 dB"", ""Conexão"": ""XLR""}",Sales,AUD-EQUI-0298,ativo,2025-12-29
299,Focusrite Fone In-Ear,Equipamentos de Áudio,Focusrite,"Equipamento profissional Fone In-Ear de alta qualidade para produção musical. Oferece som cristalino e performance confiável em qualquer ambiente. Ideal para estúdios, salas de concerto e casas de shows. Construído com tecnologia de ponta e componentes de qualidade superior. Recomendado por engenheiros de som e produtores musicais. Garante excelentes resultados em gravações e apresentações.Marca: Focusrite.  Recomendado por especialistas da área.  Testado rigorosamente antes do envio.  Inclui manual de instruções detalhado em português. ",1941.42,72,4.3,124,"[{""texto"": ""Recomendo fortemente. Melhor compra do ano!"", ""rating"": 4, ""data"": ""2026-09-03""}, {""texto"": ""Construção sólida, som cristalino e resposta rápida."", ""rating"": 5, ""data"": ""2026-05-15""}, {""texto"": ""Sonho realizado! Superou minhas expectativas."", ""rating"": 4, ""data"": ""2026-08-12""}, {""texto"": ""Perfeito para estúdio e apresentações. Ótimo custo-benefício."", ""rating"": 5, ""data"": ""2026-04-01""}]","cristalino,estúdio,precisão,profissional,engenheiros-recomenda,tecnologia-ponta","{""Frequência"": ""75-14960 Hz"", ""Impedância"": ""408 Ohm"", ""Sensibilidade"": ""99 dB"", ""Conexão"": ""3.5mm""}",Sales Rodrigues e Filhos,FOC-EQUI-0299,ativo,2025-10-06
300,Sony Mixer Digital,Equipamentos de Áudio,Sony,"Equipamento profissional Mixer Digital de alta qualidade para produção musical. Oferece som cristalino e performance confiável em qualquer ambiente. Ideal para estúdios, salas de concerto e casas de shows. Construído com tecnologia de ponta e componentes de qualidade superior. Recomendado por engenheiros de som e produtores musicais. Garante excelentes resultados em gravações e apresentações.Oferece compatibilidade com múltiplos sistemas operacionais.  Suporte técnico disponível 24/7.  Fácil de usar e manter.  Produto original com nota fiscal e garantia de fábrica.  Desempenho consistente e confiável.  Marca: Sony. ",2515.9,63,4.7,178,"[{""texto"": ""Construção sólida, som cristalino e resposta rápida."", ""rating"": 4, ""data"": ""2026-06-20""}, {""texto"": ""Recomendo fortemente. Melhor compra do ano!"", ""rating"": 4, ""data"": ""2026-09-19""}]","premium,confiável,engenheiros-recomenda,alta-qualidade","{""Frequência"": ""28-10492 Hz"", ""Impedância"": ""50 Ohm"", ""Sensibilidade"": ""84 dB"", ""Conexão"": ""3.5mm""}",da Cruz,SON-EQUI-0300,ativo,2026-04-10
301,Rode Fone Over-Ear,Equipamentos de Áudio,Rode,"Equipamento profissional Fone Over-Ear de alta qualidade para produção musical. Oferece som cristalino e performance confiável em qualquer ambiente. Ideal para estúdios, salas de concerto e casas de shows. Construído com tecnologia de ponta e componentes de qualidade superior. Recomendado por engenheiros de som e produtores musicais. Garante excelentes resultados em gravações e apresentações.Testado rigorosamente antes do envio.  Fácil de usar e manter.  Recomendado por especialistas da área.  Marca: Rode.  Desempenho consistente e confiável.  Oferece compatibilidade com múltiplos sistemas operacionais. ",800.04,80,4.5,12,"[{""texto"": ""Ideal para profissionais e iniciantes. Muito versátil."", ""rating"": 5, ""data"": ""2026-04-03""}, {""texto"": ""Construção sólida, som cristalino e resposta rápida."", ""rating"": 5, ""data"": ""2026-07-14""}, {""texto"": ""Produto excelente, chegou rápido e bem embalado."", ""rating"": 4, ""data"": ""2026-09-10""}, {""texto"": ""Recomendo fortemente. Melhor compra do ano!"", ""rating"": 5, ""data"": ""2026-08-05""}, {""texto"": ""Perfeito para estúdio e apresentações. Ótimo custo-benefício."", ""rating"": 4, ""data"": ""2026-08-01""}]","profissional,precisão,alta-qualidade,engenheiros-recomenda","{""Frequência"": ""49-11173 Hz"", ""Impedância"": ""461 Ohm"", ""Sensibilidade"": ""86 dB"", ""Conexão"": ""RCA""}",Mendonça,ROD-EQUI-0301,ativo,2025-11-08
302,Technics Reverberador,Equipamentos de Áudio,Technics,"Equipamento profissional Reverberador de alta qualidade para produção musical. Oferece som cristalino e performance confiável em qualquer ambiente. Ideal para estúdios, salas de concerto e casas de shows. Construído com tecnologia de ponta e componentes de qualidade superior. Recomendado por engenheiros de som e produtores musicais. Garante excelentes resultados em gravações e apresentações.Desempenho consistente e confiável.  Fácil de usar e manter.  Inclui manual de instruções detalhado em português.  Oferece compatibilidade com múltiplos sistemas operacionais.  Testado rigorosamente antes do envio.  Marca: Technics. ",1232.01,20,3.9,83,"[{""texto"": ""Suporte técnico muito responsivo e atencioso."", ""rating"": 5, ""data"": ""2026-04-04""}, {""texto"": ""Recomendo fortemente. Melhor compra do ano!"", ""rating"": 4, ""data"": ""2026-05-01""}]","tecnologia-ponta,precisão,engenheiros-recomenda,alta-qualidade,estúdio","{""Frequência"": ""92-16558 Hz"", ""Impedância"": ""243 Ohm"", ""Sensibilidade"": ""91 dB"", ""Conexão"": ""RCA""}",Abreu Marques S.A.,TEC-EQUI-0302,ativo,2025-12-14
303,Sony Case para Equipamento,Equipamentos de Áudio,Sony,"Equipamento profissional Case para Equipamento de alta qualidade para produção musical. Oferece som cristalino e performance confiável em qualquer ambiente. Ideal para estúdios, salas de concerto e casas de shows. Construído com tecnologia de ponta e componentes de qualidade superior. Recomendado por engenheiros de som e produtores musicais. Garante excelentes resultados em gravações e apresentações.Suporte técnico disponível 24/7.  Oferece compatibilidade com múltiplos sistemas operacionais.  Recomendado por especialistas da área.  Testado rigorosamente antes do envio.  Excelente custo-benefício. ",550.21,93,4.4,106,"[{""texto"": ""Profissional, durável e confiável. Muito bom!"", ""rating"": 4, ""data"": ""2026-07-17""}, {""texto"": ""Compatibilidade perfeita com meus equipamentos."", ""rating"": 4, ""data"": ""2026-06-10""}, {""texto"": ""Produto confiável para uso contínuo."", ""rating"": 5, ""data"": ""2026-07-01""}, {""texto"": ""Compatibilidade perfeita com meus equipamentos."", ""rating"": 5, ""data"": ""2026-08-20""}, {""texto"": ""Perfeito para estúdio e apresentações. Ótimo custo-benefício."", ""rating"": 4, ""data"": ""2026-07-16""}]","premium,precisão,versatilidade,confiável,alta-qualidade","{""Frequência"": ""41-16658 Hz"", ""Impedância"": ""339 Ohm"", ""Sensibilidade"": ""93 dB"", ""Conexão"": ""RCA""}",Farias,SON-EQUI-0303,ativo,2025-12-12
304,Pioneer Processador de Efeitos,Equipamentos de Áudio,Pioneer,"Equipamento profissional Processador de Efeitos de alta qualidade para produção musical. Oferece som cristalino e performance confiável em qualquer ambiente. Ideal para estúdios, salas de concerto e casas de shows. Construído com tecnologia de ponta e componentes de qualidade superior. Recomendado por engenheiros de som e produtores musicais. Garante excelentes resultados em gravações e apresentações.Fácil de usar e manter.  Oferece compatibilidade com múltiplos sistemas operacionais.  Marca: Pioneer.  Desempenho consistente e confiável.  Suporte técnico disponível 24/7. ",2330.71,85,4.7,9,"[{""texto"": ""Embalagem profissional, produto impecável."", ""rating"": 5, ""data"": ""2026-07-04""}, {""texto"": ""Atendimento excelente e produto de primeira qualidade."", ""rating"": 5, ""data"": ""2026-09-15""}, {""texto"": ""Qualidade premium, recomendo para todos os músicos."", ""rating"": 5, ""data"": ""2026-05-19""}, {""texto"": ""Qualidade premium, recomendo para todos os músicos."", ""rating"": 5, ""data"": ""2026-05-25""}]","versatilidade,alta-qualidade,profissional","{""Frequência"": ""77-19405 Hz"", ""Impedância"": ""70 Ohm"", ""Sensibilidade"": ""91 dB"", ""Conexão"": ""XLR""}",Almeida S/A,PIO-EQUI-0304,ativo,2026-05-22
305,Rode Gravador Digital,Equipamentos de Áudio,Rode,"Equipamento profissional Gravador Digital de alta qualidade para produção musical. Oferece som cristalino e performance confiável em qualquer ambiente. Ideal para estúdios, salas de concerto e casas de shows. Construído com tecnologia de ponta e componentes de qualidade superior. Recomendado por engenheiros de som e produtores musicais. Garante excelentes resultados em gravações e apresentações.Suporte técnico disponível 24/7.  Inclui manual de instruções detalhado em português.  Desempenho consistente e confiável.  Excelente custo-benefício.  Oferece compatibilidade com múltiplos sistemas operacionais. ",2388.28,9,3.7,129,"[{""texto"": ""Embalagem profissional, produto impecável."", ""rating"": 4, ""data"": ""2026-07-07""}, {""texto"": ""Embalagem profissional, produto impecável."", ""rating"": 4, ""data"": ""2026-07-18""}, {""texto"": ""Construção sólida, som cristalino e resposta rápida."", ""rating"": 4, ""data"": ""2026-09-03""}]","versatilidade,cristalino,profissional","{""Frequência"": ""85-12400 Hz"", ""Impedância"": ""181 Ohm"", ""Sensibilidade"": ""107 dB"", ""Conexão"": ""Bluetooth""}",Costela,ROD-EQUI-0305,inativo,2025-12-14
306,Pioneer Interface de Áudio USB,Equipamentos de Áudio,Pioneer,"Equipamento profissional Interface de Áudio USB de alta qualidade para produção musical. Oferece som cristalino e performance confiável em qualquer ambiente. Ideal para estúdios, salas de concerto e casas de shows. Construído com tecnologia de ponta e componentes de qualidade superior. Recomendado por engenheiros de som e produtores musicais. Garante excelentes resultados em gravações e apresentações.Fácil de usar e manter.  Desempenho consistente e confiável.  Produto original com nota fiscal e garantia de fábrica.  Marca: Pioneer.  Recomendado por especialistas da área.  Oferece compatibilidade com múltiplos sistemas operacionais. ",1663.37,91,4.8,170,"[{""texto"": ""Atendimento excelente e produto de primeira qualidade."", ""rating"": 5, ""data"": ""2026-08-07""}, {""texto"": ""Investimento que vale a pena. Produto de alta qualidade."", ""rating"": 5, ""data"": ""2026-08-13""}, {""texto"": ""Sonho realizado! Superou minhas expectativas."", ""rating"": 4, ""data"": ""2026-06-02""}, {""texto"": ""Perfeito para estúdio e apresentações. Ótimo custo-benefício."", ""rating"": 4, ""data"": ""2026-05-22""}, {""texto"": ""Investimento que vale a pena. Produto de alta qualidade."", ""rating"": 5, ""data"": ""2026-08-11""}]","profissional,engenheiros-recomenda,premium,cristalino,confiável","{""Frequência"": ""78-17215 Hz"", ""Impedância"": ""576 Ohm"", ""Sensibilidade"": ""97 dB"", ""Conexão"": ""XLR""}",Abreu,PIO-EQUI-0306,ativo,2026-07-11
307,Rode Microfone USB,Equipamentos de Áudio,Rode,"Equipamento profissional Microfone USB de alta qualidade para produção musical. Oferece som cristalino e performance confiável em qualquer ambiente. Ideal para estúdios, salas de concerto e casas de shows. Construído com tecnologia de ponta e componentes de qualidade superior. Recomendado por engenheiros de som e produtores musicais. Garante excelentes resultados em gravações e apresentações.Oferece compatibilidade com múltiplos sistemas operacionais.  Suporte técnico disponível 24/7.  Produto original com nota fiscal e garantia de fábrica.  Fácil de usar e manter. ",2632.36,93,4.9,117,"[{""texto"": ""Profissional, durável e confiável. Muito bom!"", ""rating"": 5, ""data"": ""2026-09-24""}, {""texto"": ""Produto excelente, chegou rápido e bem embalado."", ""rating"": 4, ""data"": ""2026-05-07""}]","cristalino,profissional,premium,confiável,versatilidade,tecnologia-ponta","{""Frequência"": ""41-12171 Hz"", ""Impedância"": ""365 Ohm"", ""Sensibilidade"": ""107 dB"", ""Conexão"": ""XLR""}",Pinto,ROD-EQUI-0307,inativo,2025-11-13
308,Yamaha Alto-Falante Ativo,Equipamentos de Áudio,Yamaha,"Equipamento profissional Alto-Falante Ativo de alta qualidade para produção musical. Oferece som cristalino e performance confiável em qualquer ambiente. Ideal para estúdios, salas de concerto e casas de shows. Construído com tecnologia de ponta e componentes de qualidade superior. Recomendado por engenheiros de som e produtores musicais. Garante excelentes resultados em gravações e apresentações.Fácil de usar e manter.  Excelente custo-benefício.  Inclui manual de instruções detalhado em português.  Suporte técnico disponível 24/7. ",864.43,95,4.6,175,"[{""texto"": ""Embalagem profissional, produto impecável."", ""rating"": 5, ""data"": ""2026-06-25""}, {""texto"": ""Construção sólida, som cristalino e resposta rápida."", ""rating"": 4, ""data"": ""2026-09-21""}]","tecnologia-ponta,profissional,precisão","{""Frequência"": ""57-13818 Hz"", ""Impedância"": ""201 Ohm"", ""Sensibilidade"": ""110 dB"", ""Conexão"": ""RCA""}",Novais Rodrigues S/A,YAM-EQUI-0308,ativo,2026-07-14
309,Technics Cabeçote de Amplificador,Equipamentos de Áudio,Technics,"Equipamento profissional Cabeçote de Amplificador de alta qualidade para produção musical. Oferece som cristalino e performance confiável em qualquer ambiente. Ideal para estúdios, salas de concerto e casas de shows. Construído com tecnologia de ponta e componentes de qualidade superior. Recomendado por engenheiros de som e produtores musicais. Garante excelentes resultados em gravações e apresentações.Marca: Technics.  Suporte técnico disponível 24/7.  Produto original com nota fiscal e garantia de fábrica.  Recomendado por especialistas da área. ",2821.57,20,4.2,132,"[{""texto"": ""Qualidade premium, recomendo para todos os músicos."", ""rating"": 5, ""data"": ""2026-09-20""}, {""texto"": ""Perfeito para estúdio e apresentações. Ótimo custo-benefício."", ""rating"": 5, ""data"": ""2026-08-28""}, {""texto"": ""Perfeito para estúdio e apresentações. Ótimo custo-benefício."", ""rating"": 4, ""data"": ""2026-08-24""}, {""texto"": ""Excelente relação qualidade-preço."", ""rating"": 5, ""data"": ""2026-09-05""}, {""texto"": ""Recomendo fortemente. Melhor compra do ano!"", ""rating"": 4, ""data"": ""2026-05-13""}]","confiável,premium,alta-qualidade,profissional","{""Frequência"": ""37-15564 Hz"", ""Impedância"": ""193 Ohm"", ""Sensibilidade"": ""84 dB"", ""Conexão"": ""USB""}",Nunes,TEC-EQUI-0309,ativo,2026-09-20
310,Rode Difusor de Som,Equipamentos de Áudio,Rode,"Equipamento profissional Difusor de Som de alta qualidade para produção musical. Oferece som cristalino e performance confiável em qualquer ambiente. Ideal para estúdios, salas de concerto e casas de shows. Construído com tecnologia de ponta e componentes de qualidade superior. Recomendado por engenheiros de som e produtores musicais. Garante excelentes resultados em gravações e apresentações.Suporte técnico disponível 24/7.  Marca: Rode.  Excelente custo-benefício.  Inclui manual de instruções detalhado em português.  Testado rigorosamente antes do envio.  Fácil de usar e manter. ",2710.34,10,4.4,7,"[{""texto"": ""Suporte técnico muito responsivo e atencioso."", ""rating"": 4, ""data"": ""2026-08-06""}, {""texto"": ""Ideal para profissionais e iniciantes. Muito versátil."", ""rating"": 4, ""data"": ""2026-08-27""}, {""texto"": ""Produto confiável para uso contínuo."", ""rating"": 4, ""data"": ""2026-06-19""}]","versatilidade,engenheiros-recomenda,profissional,tecnologia-ponta,estúdio,precisão","{""Frequência"": ""64-18649 Hz"", ""Impedância"": ""496 Ohm"", ""Sensibilidade"": ""85 dB"", ""Conexão"": ""RCA""}",Nascimento Teixeira Ltda.,ROD-EQUI-0310,inativo,2026-04-24
311,Neumann Mixer Digital,Equipamentos de Áudio,Neumann,"Equipamento profissional Mixer Digital de alta qualidade para produção musical. Oferece som cristalino e performance confiável em qualquer ambiente. Ideal para estúdios, salas de concerto e casas de shows. Construído com tecnologia de ponta e componentes de qualidade superior. Recomendado por engenheiros de som e produtores musicais. Garante excelentes resultados em gravações e apresentações.Excelente custo-benefício.  Suporte técnico disponível 24/7.  Fácil de usar e manter.  Desempenho consistente e confiável. ",1771.5,80,4.2,108,"[{""texto"": ""Compatibilidade perfeita com meus equipamentos."", ""rating"": 5, ""data"": ""2026-08-19""}, {""texto"": ""Investimento que vale a pena. Produto de alta qualidade."", ""rating"": 5, ""data"": ""2026-04-06""}, {""texto"": ""Sonho realizado! Superou minhas expectativas."", ""rating"": 5, ""data"": ""2026-07-07""}]","versatilidade,alta-qualidade,profissional,engenheiros-recomenda,cristalino","{""Frequência"": ""40-12743 Hz"", ""Impedância"": ""433 Ohm"", ""Sensibilidade"": ""101 dB"", ""Conexão"": ""Bluetooth""}",Silveira,NEU-EQUI-0311,ativo,2026-04-03
312,Sennheiser Amplificador de Potência,Equipamentos de Áudio,Sennheiser,"Equipamento profissional Amplificador de Potência de alta qualidade para produção musical. Oferece som cristalino e performance confiável em qualquer ambiente. Ideal para estúdios, salas de concerto e casas de shows. Construído com tecnologia de ponta e componentes de qualidade superior. Recomendado por engenheiros de som e produtores musicais. Garante excelentes resultados em gravações e apresentações.Fácil de usar e manter.  Oferece compatibilidade com múltiplos sistemas operacionais.  Produto original com nota fiscal e garantia de fábrica.  Excelente custo-benefício. ",2051.23,47,4.7,170,"[{""texto"": ""Excelente relação qualidade-preço."", ""rating"": 4, ""data"": ""2026-04-16""}, {""texto"": ""Compatibilidade perfeita com meus equipamentos."", ""rating"": 5, ""data"": ""2026-06-17""}, {""texto"": ""Excelente relação qualidade-preço."", ""rating"": 4, ""data"": ""2026-03-30""}, {""texto"": ""Suporte técnico muito responsivo e atencioso."", ""rating"": 4, ""data"": ""2026-04-13""}, {""texto"": ""Produto excelente, chegou rápido e bem embalado."", ""rating"": 5, ""data"": ""2026-08-10""}]","engenheiros-recomenda,cristalino,tecnologia-ponta,precisão,profissional","{""Frequência"": ""36-19498 Hz"", ""Impedância"": ""592 Ohm"", ""Sensibilidade"": ""98 dB"", ""Conexão"": ""3.5mm""}",Rezende Montenegro S.A.,SEN-EQUI-0312,ativo,2026-03-24
313,Sony Difusor de Som,Equipamentos de Áudio,Sony,"Equipamento profissional Difusor de Som de alta qualidade para produção musical. Oferece som cristalino e performance confiável em qualquer ambiente. Ideal para estúdios, salas de concerto e casas de shows. Construído com tecnologia de ponta e componentes de qualidade superior. Recomendado por engenheiros de som e produtores musicais. Garante excelentes resultados em gravações e apresentações.Excelente custo-benefício.  Fácil de usar e manter.  Produto original com nota fiscal e garantia de fábrica.  Suporte técnico disponível 24/7.  Marca: Sony. ",2729.26,62,4.2,186,"[{""texto"": ""Suporte técnico muito responsivo e atencioso."", ""rating"": 5, ""data"": ""2026-03-29""}, {""texto"": ""Profissional, durável e confiável. Muito bom!"", ""rating"": 5, ""data"": ""2026-09-06""}]","tecnologia-ponta,engenheiros-recomenda,cristalino","{""Frequência"": ""40-11955 Hz"", ""Impedância"": ""318 Ohm"", ""Sensibilidade"": ""110 dB"", ""Conexão"": ""3.5mm""}",da Luz Alves e Filhos,SON-EQUI-0313,ativo,2026-08-02
314,Behringer Equalizador Gráfico,Equipamentos de Áudio,Behringer,"Equipamento profissional Equalizador Gráfico de alta qualidade para produção musical. Oferece som cristalino e performance confiável em qualquer ambiente. Ideal para estúdios, salas de concerto e casas de shows. Construído com tecnologia de ponta e componentes de qualidade superior. Recomendado por engenheiros de som e produtores musicais. Garante excelentes resultados em gravações e apresentações.Inclui manual de instruções detalhado em português.  Produto original com nota fiscal e garantia de fábrica.  Testado rigorosamente antes do envio.  Fácil de usar e manter. ",2523.82,99,3.9,100,"[{""texto"": ""Investimento que vale a pena. Produto de alta qualidade."", ""rating"": 5, ""data"": ""2026-07-23""}, {""texto"": ""Excelente relação qualidade-preço."", ""rating"": 4, ""data"": ""2026-05-10""}, {""texto"": ""Compatibilidade perfeita com meus equipamentos."", ""rating"": 5, ""data"": ""2026-07-11""}]","cristalino,precisão,premium","{""Frequência"": ""65-16857 Hz"", ""Impedância"": ""237 Ohm"", ""Sensibilidade"": ""102 dB"", ""Conexão"": ""3.5mm""}",Campos,BEH-EQUI-0314,ativo,2026-05-03
315,Universal Audio Fone In-Ear,Equipamentos de Áudio,Universal Audio,"Equipamento profissional Fone In-Ear de alta qualidade para produção musical. Oferece som cristalino e performance confiável em qualquer ambiente. Ideal para estúdios, salas de concerto e casas de shows. Construído com tecnologia de ponta e componentes de qualidade superior. Recomendado por engenheiros de som e produtores musicais. Garante excelentes resultados em gravações e apresentações.Fácil de usar e manter.  Recomendado por especialistas da área.  Inclui manual de instruções detalhado em português.  Produto original com nota fiscal e garantia de fábrica.  Marca: Universal Audio. ",2882.35,2,3.7,23,"[{""texto"": ""Produto excelente, chegou rápido e bem embalado."", ""rating"": 4, ""data"": ""2026-09-17""}, {""texto"": ""Embalagem profissional, produto impecável."", ""rating"": 5, ""data"": ""2026-07-07""}, {""texto"": ""Produto confiável para uso contínuo."", ""rating"": 4, ""data"": ""2026-06-27""}, {""texto"": ""Embalagem profissional, produto impecável."", ""rating"": 4, ""data"": ""2026-08-04""}]","precisão,alta-qualidade,engenheiros-recomenda","{""Frequência"": ""61-17741 Hz"", ""Impedância"": ""125 Ohm"", ""Sensibilidade"": ""103 dB"", ""Conexão"": ""Bluetooth""}",Cassiano e Filhos,UNI-EQUI-0315,ativo,2026-03-13
316,Focusrite Microfone USB,Equipamentos de Áudio,Focusrite,"Equipamento profissional Microfone USB de alta qualidade para produção musical. Oferece som cristalino e performance confiável em qualquer ambiente. Ideal para estúdios, salas de concerto e casas de shows. Construído com tecnologia de ponta e componentes de qualidade superior. Recomendado por engenheiros de som e produtores musicais. Garante excelentes resultados em gravações e apresentações.Testado rigorosamente antes do envio.  Oferece compatibilidade com múltiplos sistemas operacionais.  Desempenho consistente e confiável.  Produto original com nota fiscal e garantia de fábrica.  Marca: Focusrite.  Excelente custo-benefício. ",1761.67,59,4.3,160,"[{""texto"": ""Perfeito para estúdio e apresentações. Ótimo custo-benefício."", ""rating"": 5, ""data"": ""2026-04-18""}, {""texto"": ""Atendimento excelente e produto de primeira qualidade."", ""rating"": 5, ""data"": ""2026-05-08""}, {""texto"": ""Sonho realizado! Superou minhas expectativas."", ""rating"": 4, ""data"": ""2026-05-27""}, {""texto"": ""Compatibilidade perfeita com meus equipamentos."", ""rating"": 4, ""data"": ""2026-08-24""}, {""texto"": ""Perfeito para estúdio e apresentações. Ótimo custo-benefício."", ""rating"": 5, ""data"": ""2026-05-28""}]","alta-qualidade,premium,estúdio","{""Frequência"": ""42-15467 Hz"", ""Impedância"": ""146 Ohm"", ""Sensibilidade"": ""90 dB"", ""Conexão"": ""RCA""}",Moura Leão Ltda.,FOC-EQUI-0316,inativo,2025-12-10
317,Pioneer Mixer Digital,Equipamentos de Áudio,Pioneer,"Equipamento profissional Mixer Digital de alta qualidade para produção musical. Oferece som cristalino e performance confiável em qualquer ambiente. Ideal para estúdios, salas de concerto e casas de shows. Construído com tecnologia de ponta e componentes de qualidade superior. Recomendado por engenheiros de som e produtores musicais. Garante excelentes resultados em gravações e apresentações.Excelente custo-benefício.  Marca: Pioneer.  Fácil de usar e manter.  Recomendado por especialistas da área.  Inclui manual de instruções detalhado em português.  Testado rigorosamente antes do envio. ",1669.69,11,4.7,103,"[{""texto"": ""Sonho realizado! Superou minhas expectativas."", ""rating"": 5, ""data"": ""2026-06-22""}, {""texto"": ""Sonho realizado! Superou minhas expectativas."", ""rating"": 5, ""data"": ""2026-05-06""}, {""texto"": ""Construção sólida, som cristalino e resposta rápida."", ""rating"": 4, ""data"": ""2026-05-05""}, {""texto"": ""Profissional, durável e confiável. Muito bom!"", ""rating"": 5, ""data"": ""2026-07-26""}]","confiável,estúdio,premium,tecnologia-ponta","{""Frequência"": ""61-13178 Hz"", ""Impedância"": ""407 Ohm"", ""Sensibilidade"": ""82 dB"", ""Conexão"": ""RCA""}",Campos,PIO-EQUI-0317,ativo,2025-09-30
318,Behringer Gravador Digital,Equipamentos de Áudio,Behringer,"Equipamento profissional Gravador Digital de alta qualidade para produção musical. Oferece som cristalino e performance confiável em qualquer ambiente. Ideal para estúdios, salas de concerto e casas de shows. Construído com tecnologia de ponta e componentes de qualidade superior. Recomendado por engenheiros de som e produtores musicais. Garante excelentes resultados em gravações e apresentações.Oferece compatibilidade com múltiplos sistemas operacionais.  Testado rigorosamente antes do envio.  Fácil de usar e manter.  Suporte técnico disponível 24/7. ",2985.71,4,3.6,180,"[{""texto"": ""Ideal para profissionais e iniciantes. Muito versátil."", ""rating"": 5, ""data"": ""2026-07-01""}, {""texto"": ""Excelente relação qualidade-preço."", ""rating"": 5, ""data"": ""2026-06-15""}, {""texto"": ""Profissional, durável e confiável. Muito bom!"", ""rating"": 4, ""data"": ""2026-08-04""}, {""texto"": ""Sonho realizado! Superou minhas expectativas."", ""rating"": 5, ""data"": ""2026-07-13""}]","versatilidade,estúdio,premium,cristalino,profissional","{""Frequência"": ""77-16591 Hz"", ""Impedância"": ""600 Ohm"", ""Sensibilidade"": ""88 dB"", ""Conexão"": ""USB""}",Albuquerque Novaes - ME,BEH-EQUI-0318,ativo,2026-03-30
319,Neumann Preamp Válvula,Equipamentos de Áudio,Neumann,"Equipamento profissional Preamp Válvula de alta qualidade para produção musical. Oferece som cristalino e performance confiável em qualquer ambiente. Ideal para estúdios, salas de concerto e casas de shows. Construído com tecnologia de ponta e componentes de qualidade superior. Recomendado por engenheiros de som e produtores musicais. Garante excelentes resultados em gravações e apresentações.Excelente custo-benefício.  Marca: Neumann.  Desempenho consistente e confiável.  Produto original com nota fiscal e garantia de fábrica.  Recomendado por especialistas da área. ",1398.39,19,4.7,95,"[{""texto"": ""Profissional, durável e confiável. Muito bom!"", ""rating"": 4, ""data"": ""2026-08-30""}, {""texto"": ""Recomendo fortemente. Melhor compra do ano!"", ""rating"": 5, ""data"": ""2026-07-07""}]","engenheiros-recomenda,estúdio,confiável","{""Frequência"": ""20-11629 Hz"", ""Impedância"": ""11 Ohm"", ""Sensibilidade"": ""80 dB"", ""Conexão"": ""XLR""}",Vasconcelos Camargo - EI,NEU-EQUI-0319,inativo,2026-09-08
320,Behringer Gravador Digital,Equipamentos de Áudio,Behringer,"Equipamento profissional Gravador Digital de alta qualidade para produção musical. Oferece som cristalino e performance confiável em qualquer ambiente. Ideal para estúdios, salas de concerto e casas de shows. Construído com tecnologia de ponta e componentes de qualidade superior. Recomendado por engenheiros de som e produtores musicais. Garante excelentes resultados em gravações e apresentações.Marca: Behringer.  Desempenho consistente e confiável.  Inclui manual de instruções detalhado em português.  Fácil de usar e manter. ",2074.21,1,3.5,7,"[{""texto"": ""Ideal para profissionais e iniciantes. Muito versátil."", ""rating"": 5, ""data"": ""2026-05-01""}, {""texto"": ""Investimento que vale a pena. Produto de alta qualidade."", ""rating"": 5, ""data"": ""2026-09-03""}, {""texto"": ""Qualidade premium, recomendo para todos os músicos."", ""rating"": 4, ""data"": ""2026-06-16""}]","profissional,estúdio,engenheiros-recomenda,premium,cristalino,alta-qualidade","{""Frequência"": ""20-18309 Hz"", ""Impedância"": ""179 Ohm"", ""Sensibilidade"": ""81 dB"", ""Conexão"": ""USB""}",Jesus e Filhos,BEH-EQUI-0320,ativo,2025-10-22
321,Shure Suporte Profissional,Equipamentos de Áudio,Shure,"Equipamento profissional Suporte Profissional de alta qualidade para produção musical. Oferece som cristalino e performance confiável em qualquer ambiente. Ideal para estúdios, salas de concerto e casas de shows. Construído com tecnologia de ponta e componentes de qualidade superior. Recomendado por engenheiros de som e produtores musicais. Garante excelentes resultados em gravações e apresentações.Recomendado por especialistas da área.  Fácil de usar e manter.  Testado rigorosamente antes do envio.  Suporte técnico disponível 24/7.  Oferece compatibilidade com múltiplos sistemas operacionais. ",2986.61,93,4.4,164,"[{""texto"": ""Compatibilidade perfeita com meus equipamentos."", ""rating"": 5, ""data"": ""2026-09-14""}, {""texto"": ""Compatibilidade perfeita com meus equipamentos."", ""rating"": 5, ""data"": ""2026-05-18""}, {""texto"": ""Excelente relação qualidade-preço."", ""rating"": 5, ""data"": ""2026-07-10""}, {""texto"": ""Recomendo fortemente. Melhor compra do ano!"", ""rating"": 4, ""data"": ""2026-05-06""}, {""texto"": ""Produto excelente, chegou rápido e bem embalado."", ""rating"": 4, ""data"": ""2026-05-28""}]","versatilidade,estúdio,confiável","{""Frequência"": ""32-11295 Hz"", ""Impedância"": ""255 Ohm"", ""Sensibilidade"": ""105 dB"", ""Conexão"": ""XLR""}",Mendes - EI,SHU-EQUI-0321,ativo,2025-12-16
322,Shure Microfone Dinâmico,Equipamentos de Áudio,Shure,"Equipamento profissional Microfone Dinâmico de alta qualidade para produção musical. Oferece som cristalino e performance confiável em qualquer ambiente. Ideal para estúdios, salas de concerto e casas de shows. Construído com tecnologia de ponta e componentes de qualidade superior. Recomendado por engenheiros de som e produtores musicais. Garante excelentes resultados em gravações e apresentações.Recomendado por especialistas da área.  Inclui manual de instruções detalhado em português.  Produto original com nota fiscal e garantia de fábrica.  Desempenho consistente e confiável. ",2220.4,10,4.3,58,"[{""texto"": ""Excelente relação qualidade-preço."", ""rating"": 5, ""data"": ""2026-04-03""}, {""texto"": ""Qualidade premium, recomendo para todos os músicos."", ""rating"": 5, ""data"": ""2026-06-03""}]","confiável,engenheiros-recomenda,precisão,tecnologia-ponta,premium","{""Frequência"": ""96-10826 Hz"", ""Impedância"": ""182 Ohm"", ""Sensibilidade"": ""81 dB"", ""Conexão"": ""USB""}",Aparecida e Filhos,SHU-EQUI-0322,ativo,2026-04-22
323,Shure Suporte Profissional,Equipamentos de Áudio,Shure,"Equipamento profissional Suporte Profissional de alta qualidade para produção musical. Oferece som cristalino e performance confiável em qualquer ambiente. Ideal para estúdios, salas de concerto e casas de shows. Construído com tecnologia de ponta e componentes de qualidade superior. Recomendado por engenheiros de som e produtores musicais. Garante excelentes resultados em gravações e apresentações.Inclui manual de instruções detalhado em português.  Testado rigorosamente antes do envio.  Oferece compatibilidade com múltiplos sistemas operacionais.  Marca: Shure.  Suporte técnico disponível 24/7. ",2548.57,3,4.0,57,"[{""texto"": ""Profissional, durável e confiável. Muito bom!"", ""rating"": 5, ""data"": ""2026-07-14""}, {""texto"": ""Compatibilidade perfeita com meus equipamentos."", ""rating"": 4, ""data"": ""2026-05-01""}, {""texto"": ""Suporte técnico muito responsivo e atencioso."", ""rating"": 5, ""data"": ""2026-04-24""}]","profissional,premium,confiável,estúdio","{""Frequência"": ""30-13142 Hz"", ""Impedância"": ""62 Ohm"", ""Sensibilidade"": ""90 dB"", ""Conexão"": ""XLR""}",Castro,SHU-EQUI-0323,ativo,2026-01-23
324,Sennheiser Fone Estéreo,Equipamentos de Áudio,Sennheiser,"Equipamento profissional Fone Estéreo de alta qualidade para produção musical. Oferece som cristalino e performance confiável em qualquer ambiente. Ideal para estúdios, salas de concerto e casas de shows. Construído com tecnologia de ponta e componentes de qualidade superior. Recomendado por engenheiros de som e produtores musicais. Garante excelentes resultados em gravações e apresentações.Testado rigorosamente antes do envio.  Excelente custo-benefício.  Recomendado por especialistas da área.  Marca: Sennheiser. ",2697.56,79,4.1,192,"[{""texto"": ""Recomendo fortemente. Melhor compra do ano!"", ""rating"": 5, ""data"": ""2026-08-02""}, {""texto"": ""Produto confiável para uso contínuo."", ""rating"": 5, ""data"": ""2026-08-05""}, {""texto"": ""Atendimento excelente e produto de primeira qualidade."", ""rating"": 4, ""data"": ""2026-08-04""}, {""texto"": ""Suporte técnico muito responsivo e atencioso."", ""rating"": 5, ""data"": ""2026-08-10""}]","engenheiros-recomenda,premium,profissional,confiável,precisão,alta-qualidade","{""Frequência"": ""42-13749 Hz"", ""Impedância"": ""521 Ohm"", ""Sensibilidade"": ""108 dB"", ""Conexão"": ""RCA""}",da Rocha,SEN-EQUI-0324,ativo,2026-03-22
325,Behringer Fone Estéreo,Equipamentos de Áudio,Behringer,"Equipamento profissional Fone Estéreo de alta qualidade para produção musical. Oferece som cristalino e performance confiável em qualquer ambiente. Ideal para estúdios, salas de concerto e casas de shows. Construído com tecnologia de ponta e componentes de qualidade superior. Recomendado por engenheiros de som e produtores musicais. Garante excelentes resultados em gravações e apresentações.Suporte técnico disponível 24/7.  Oferece compatibilidade com múltiplos sistemas operacionais.  Fácil de usar e manter.  Excelente custo-benefício. ",372.31,66,5.0,77,"[{""texto"": ""Sonho realizado! Superou minhas expectativas."", ""rating"": 5, ""data"": ""2026-05-14""}, {""texto"": ""Suporte técnico muito responsivo e atencioso."", ""rating"": 5, ""data"": ""2026-07-24""}, {""texto"": ""Atendimento excelente e produto de primeira qualidade."", ""rating"": 4, ""data"": ""2026-08-21""}, {""texto"": ""Ideal para profissionais e iniciantes. Muito versátil."", ""rating"": 4, ""data"": ""2026-05-09""}, {""texto"": ""Atendimento excelente e produto de primeira qualidade."", ""rating"": 4, ""data"": ""2026-08-28""}]","cristalino,premium,versatilidade","{""Frequência"": ""68-11267 Hz"", ""Impedância"": ""398 Ohm"", ""Sensibilidade"": ""110 dB"", ""Conexão"": ""3.5mm""}",da Cruz e Filhos,BEH-EQUI-0325,ativo,2026-07-14
326,Pioneer Reverberador,Equipamentos de Áudio,Pioneer,"Equipamento profissional Reverberador de alta qualidade para produção musical. Oferece som cristalino e performance confiável em qualquer ambiente. Ideal para estúdios, salas de concerto e casas de shows. Construído com tecnologia de ponta e componentes de qualidade superior. Recomendado por engenheiros de som e produtores musicais. Garante excelentes resultados em gravações e apresentações.Produto original com nota fiscal e garantia de fábrica.  Desempenho consistente e confiável.  Marca: Pioneer.  Excelente custo-benefício.  Testado rigorosamente antes do envio. ",1283.46,16,3.7,56,"[{""texto"": ""Produto excelente, chegou rápido e bem embalado."", ""rating"": 5, ""data"": ""2026-05-29""}, {""texto"": ""Investimento que vale a pena. Produto de alta qualidade."", ""rating"": 5, ""data"": ""2026-07-01""}, {""texto"": ""Perfeito para estúdio e apresentações. Ótimo custo-benefício."", ""rating"": 5, ""data"": ""2026-08-06""}, {""texto"": ""Profissional, durável e confiável. Muito bom!"", ""rating"": 5, ""data"": ""2026-05-29""}, {""texto"": ""Qualidade premium, recomendo para todos os músicos."", ""rating"": 5, ""data"": ""2026-06-12""}]","estúdio,cristalino,alta-qualidade,tecnologia-ponta","{""Frequência"": ""23-15465 Hz"", ""Impedância"": ""263 Ohm"", ""Sensibilidade"": ""91 dB"", ""Conexão"": ""USB""}",Carvalho - EI,PIO-EQUI-0326,ativo,2026-01-30
327,Technics Preamp Válvula,Equipamentos de Áudio,Technics,"Equipamento profissional Preamp Válvula de alta qualidade para produção musical. Oferece som cristalino e performance confiável em qualquer ambiente. Ideal para estúdios, salas de concerto e casas de shows. Construído com tecnologia de ponta e componentes de qualidade superior. Recomendado por engenheiros de som e produtores musicais. Garante excelentes resultados em gravações e apresentações.Fácil de usar e manter.  Inclui manual de instruções detalhado em português.  Suporte técnico disponível 24/7.  Recomendado por especialistas da área. ",2264.16,85,4.3,153,"[{""texto"": ""Recomendo fortemente. Melhor compra do ano!"", ""rating"": 4, ""data"": ""2026-09-16""}, {""texto"": ""Profissional, durável e confiável. Muito bom!"", ""rating"": 4, ""data"": ""2026-05-26""}, {""texto"": ""Construção sólida, som cristalino e resposta rápida."", ""rating"": 4, ""data"": ""2026-07-13""}, {""texto"": ""Investimento que vale a pena. Produto de alta qualidade."", ""rating"": 5, ""data"": ""2026-06-27""}, {""texto"": ""Profissional, durável e confiável. Muito bom!"", ""rating"": 4, ""data"": ""2026-08-31""}]","premium,versatilidade,tecnologia-ponta,precisão,estúdio,cristalino","{""Frequência"": ""20-12787 Hz"", ""Impedância"": ""54 Ohm"", ""Sensibilidade"": ""96 dB"", ""Conexão"": ""USB""}",Cassiano,TEC-EQUI-0327,ativo,2025-11-08
328,Neumann Microfone USB,Equipamentos de Áudio,Neumann,"Equipamento profissional Microfone USB de alta qualidade para produção musical. Oferece som cristalino e performance confiável em qualquer ambiente. Ideal para estúdios, salas de concerto e casas de shows. Construído com tecnologia de ponta e componentes de qualidade superior. Recomendado por engenheiros de som e produtores musicais. Garante excelentes resultados em gravações e apresentações.Oferece compatibilidade com múltiplos sistemas operacionais.  Excelente custo-benefício.  Desempenho consistente e confiável.  Testado rigorosamente antes do envio. ",1398.91,52,4.5,157,"[{""texto"": ""Recomendo fortemente. Melhor compra do ano!"", ""rating"": 4, ""data"": ""2026-07-18""}, {""texto"": ""Produto confiável para uso contínuo."", ""rating"": 4, ""data"": ""2026-04-21""}]","tecnologia-ponta,estúdio,engenheiros-recomenda","{""Frequência"": ""76-14870 Hz"", ""Impedância"": ""541 Ohm"", ""Sensibilidade"": ""106 dB"", ""Conexão"": ""XLR""}",Macedo,NEU-EQUI-0328,ativo,2026-05-01
329,Universal Audio Cabeçote de Amplificador,Equipamentos de Áudio,Universal Audio,"Equipamento profissional Cabeçote de Amplificador de alta qualidade para produção musical. Oferece som cristalino e performance confiável em qualquer ambiente. Ideal para estúdios, salas de concerto e casas de shows. Construído com tecnologia de ponta e componentes de qualidade superior. Recomendado por engenheiros de som e produtores musicais. Garante excelentes resultados em gravações e apresentações.Inclui manual de instruções detalhado em português.  Marca: Universal Audio.  Suporte técnico disponível 24/7.  Produto original com nota fiscal e garantia de fábrica.  Recomendado por especialistas da área.  Testado rigorosamente antes do envio. ",1583.88,73,4.8,140,"[{""texto"": ""Ideal para profissionais e iniciantes. Muito versátil."", ""rating"": 5, ""data"": ""2026-08-17""}, {""texto"": ""Produto excelente, chegou rápido e bem embalado."", ""rating"": 4, ""data"": ""2026-09-01""}, {""texto"": ""Sonho realizado! Superou minhas expectativas."", ""rating"": 5, ""data"": ""2026-06-22""}]","tecnologia-ponta,premium,engenheiros-recomenda","{""Frequência"": ""65-13727 Hz"", ""Impedância"": ""572 Ohm"", ""Sensibilidade"": ""95 dB"", ""Conexão"": ""XLR""}",Santos,UNI-EQUI-0329,ativo,2026-03-14
330,Neumann Microfone Condensador,Equipamentos de Áudio,Neumann,"Equipamento profissional Microfone Condensador de alta qualidade para produção musical. Oferece som cristalino e performance confiável em qualquer ambiente. Ideal para estúdios, salas de concerto e casas de shows. Construído com tecnologia de ponta e componentes de qualidade superior. Recomendado por engenheiros de som e produtores musicais. Garante excelentes resultados em gravações e apresentações.Recomendado por especialistas da área.  Suporte técnico disponível 24/7.  Testado rigorosamente antes do envio.  Marca: Neumann.  Inclui manual de instruções detalhado em português. ",1312.44,34,4.6,22,"[{""texto"": ""Embalagem profissional, produto impecável."", ""rating"": 4, ""data"": ""2026-08-25""}, {""texto"": ""Embalagem profissional, produto impecável."", ""rating"": 5, ""data"": ""2026-09-14""}, {""texto"": ""Construção sólida, som cristalino e resposta rápida."", ""rating"": 4, ""data"": ""2026-07-26""}, {""texto"": ""Qualidade premium, recomendo para todos os músicos."", ""rating"": 5, ""data"": ""2026-07-20""}, {""texto"": ""Compatibilidade perfeita com meus equipamentos."", ""rating"": 4, ""data"": ""2026-08-23""}]","estúdio,versatilidade,engenheiros-recomenda,tecnologia-ponta,cristalino","{""Frequência"": ""34-15764 Hz"", ""Impedância"": ""47 Ohm"", ""Sensibilidade"": ""91 dB"", ""Conexão"": ""USB""}",Nunes S/A,NEU-EQUI-0330,ativo,2026-07-08
331,Presonus Monitor de Estúdio,Equipamentos de Áudio,Presonus,"Equipamento profissional Monitor de Estúdio de alta qualidade para produção musical. Oferece som cristalino e performance confiável em qualquer ambiente. Ideal para estúdios, salas de concerto e casas de shows. Construído com tecnologia de ponta e componentes de qualidade superior. Recomendado por engenheiros de som e produtores musicais. Garante excelentes resultados em gravações e apresentações.Excelente custo-benefício.  Recomendado por especialistas da área.  Oferece compatibilidade com múltiplos sistemas operacionais.  Fácil de usar e manter.  Produto original com nota fiscal e garantia de fábrica. ",1886.93,87,4.1,143,"[{""texto"": ""Excelente relação qualidade-preço."", ""rating"": 4, ""data"": ""2026-08-30""}, {""texto"": ""Perfeito para estúdio e apresentações. Ótimo custo-benefício."", ""rating"": 5, ""data"": ""2026-08-02""}, {""texto"": ""Suporte técnico muito responsivo e atencioso."", ""rating"": 5, ""data"": ""2026-05-28""}, {""texto"": ""Profissional, durável e confiável. Muito bom!"", ""rating"": 5, ""data"": ""2026-07-19""}]","profissional,confiável,precisão,engenheiros-recomenda","{""Frequência"": ""46-16445 Hz"", ""Impedância"": ""446 Ohm"", ""Sensibilidade"": ""98 dB"", ""Conexão"": ""XLR""}",da Costa,PRE-EQUI-0331,ativo,2026-01-21
332,Focusrite Processador de Efeitos,Equipamentos de Áudio,Focusrite,"Equipamento profissional Processador de Efeitos de alta qualidade para produção musical. Oferece som cristalino e performance confiável em qualquer ambiente. Ideal para estúdios, salas de concerto e casas de shows. Construído com tecnologia de ponta e componentes de qualidade superior. Recomendado por engenheiros de som e produtores musicais. Garante excelentes resultados em gravações e apresentações.Fácil de usar e manter.  Marca: Focusrite.  Oferece compatibilidade com múltiplos sistemas operacionais.  Produto original com nota fiscal e garantia de fábrica.  Recomendado por especialistas da área. ",1099.39,78,4.3,143,"[{""texto"": ""Qualidade premium, recomendo para todos os músicos."", ""rating"": 5, ""data"": ""2026-05-13""}, {""texto"": ""Ideal para profissionais e iniciantes. Muito versátil."", ""rating"": 5, ""data"": ""2026-06-12""}]","premium,estúdio,cristalino,tecnologia-ponta,precisão,engenheiros-recomenda","{""Frequência"": ""22-16077 Hz"", ""Impedância"": ""525 Ohm"", ""Sensibilidade"": ""86 dB"", ""Conexão"": ""USB""}",Casa Grande Ltda.,FOC-EQUI-0332,ativo,2026-03-16
333,Rode Mixer Analógico,Equipamentos de Áudio,Rode,"Equipamento profissional Mixer Analógico de alta qualidade para produção musical. Oferece som cristalino e performance confiável em qualquer ambiente. Ideal para estúdios, salas de concerto e casas de shows. Construído com tecnologia de ponta e componentes de qualidade superior. Recomendado por engenheiros de som e produtores musicais. Garante excelentes resultados em gravações e apresentações.Suporte técnico disponível 24/7.  Fácil de usar e manter.  Oferece compatibilidade com múltiplos sistemas operacionais.  Excelente custo-benefício.  Marca: Rode.  Testado rigorosamente antes do envio. ",1272.27,26,4.8,183,"[{""texto"": ""Excelente relação qualidade-preço."", ""rating"": 5, ""data"": ""2026-07-06""}, {""texto"": ""Suporte técnico muito responsivo e atencioso."", ""rating"": 4, ""data"": ""2026-04-23""}, {""texto"": ""Compatibilidade perfeita com meus equipamentos."", ""rating"": 5, ""data"": ""2026-08-16""}, {""texto"": ""Perfeito para estúdio e apresentações. Ótimo custo-benefício."", ""rating"": 4, ""data"": ""2026-05-01""}, {""texto"": ""Suporte técnico muito responsivo e atencioso."", ""rating"": 5, ""data"": ""2026-07-06""}]","engenheiros-recomenda,tecnologia-ponta,alta-qualidade,premium,precisão,estúdio","{""Frequência"": ""69-17754 Hz"", ""Impedância"": ""80 Ohm"", ""Sensibilidade"": ""104 dB"", ""Conexão"": ""XLR""}",Silva Andrade Ltda.,ROD-EQUI-0333,ativo,2025-10-30
334,Sennheiser Equalizador Gráfico,Equipamentos de Áudio,Sennheiser,"Equipamento profissional Equalizador Gráfico de alta qualidade para produção musical. Oferece som cristalino e performance confiável em qualquer ambiente. Ideal para estúdios, salas de concerto e casas de shows. Construído com tecnologia de ponta e componentes de qualidade superior. Recomendado por engenheiros de som e produtores musicais. Garante excelentes resultados em gravações e apresentações.Testado rigorosamente antes do envio.  Recomendado por especialistas da área.  Suporte técnico disponível 24/7.  Oferece compatibilidade com múltiplos sistemas operacionais. ",1214.91,49,4.0,184,"[{""texto"": ""Ideal para profissionais e iniciantes. Muito versátil."", ""rating"": 4, ""data"": ""2026-04-18""}, {""texto"": ""Profissional, durável e confiável. Muito bom!"", ""rating"": 4, ""data"": ""2026-04-05""}]","tecnologia-ponta,versatilidade,precisão,engenheiros-recomenda,premium","{""Frequência"": ""99-12092 Hz"", ""Impedância"": ""488 Ohm"", ""Sensibilidade"": ""86 dB"", ""Conexão"": ""XLR""}",Monteiro - EI,SEN-EQUI-0334,ativo,2026-02-09
335,Shure Placa de Som Externa,Equipamentos de Áudio,Shure,"Equipamento profissional Placa de Som Externa de alta qualidade para produção musical. Oferece som cristalino e performance confiável em qualquer ambiente. Ideal para estúdios, salas de concerto e casas de shows. Construído com tecnologia de ponta e componentes de qualidade superior. Recomendado por engenheiros de som e produtores musicais. Garante excelentes resultados em gravações e apresentações.Excelente custo-benefício.  Recomendado por especialistas da área.  Inclui manual de instruções detalhado em português.  Produto original com nota fiscal e garantia de fábrica.  Marca: Shure.  Suporte técnico disponível 24/7. ",2131.12,70,3.7,136,"[{""texto"": ""Qualidade premium, recomendo para todos os músicos."", ""rating"": 5, ""data"": ""2026-06-22""}, {""texto"": ""Compatibilidade perfeita com meus equipamentos."", ""rating"": 5, ""data"": ""2026-05-26""}, {""texto"": ""Ideal para profissionais e iniciantes. Muito versátil."", ""rating"": 4, ""data"": ""2026-05-23""}]","premium,precisão,confiável,cristalino","{""Frequência"": ""43-15751 Hz"", ""Impedância"": ""59 Ohm"", ""Sensibilidade"": ""82 dB"", ""Conexão"": ""Bluetooth""}",Silva,SHU-EQUI-0335,inativo,2025-11-21
336,Behringer Cabeçote de Amplificador,Equipamentos de Áudio,Behringer,"Equipamento profissional Cabeçote de Amplificador de alta qualidade para produção musical. Oferece som cristalino e performance confiável em qualquer ambiente. Ideal para estúdios, salas de concerto e casas de shows. Construído com tecnologia de ponta e componentes de qualidade superior. Recomendado por engenheiros de som e produtores musicais. Garante excelentes resultados em gravações e apresentações.Testado rigorosamente antes do envio.  Desempenho consistente e confiável.  Inclui manual de instruções detalhado em português.  Produto original com nota fiscal e garantia de fábrica. ",731.43,74,4.5,25,"[{""texto"": ""Sonho realizado! Superou minhas expectativas."", ""rating"": 5, ""data"": ""2026-08-18""}, {""texto"": ""Sonho realizado! Superou minhas expectativas."", ""rating"": 4, ""data"": ""2026-07-13""}, {""texto"": ""Perfeito para estúdio e apresentações. Ótimo custo-benefício."", ""rating"": 5, ""data"": ""2026-06-30""}]","estúdio,alta-qualidade,confiável,versatilidade","{""Frequência"": ""52-11842 Hz"", ""Impedância"": ""177 Ohm"", ""Sensibilidade"": ""100 dB"", ""Conexão"": ""USB""}",Jesus Sá - EI,BEH-EQUI-0336,ativo,2025-12-02
337,Behringer Equalizador Gráfico,Equipamentos de Áudio,Behringer,"Equipamento profissional Equalizador Gráfico de alta qualidade para produção musical. Oferece som cristalino e performance confiável em qualquer ambiente. Ideal para estúdios, salas de concerto e casas de shows. Construído com tecnologia de ponta e componentes de qualidade superior. Recomendado por engenheiros de som e produtores musicais. Garante excelentes resultados em gravações e apresentações.Produto original com nota fiscal e garantia de fábrica.  Suporte técnico disponível 24/7.  Oferece compatibilidade com múltiplos sistemas operacionais.  Inclui manual de instruções detalhado em português.  Desempenho consistente e confiável. ",1442.95,80,3.7,183,"[{""texto"": ""Ideal para profissionais e iniciantes. Muito versátil."", ""rating"": 4, ""data"": ""2026-07-19""}, {""texto"": ""Compatibilidade perfeita com meus equipamentos."", ""rating"": 5, ""data"": ""2026-07-16""}, {""texto"": ""Suporte técnico muito responsivo e atencioso."", ""rating"": 4, ""data"": ""2026-06-06""}, {""texto"": ""Produto confiável para uso contínuo."", ""rating"": 4, ""data"": ""2026-06-25""}, {""texto"": ""Suporte técnico muito responsivo e atencioso."", ""rating"": 5, ""data"": ""2026-04-03""}]","profissional,cristalino,versatilidade,engenheiros-recomenda","{""Frequência"": ""31-12082 Hz"", ""Impedância"": ""57 Ohm"", ""Sensibilidade"": ""100 dB"", ""Conexão"": ""3.5mm""}",Carvalho,BEH-EQUI-0337,ativo,2026-03-29
338,Audio-Technica Fone Estéreo,Equipamentos de Áudio,Audio-Technica,"Equipamento profissional Fone Estéreo de alta qualidade para produção musical. Oferece som cristalino e performance confiável em qualquer ambiente. Ideal para estúdios, salas de concerto e casas de shows. Construído com tecnologia de ponta e componentes de qualidade superior. Recomendado por engenheiros de som e produtores musicais. Garante excelentes resultados em gravações e apresentações.Excelente custo-benefício.  Recomendado por especialistas da área.  Desempenho consistente e confiável.  Fácil de usar e manter. ",510.31,65,4.6,39,"[{""texto"": ""Ideal para profissionais e iniciantes. Muito versátil."", ""rating"": 4, ""data"": ""2026-08-07""}, {""texto"": ""Investimento que vale a pena. Produto de alta qualidade."", ""rating"": 5, ""data"": ""2026-06-26""}, {""texto"": ""Produto confiável para uso contínuo."", ""rating"": 4, ""data"": ""2026-06-21""}, {""texto"": ""Recomendo fortemente. Melhor compra do ano!"", ""rating"": 5, ""data"": ""2026-09-13""}, {""texto"": ""Embalagem profissional, produto impecável."", ""rating"": 5, ""data"": ""2026-08-03""}]","precisão,confiável,versatilidade,alta-qualidade,engenheiros-recomenda","{""Frequência"": ""58-14199 Hz"", ""Impedância"": ""126 Ohm"", ""Sensibilidade"": ""96 dB"", ""Conexão"": ""RCA""}",Jesus Cavalcante - ME,AUD-EQUI-0338,ativo,2025-10-23
339,Rode Pedal Board,Equipamentos de Áudio,Rode,"Equipamento profissional Pedal Board de alta qualidade para produção musical. Oferece som cristalino e performance confiável em qualquer ambiente. Ideal para estúdios, salas de concerto e casas de shows. Construído com tecnologia de ponta e componentes de qualidade superior. Recomendado por engenheiros de som e produtores musicais. Garante excelentes resultados em gravações e apresentações.Inclui manual de instruções detalhado em português.  Excelente custo-benefício.  Testado rigorosamente antes do envio.  Oferece compatibilidade com múltiplos sistemas operacionais.  Marca: Rode. ",1884.3,40,3.8,192,"[{""texto"": ""Produto confiável para uso contínuo."", ""rating"": 4, ""data"": ""2026-04-10""}, {""texto"": ""Produto excelente, chegou rápido e bem embalado."", ""rating"": 4, ""data"": ""2026-05-15""}, {""texto"": ""Produto excelente, chegou rápido e bem embalado."", ""rating"": 4, ""data"": ""2026-08-15""}, {""texto"": ""Recomendo fortemente. Melhor compra do ano!"", ""rating"": 4, ""data"": ""2026-07-09""}]","premium,estúdio,cristalino,alta-qualidade,precisão,tecnologia-ponta","{""Frequência"": ""83-11969 Hz"", ""Impedância"": ""199 Ohm"", ""Sensibilidade"": ""101 dB"", ""Conexão"": ""Bluetooth""}",Cassiano - ME,ROD-EQUI-0339,inativo,2026-06-12
340,Shure Difusor de Som,Equipamentos de Áudio,Shure,"Equipamento profissional Difusor de Som de alta qualidade para produção musical. Oferece som cristalino e performance confiável em qualquer ambiente. Ideal para estúdios, salas de concerto e casas de shows. Construído com tecnologia de ponta e componentes de qualidade superior. Recomendado por engenheiros de som e produtores musicais. Garante excelentes resultados em gravações e apresentações.Suporte técnico disponível 24/7.  Inclui manual de instruções detalhado em português.  Testado rigorosamente antes do envio.  Excelente custo-benefício.  Fácil de usar e manter. ",2624.91,59,4.9,7,"[{""texto"": ""Excelente relação qualidade-preço."", ""rating"": 5, ""data"": ""2026-07-14""}, {""texto"": ""Embalagem profissional, produto impecável."", ""rating"": 5, ""data"": ""2026-08-15""}]","alta-qualidade,premium,profissional,estúdio,engenheiros-recomenda","{""Frequência"": ""66-17418 Hz"", ""Impedância"": ""396 Ohm"", ""Sensibilidade"": ""105 dB"", ""Conexão"": ""3.5mm""}",Marques,SHU-EQUI-0340,ativo,2026-04-25
341,Sony Monitor de Estúdio,Equipamentos de Áudio,Sony,"Equipamento profissional Monitor de Estúdio de alta qualidade para produção musical. Oferece som cristalino e performance confiável em qualquer ambiente. Ideal para estúdios, salas de concerto e casas de shows. Construído com tecnologia de ponta e componentes de qualidade superior. Recomendado por engenheiros de som e produtores musicais. Garante excelentes resultados em gravações e apresentações.Oferece compatibilidade com múltiplos sistemas operacionais.  Marca: Sony.  Suporte técnico disponível 24/7.  Recomendado por especialistas da área.  Fácil de usar e manter. ",1168.48,69,3.9,42,"[{""texto"": ""Sonho realizado! Superou minhas expectativas."", ""rating"": 4, ""data"": ""2026-04-09""}, {""texto"": ""Construção sólida, som cristalino e resposta rápida."", ""rating"": 4, ""data"": ""2026-06-12""}, {""texto"": ""Construção sólida, som cristalino e resposta rápida."", ""rating"": 4, ""data"": ""2026-05-05""}, {""texto"": ""Sonho realizado! Superou minhas expectativas."", ""rating"": 4, ""data"": ""2026-09-09""}, {""texto"": ""Qualidade premium, recomendo para todos os músicos."", ""rating"": 4, ""data"": ""2026-06-01""}]","premium,versatilidade,estúdio,alta-qualidade,tecnologia-ponta,confiável","{""Frequência"": ""27-18627 Hz"", ""Impedância"": ""587 Ohm"", ""Sensibilidade"": ""83 dB"", ""Conexão"": ""USB""}",Machado,SON-EQUI-0341,ativo,2026-04-20
342,Shure Interface de Áudio USB,Equipamentos de Áudio,Shure,"Equipamento profissional Interface de Áudio USB de alta qualidade para produção musical. Oferece som cristalino e performance confiável em qualquer ambiente. Ideal para estúdios, salas de concerto e casas de shows. Construído com tecnologia de ponta e componentes de qualidade superior. Recomendado por engenheiros de som e produtores musicais. Garante excelentes resultados em gravações e apresentações.Oferece compatibilidade com múltiplos sistemas operacionais.  Fácil de usar e manter.  Desempenho consistente e confiável.  Recomendado por especialistas da área.  Marca: Shure. ",492.41,84,4.8,192,"[{""texto"": ""Suporte técnico muito responsivo e atencioso."", ""rating"": 5, ""data"": ""2026-04-27""}, {""texto"": ""Suporte técnico muito responsivo e atencioso."", ""rating"": 4, ""data"": ""2026-04-16""}]","profissional,tecnologia-ponta,estúdio,premium,versatilidade,cristalino","{""Frequência"": ""72-15364 Hz"", ""Impedância"": ""85 Ohm"", ""Sensibilidade"": ""102 dB"", ""Conexão"": ""3.5mm""}",Sales - EI,SHU-EQUI-0342,ativo,2026-07-02
343,Rode Cabeçote de Amplificador,Equipamentos de Áudio,Rode,"Equipamento profissional Cabeçote de Amplificador de alta qualidade para produção musical. Oferece som cristalino e performance confiável em qualquer ambiente. Ideal para estúdios, salas de concerto e casas de shows. Construído com tecnologia de ponta e componentes de qualidade superior. Recomendado por engenheiros de som e produtores musicais. Garante excelentes resultados em gravações e apresentações.Desempenho consistente e confiável.  Testado rigorosamente antes do envio.  Inclui manual de instruções detalhado em português.  Recomendado por especialistas da área.  Oferece compatibilidade com múltiplos sistemas operacionais. ",827.16,7,3.7,108,"[{""texto"": ""Sonho realizado! Superou minhas expectativas."", ""rating"": 4, ""data"": ""2026-05-14""}, {""texto"": ""Ideal para profissionais e iniciantes. Muito versátil."", ""rating"": 4, ""data"": ""2026-06-30""}]","confiável,profissional,alta-qualidade,versatilidade,tecnologia-ponta","{""Frequência"": ""97-13516 Hz"", ""Impedância"": ""53 Ohm"", ""Sensibilidade"": ""85 dB"", ""Conexão"": ""XLR""}",Silveira,ROD-EQUI-0343,ativo,2026-04-16
344,Yamaha Difusor de Som,Equipamentos de Áudio,Yamaha,"Equipamento profissional Difusor de Som de alta qualidade para produção musical. Oferece som cristalino e performance confiável em qualquer ambiente. Ideal para estúdios, salas de concerto e casas de shows. Construído com tecnologia de ponta e componentes de qualidade superior. Recomendado por engenheiros de som e produtores musicais. Garante excelentes resultados em gravações e apresentações.Marca: Yamaha.  Testado rigorosamente antes do envio.  Fácil de usar e manter.  Suporte técnico disponível 24/7. ",153.73,71,4.2,148,"[{""texto"": ""Produto excelente, chegou rápido e bem embalado."", ""rating"": 4, ""data"": ""2026-04-09""}, {""texto"": ""Atendimento excelente e produto de primeira qualidade."", ""rating"": 5, ""data"": ""2026-04-04""}]","precisão,confiável,engenheiros-recomenda,alta-qualidade,cristalino","{""Frequência"": ""93-15154 Hz"", ""Impedância"": ""133 Ohm"", ""Sensibilidade"": ""90 dB"", ""Conexão"": ""XLR""}",Machado,YAM-EQUI-0344,ativo,2026-09-01
345,Technics Equalizador Gráfico,Equipamentos de Áudio,Technics,"Equipamento profissional Equalizador Gráfico de alta qualidade para produção musical. Oferece som cristalino e performance confiável em qualquer ambiente. Ideal para estúdios, salas de concerto e casas de shows. Construído com tecnologia de ponta e componentes de qualidade superior. Recomendado por engenheiros de som e produtores musicais. Garante excelentes resultados em gravações e apresentações.Testado rigorosamente antes do envio.  Fácil de usar e manter.  Suporte técnico disponível 24/7.  Oferece compatibilidade com múltiplos sistemas operacionais. ",1353.68,22,3.6,39,"[{""texto"": ""Suporte técnico muito responsivo e atencioso."", ""rating"": 4, ""data"": ""2026-08-22""}, {""texto"": ""Compatibilidade perfeita com meus equipamentos."", ""rating"": 4, ""data"": ""2026-04-24""}, {""texto"": ""Compatibilidade perfeita com meus equipamentos."", ""rating"": 4, ""data"": ""2026-03-29""}, {""texto"": ""Investimento que vale a pena. Produto de alta qualidade."", ""rating"": 4, ""data"": ""2026-08-30""}, {""texto"": ""Investimento que vale a pena. Produto de alta qualidade."", ""rating"": 4, ""data"": ""2026-06-01""}]","alta-qualidade,confiável,versatilidade,precisão,premium,cristalino","{""Frequência"": ""83-16493 Hz"", ""Impedância"": ""379 Ohm"", ""Sensibilidade"": ""91 dB"", ""Conexão"": ""3.5mm""}",Gonçalves - ME,TEC-EQUI-0345,ativo,2026-07-22
346,Sennheiser Mixer Analógico,Equipamentos de Áudio,Sennheiser,"Equipamento profissional Mixer Analógico de alta qualidade para produção musical. Oferece som cristalino e performance confiável em qualquer ambiente. Ideal para estúdios, salas de concerto e casas de shows. Construído com tecnologia de ponta e componentes de qualidade superior. Recomendado por engenheiros de som e produtores musicais. Garante excelentes resultados em gravações e apresentações.Suporte técnico disponível 24/7.  Oferece compatibilidade com múltiplos sistemas operacionais.  Excelente custo-benefício.  Testado rigorosamente antes do envio.  Fácil de usar e manter. ",1200.28,36,3.9,77,"[{""texto"": ""Embalagem profissional, produto impecável."", ""rating"": 5, ""data"": ""2026-05-10""}, {""texto"": ""Atendimento excelente e produto de primeira qualidade."", ""rating"": 5, ""data"": ""2026-04-06""}, {""texto"": ""Compatibilidade perfeita com meus equipamentos."", ""rating"": 4, ""data"": ""2026-04-29""}, {""texto"": ""Investimento que vale a pena. Produto de alta qualidade."", ""rating"": 5, ""data"": ""2026-09-21""}, {""texto"": ""Profissional, durável e confiável. Muito bom!"", ""rating"": 5, ""data"": ""2026-04-04""}]","profissional,estúdio,premium,alta-qualidade","{""Frequência"": ""49-16134 Hz"", ""Impedância"": ""196 Ohm"", ""Sensibilidade"": ""88 dB"", ""Conexão"": ""RCA""}",da Luz,SEN-EQUI-0346,ativo,2026-06-06
347,Universal Audio Preamp Válvula,Equipamentos de Áudio,Universal Audio,"Equipamento profissional Preamp Válvula de alta qualidade para produção musical. Oferece som cristalino e performance confiável em qualquer ambiente. Ideal para estúdios, salas de concerto e casas de shows. Construído com tecnologia de ponta e componentes de qualidade superior. Recomendado por engenheiros de som e produtores musicais. Garante excelentes resultados em gravações e apresentações.Produto original com nota fiscal e garantia de fábrica.  Fácil de usar e manter.  Testado rigorosamente antes do envio.  Desempenho consistente e confiável.  Inclui manual de instruções detalhado em português.  Excelente custo-benefício. ",2457.96,10,3.8,89,"[{""texto"": ""Sonho realizado! Superou minhas expectativas."", ""rating"": 5, ""data"": ""2026-09-10""}, {""texto"": ""Compatibilidade perfeita com meus equipamentos."", ""rating"": 4, ""data"": ""2026-09-05""}]","versatilidade,tecnologia-ponta,engenheiros-recomenda,confiável,premium","{""Frequência"": ""78-18437 Hz"", ""Impedância"": ""540 Ohm"", ""Sensibilidade"": ""102 dB"", ""Conexão"": ""XLR""}",da Conceição,UNI-EQUI-0347,inativo,2025-10-19
348,Technics Alto-Falante Ativo,Equipamentos de Áudio,Technics,"Equipamento profissional Alto-Falante Ativo de alta qualidade para produção musical. Oferece som cristalino e performance confiável em qualquer ambiente. Ideal para estúdios, salas de concerto e casas de shows. Construído com tecnologia de ponta e componentes de qualidade superior. Recomendado por engenheiros de som e produtores musicais. Garante excelentes resultados em gravações e apresentações.Testado rigorosamente antes do envio.  Marca: Technics.  Fácil de usar e manter.  Suporte técnico disponível 24/7. ",2674.26,99,4.1,111,"[{""texto"": ""Perfeito para estúdio e apresentações. Ótimo custo-benefício."", ""rating"": 4, ""data"": ""2026-07-31""}, {""texto"": ""Embalagem profissional, produto impecável."", ""rating"": 5, ""data"": ""2026-07-10""}, {""texto"": ""Qualidade premium, recomendo para todos os músicos."", ""rating"": 4, ""data"": ""2026-09-09""}, {""texto"": ""Ideal para profissionais e iniciantes. Muito versátil."", ""rating"": 5, ""data"": ""2026-05-05""}, {""texto"": ""Ideal para profissionais e iniciantes. Muito versátil."", ""rating"": 4, ""data"": ""2026-06-10""}]","tecnologia-ponta,precisão,engenheiros-recomenda","{""Frequência"": ""60-19980 Hz"", ""Impedância"": ""95 Ohm"", ""Sensibilidade"": ""83 dB"", ""Conexão"": ""3.5mm""}",Vieira Farias e Filhos,TEC-EQUI-0348,ativo,2026-02-13
349,Audio-Technica Case para Equipamento,Equipamentos de Áudio,Audio-Technica,"Equipamento profissional Case para Equipamento de alta qualidade para produção musical. Oferece som cristalino e performance confiável em qualquer ambiente. Ideal para estúdios, salas de concerto e casas de shows. Construído com tecnologia de ponta e componentes de qualidade superior. Recomendado por engenheiros de som e produtores musicais. Garante excelentes resultados em gravações e apresentações.Inclui manual de instruções detalhado em português.  Desempenho consistente e confiável.  Suporte técnico disponível 24/7.  Produto original com nota fiscal e garantia de fábrica.  Excelente custo-benefício.  Recomendado por especialistas da área. ",985.97,75,4.1,160,"[{""texto"": ""Produto excelente, chegou rápido e bem embalado."", ""rating"": 5, ""data"": ""2026-07-01""}, {""texto"": ""Recomendo fortemente. Melhor compra do ano!"", ""rating"": 5, ""data"": ""2026-06-27""}, {""texto"": ""Profissional, durável e confiável. Muito bom!"", ""rating"": 5, ""data"": ""2026-05-16""}, {""texto"": ""Perfeito para estúdio e apresentações. Ótimo custo-benefício."", ""rating"": 4, ""data"": ""2026-04-29""}, {""texto"": ""Profissional, durável e confiável. Muito bom!"", ""rating"": 5, ""data"": ""2026-04-14""}]","cristalino,estúdio,alta-qualidade,premium","{""Frequência"": ""24-14128 Hz"", ""Impedância"": ""473 Ohm"", ""Sensibilidade"": ""107 dB"", ""Conexão"": ""3.5mm""}",Nunes Rezende e Filhos,AUD-EQUI-0349,ativo,2026-04-23
350,Sennheiser Interface Thunderbolt,Equipamentos de Áudio,Sennheiser,"Equipamento profissional Interface Thunderbolt de alta qualidade para produção musical. Oferece som cristalino e performance confiável em qualquer ambiente. Ideal para estúdios, salas de concerto e casas de shows. Construído com tecnologia de ponta e componentes de qualidade superior. Recomendado por engenheiros de som e produtores musicais. Garante excelentes resultados em gravações e apresentações.Fácil de usar e manter.  Excelente custo-benefício.  Inclui manual de instruções detalhado em português.  Suporte técnico disponível 24/7. ",1931.79,87,3.7,63,"[{""texto"": ""Profissional, durável e confiável. Muito bom!"", ""rating"": 4, ""data"": ""2026-08-25""}, {""texto"": ""Perfeito para estúdio e apresentações. Ótimo custo-benefício."", ""rating"": 5, ""data"": ""2026-04-19""}, {""texto"": ""Perfeito para estúdio e apresentações. Ótimo custo-benefício."", ""rating"": 5, ""data"": ""2026-04-11""}, {""texto"": ""Compatibilidade perfeita com meus equipamentos."", ""rating"": 4, ""data"": ""2026-07-24""}, {""texto"": ""Atendimento excelente e produto de primeira qualidade."", ""rating"": 5, ""data"": ""2026-06-06""}]","estúdio,alta-qualidade,versatilidade,cristalino","{""Frequência"": ""28-12509 Hz"", ""Impedância"": ""93 Ohm"", ""Sensibilidade"": ""110 dB"", ""Conexão"": ""RCA""}",Borges,SEN-EQUI-0350,ativo,2026-09-17
351,Rode Compressor de Áudio,Equipamentos de Áudio,Rode,"Equipamento profissional Compressor de Áudio de alta qualidade para produção musical. Oferece som cristalino e performance confiável em qualquer ambiente. Ideal para estúdios, salas de concerto e casas de shows. Construído com tecnologia de ponta e componentes de qualidade superior. Recomendado por engenheiros de som e produtores musicais. Garante excelentes resultados em gravações e apresentações.Produto original com nota fiscal e garantia de fábrica.  Excelente custo-benefício.  Suporte técnico disponível 24/7.  Fácil de usar e manter. ",559.02,48,3.6,138,"[{""texto"": ""Atendimento excelente e produto de primeira qualidade."", ""rating"": 4, ""data"": ""2026-06-16""}, {""texto"": ""Suporte técnico muito responsivo e atencioso."", ""rating"": 5, ""data"": ""2026-05-27""}]","cristalino,profissional,confiável","{""Frequência"": ""52-17850 Hz"", ""Impedância"": ""140 Ohm"", ""Sensibilidade"": ""95 dB"", ""Conexão"": ""3.5mm""}",Teixeira,ROD-EQUI-0351,ativo,2026-07-12
352,Universal Audio Reverberador,Equipamentos de Áudio,Universal Audio,"Equipamento profissional Reverberador de alta qualidade para produção musical. Oferece som cristalino e performance confiável em qualquer ambiente. Ideal para estúdios, salas de concerto e casas de shows. Construído com tecnologia de ponta e componentes de qualidade superior. Recomendado por engenheiros de som e produtores musicais. Garante excelentes resultados em gravações e apresentações.Fácil de usar e manter.  Marca: Universal Audio.  Suporte técnico disponível 24/7.  Oferece compatibilidade com múltiplos sistemas operacionais. ",240.53,24,4.3,74,"[{""texto"": ""Recomendo fortemente. Melhor compra do ano!"", ""rating"": 5, ""data"": ""2026-04-20""}, {""texto"": ""Recomendo fortemente. Melhor compra do ano!"", ""rating"": 5, ""data"": ""2026-09-23""}]","estúdio,profissional,alta-qualidade","{""Frequência"": ""32-10750 Hz"", ""Impedância"": ""198 Ohm"", ""Sensibilidade"": ""97 dB"", ""Conexão"": ""Bluetooth""}",das Neves - EI,UNI-EQUI-0352,ativo,2026-01-05
353,Neumann Microfone Condensador,Equipamentos de Áudio,Neumann,"Equipamento profissional Microfone Condensador de alta qualidade para produção musical. Oferece som cristalino e performance confiável em qualquer ambiente. Ideal para estúdios, salas de concerto e casas de shows. Construído com tecnologia de ponta e componentes de qualidade superior. Recomendado por engenheiros de som e produtores musicais. Garante excelentes resultados em gravações e apresentações.Recomendado por especialistas da área.  Excelente custo-benefício.  Inclui manual de instruções detalhado em português.  Produto original com nota fiscal e garantia de fábrica. ",658.63,47,4.4,189,"[{""texto"": ""Suporte técnico muito responsivo e atencioso."", ""rating"": 4, ""data"": ""2026-08-09""}, {""texto"": ""Profissional, durável e confiável. Muito bom!"", ""rating"": 4, ""data"": ""2026-06-05""}, {""texto"": ""Produto confiável para uso contínuo."", ""rating"": 5, ""data"": ""2026-04-11""}, {""texto"": ""Suporte técnico muito responsivo e atencioso."", ""rating"": 4, ""data"": ""2026-09-08""}, {""texto"": ""Produto confiável para uso contínuo."", ""rating"": 5, ""data"": ""2026-06-05""}]","tecnologia-ponta,profissional,engenheiros-recomenda","{""Frequência"": ""22-17378 Hz"", ""Impedância"": ""367 Ohm"", ""Sensibilidade"": ""104 dB"", ""Conexão"": ""RCA""}",das Neves Jesus S.A.,NEU-EQUI-0353,ativo,2025-10-05
354,Focusrite Equalizador Gráfico,Equipamentos de Áudio,Focusrite,"Equipamento profissional Equalizador Gráfico de alta qualidade para produção musical. Oferece som cristalino e performance confiável em qualquer ambiente. Ideal para estúdios, salas de concerto e casas de shows. Construído com tecnologia de ponta e componentes de qualidade superior. Recomendado por engenheiros de som e produtores musicais. Garante excelentes resultados em gravações e apresentações.Testado rigorosamente antes do envio.  Fácil de usar e manter.  Excelente custo-benefício.  Produto original com nota fiscal e garantia de fábrica.  Inclui manual de instruções detalhado em português.  Marca: Focusrite. ",2007.0,49,4.8,180,"[{""texto"": ""Compatibilidade perfeita com meus equipamentos."", ""rating"": 4, ""data"": ""2026-07-21""}, {""texto"": ""Profissional, durável e confiável. Muito bom!"", ""rating"": 4, ""data"": ""2026-04-12""}, {""texto"": ""Compatibilidade perfeita com meus equipamentos."", ""rating"": 5, ""data"": ""2026-04-16""}, {""texto"": ""Qualidade premium, recomendo para todos os músicos."", ""rating"": 5, ""data"": ""2026-03-30""}]","precisão,cristalino,premium,estúdio,engenheiros-recomenda","{""Frequência"": ""87-18759 Hz"", ""Impedância"": ""395 Ohm"", ""Sensibilidade"": ""99 dB"", ""Conexão"": ""XLR""}",Carvalho Oliveira - ME,FOC-EQUI-0354,ativo,2025-11-12
355,Audio-Technica Isolador Acústico,Equipamentos de Áudio,Audio-Technica,"Equipamento profissional Isolador Acústico de alta qualidade para produção musical. Oferece som cristalino e performance confiável em qualquer ambiente. Ideal para estúdios, salas de concerto e casas de shows. Construído com tecnologia de ponta e componentes de qualidade superior. Recomendado por engenheiros de som e produtores musicais. Garante excelentes resultados em gravações e apresentações.Excelente custo-benefício.  Desempenho consistente e confiável.  Recomendado por especialistas da área.  Inclui manual de instruções detalhado em português.  Produto original com nota fiscal e garantia de fábrica.  Fácil de usar e manter. ",1037.42,14,5.0,80,"[{""texto"": ""Perfeito para estúdio e apresentações. Ótimo custo-benefício."", ""rating"": 5, ""data"": ""2026-03-30""}, {""texto"": ""Suporte técnico muito responsivo e atencioso."", ""rating"": 5, ""data"": ""2026-07-29""}, {""texto"": ""Perfeito para estúdio e apresentações. Ótimo custo-benefício."", ""rating"": 4, ""data"": ""2026-08-16""}, {""texto"": ""Investimento que vale a pena. Produto de alta qualidade."", ""rating"": 5, ""data"": ""2026-08-14""}, {""texto"": ""Profissional, durável e confiável. Muito bom!"", ""rating"": 4, ""data"": ""2026-05-18""}]","cristalino,tecnologia-ponta,versatilidade,alta-qualidade,profissional,confiável","{""Frequência"": ""79-18367 Hz"", ""Impedância"": ""225 Ohm"", ""Sensibilidade"": ""101 dB"", ""Conexão"": ""RCA""}",das Neves,AUD-EQUI-0355,ativo,2026-04-19
356,Sony Compressor de Áudio,Equipamentos de Áudio,Sony,"Equipamento profissional Compressor de Áudio de alta qualidade para produção musical. Oferece som cristalino e performance confiável em qualquer ambiente. Ideal para estúdios, salas de concerto e casas de shows. Construído com tecnologia de ponta e componentes de qualidade superior. Recomendado por engenheiros de som e produtores musicais. Garante excelentes resultados em gravações e apresentações.Inclui manual de instruções detalhado em português.  Produto original com nota fiscal e garantia de fábrica.  Testado rigorosamente antes do envio.  Suporte técnico disponível 24/7.  Excelente custo-benefício.  Marca: Sony. ",2035.96,99,4.9,120,"[{""texto"": ""Recomendo fortemente. Melhor compra do ano!"", ""rating"": 5, ""data"": ""2026-09-20""}, {""texto"": ""Sonho realizado! Superou minhas expectativas."", ""rating"": 5, ""data"": ""2026-05-05""}, {""texto"": ""Sonho realizado! Superou minhas expectativas."", ""rating"": 5, ""data"": ""2026-09-19""}]","versatilidade,alta-qualidade,estúdio,cristalino,profissional","{""Frequência"": ""35-16926 Hz"", ""Impedância"": ""407 Ohm"", ""Sensibilidade"": ""82 dB"", ""Conexão"": ""USB""}",Fonseca - ME,SON-EQUI-0356,ativo,2026-03-18
357,Neumann Alto-Falante Ativo,Equipamentos de Áudio,Neumann,"Equipamento profissional Alto-Falante Ativo de alta qualidade para produção musical. Oferece som cristalino e performance confiável em qualquer ambiente. Ideal para estúdios, salas de concerto e casas de shows. Construído com tecnologia de ponta e componentes de qualidade superior. Recomendado por engenheiros de som e produtores musicais. Garante excelentes resultados em gravações e apresentações.Marca: Neumann.  Excelente custo-benefício.  Suporte técnico disponível 24/7.  Inclui manual de instruções detalhado em português. ",1515.52,72,4.5,16,"[{""texto"": ""Excelente relação qualidade-preço."", ""rating"": 4, ""data"": ""2026-06-15""}, {""texto"": ""Produto excelente, chegou rápido e bem embalado."", ""rating"": 5, ""data"": ""2026-08-01""}, {""texto"": ""Atendimento excelente e produto de primeira qualidade."", ""rating"": 5, ""data"": ""2026-08-21""}, {""texto"": ""Construção sólida, som cristalino e resposta rápida."", ""rating"": 5, ""data"": ""2026-06-28""}, {""texto"": ""Perfeito para estúdio e apresentações. Ótimo custo-benefício."", ""rating"": 4, ""data"": ""2026-08-31""}]","precisão,versatilidade,cristalino,confiável,premium","{""Frequência"": ""31-15536 Hz"", ""Impedância"": ""226 Ohm"", ""Sensibilidade"": ""90 dB"", ""Conexão"": ""Bluetooth""}",Cunha S/A,NEU-EQUI-0357,ativo,2026-05-06
358,Universal Audio Fone Estéreo,Equipamentos de Áudio,Universal Audio,"Equipamento profissional Fone Estéreo de alta qualidade para produção musical. Oferece som cristalino e performance confiável em qualquer ambiente. Ideal para estúdios, salas de concerto e casas de shows. Construído com tecnologia de ponta e componentes de qualidade superior. Recomendado por engenheiros de som e produtores musicais. Garante excelentes resultados em gravações e apresentações.Marca: Universal Audio.  Testado rigorosamente antes do envio.  Oferece compatibilidade com múltiplos sistemas operacionais.  Desempenho consistente e confiável. ",565.19,45,4.6,90,"[{""texto"": ""Produto confiável para uso contínuo."", ""rating"": 5, ""data"": ""2026-07-30""}, {""texto"": ""Produto excelente, chegou rápido e bem embalado."", ""rating"": 4, ""data"": ""2026-09-21""}]","tecnologia-ponta,confiável,premium,cristalino","{""Frequência"": ""98-19456 Hz"", ""Impedância"": ""536 Ohm"", ""Sensibilidade"": ""109 dB"", ""Conexão"": ""XLR""}",Cavalcante - EI,UNI-EQUI-0358,ativo,2025-10-03
359,Technics Interface Thunderbolt,Equipamentos de Áudio,Technics,"Equipamento profissional Interface Thunderbolt de alta qualidade para produção musical. Oferece som cristalino e performance confiável em qualquer ambiente. Ideal para estúdios, salas de concerto e casas de shows. Construído com tecnologia de ponta e componentes de qualidade superior. Recomendado por engenheiros de som e produtores musicais. Garante excelentes resultados em gravações e apresentações.Testado rigorosamente antes do envio.  Suporte técnico disponível 24/7.  Fácil de usar e manter.  Excelente custo-benefício. ",415.29,95,4.5,193,"[{""texto"": ""Excelente relação qualidade-preço."", ""rating"": 4, ""data"": ""2026-08-10""}, {""texto"": ""Ideal para profissionais e iniciantes. Muito versátil."", ""rating"": 5, ""data"": ""2026-09-24""}, {""texto"": ""Ideal para profissionais e iniciantes. Muito versátil."", ""rating"": 5, ""data"": ""2026-05-16""}, {""texto"": ""Ideal para profissionais e iniciantes. Muito versátil."", ""rating"": 4, ""data"": ""2026-08-15""}]","confiável,estúdio,engenheiros-recomenda,cristalino","{""Frequência"": ""65-17460 Hz"", ""Impedância"": ""530 Ohm"", ""Sensibilidade"": ""109 dB"", ""Conexão"": ""XLR""}",Cassiano S/A,TEC-EQUI-0359,ativo,2026-03-18
360,Presonus Fone In-Ear,Equipamentos de Áudio,Presonus,"Equipamento profissional Fone In-Ear de alta qualidade para produção musical. Oferece som cristalino e performance confiável em qualquer ambiente. Ideal para estúdios, salas de concerto e casas de shows. Construído com tecnologia de ponta e componentes de qualidade superior. Recomendado por engenheiros de som e produtores musicais. Garante excelentes resultados em gravações e apresentações.Recomendado por especialistas da área.  Fácil de usar e manter.  Produto original com nota fiscal e garantia de fábrica.  Oferece compatibilidade com múltiplos sistemas operacionais.  Marca: Presonus. ",2419.07,4,3.7,32,"[{""texto"": ""Qualidade premium, recomendo para todos os músicos."", ""rating"": 4, ""data"": ""2026-09-10""}, {""texto"": ""Qualidade premium, recomendo para todos os músicos."", ""rating"": 5, ""data"": ""2026-05-13""}]","precisão,profissional,engenheiros-recomenda,premium","{""Frequência"": ""45-16075 Hz"", ""Impedância"": ""201 Ohm"", ""Sensibilidade"": ""103 dB"", ""Conexão"": ""XLR""}",Vargas - ME,PRE-EQUI-0360,ativo,2026-04-19
361,Behringer Interface Thunderbolt,Equipamentos de Áudio,Behringer,"Equipamento profissional Interface Thunderbolt de alta qualidade para produção musical. Oferece som cristalino e performance confiável em qualquer ambiente. Ideal para estúdios, salas de concerto e casas de shows. Construído com tecnologia de ponta e componentes de qualidade superior. Recomendado por engenheiros de som e produtores musicais. Garante excelentes resultados em gravações e apresentações.Suporte técnico disponível 24/7.  Testado rigorosamente antes do envio.  Excelente custo-benefício.  Produto original com nota fiscal e garantia de fábrica. ",711.4,75,4.5,39,"[{""texto"": ""Suporte técnico muito responsivo e atencioso."", ""rating"": 5, ""data"": ""2026-07-28""}, {""texto"": ""Embalagem profissional, produto impecável."", ""rating"": 4, ""data"": ""2026-05-17""}, {""texto"": ""Recomendo fortemente. Melhor compra do ano!"", ""rating"": 4, ""data"": ""2026-06-25""}, {""texto"": ""Produto excelente, chegou rápido e bem embalado."", ""rating"": 5, ""data"": ""2026-05-18""}, {""texto"": ""Atendimento excelente e produto de primeira qualidade."", ""rating"": 4, ""data"": ""2026-04-09""}]","premium,confiável,profissional,precisão,estúdio,tecnologia-ponta","{""Frequência"": ""84-12909 Hz"", ""Impedância"": ""88 Ohm"", ""Sensibilidade"": ""104 dB"", ""Conexão"": ""3.5mm""}",Porto,BEH-EQUI-0361,ativo,2025-12-03
362,Shure Interface de Áudio USB,Equipamentos de Áudio,Shure,"Equipamento profissional Interface de Áudio USB de alta qualidade para produção musical. Oferece som cristalino e performance confiável em qualquer ambiente. Ideal para estúdios, salas de concerto e casas de shows. Construído com tecnologia de ponta e componentes de qualidade superior. Recomendado por engenheiros de som e produtores musicais. Garante excelentes resultados em gravações e apresentações.Inclui manual de instruções detalhado em português.  Testado rigorosamente antes do envio.  Recomendado por especialistas da área.  Marca: Shure.  Oferece compatibilidade com múltiplos sistemas operacionais. ",719.0,5,4.9,182,"[{""texto"": ""Perfeito para estúdio e apresentações. Ótimo custo-benefício."", ""rating"": 4, ""data"": ""2026-07-28""}, {""texto"": ""Sonho realizado! Superou minhas expectativas."", ""rating"": 5, ""data"": ""2026-04-24""}, {""texto"": ""Suporte técnico muito responsivo e atencioso."", ""rating"": 4, ""data"": ""2026-07-05""}]","estúdio,confiável,alta-qualidade,versatilidade,premium","{""Frequência"": ""28-10131 Hz"", ""Impedância"": ""84 Ohm"", ""Sensibilidade"": ""106 dB"", ""Conexão"": ""Bluetooth""}",Montenegro,SHU-EQUI-0362,ativo,2026-04-18
363,Behringer Fone In-Ear,Equipamentos de Áudio,Behringer,"Equipamento profissional Fone In-Ear de alta qualidade para produção musical. Oferece som cristalino e performance confiável em qualquer ambiente. Ideal para estúdios, salas de concerto e casas de shows. Construído com tecnologia de ponta e componentes de qualidade superior. Recomendado por engenheiros de som e produtores musicais. Garante excelentes resultados em gravações e apresentações.Produto original com nota fiscal e garantia de fábrica.  Testado rigorosamente antes do envio.  Fácil de usar e manter.  Recomendado por especialistas da área. ",2588.75,3,4.5,27,"[{""texto"": ""Sonho realizado! Superou minhas expectativas."", ""rating"": 5, ""data"": ""2026-08-27""}, {""texto"": ""Suporte técnico muito responsivo e atencioso."", ""rating"": 4, ""data"": ""2026-05-14""}, {""texto"": ""Excelente relação qualidade-preço."", ""rating"": 4, ""data"": ""2026-07-19""}, {""texto"": ""Suporte técnico muito responsivo e atencioso."", ""rating"": 4, ""data"": ""2026-08-13""}, {""texto"": ""Recomendo fortemente. Melhor compra do ano!"", ""rating"": 5, ""data"": ""2026-09-20""}]","estúdio,precisão,profissional,tecnologia-ponta,cristalino,confiável","{""Frequência"": ""79-18743 Hz"", ""Impedância"": ""489 Ohm"", ""Sensibilidade"": ""107 dB"", ""Conexão"": ""RCA""}",Nunes Correia S/A,BEH-EQUI-0363,ativo,2026-06-10
364,Technics Reverberador,Equipamentos de Áudio,Technics,"Equipamento profissional Reverberador de alta qualidade para produção musical. Oferece som cristalino e performance confiável em qualquer ambiente. Ideal para estúdios, salas de concerto e casas de shows. Construído com tecnologia de ponta e componentes de qualidade superior. Recomendado por engenheiros de som e produtores musicais. Garante excelentes resultados em gravações e apresentações.Testado rigorosamente antes do envio.  Produto original com nota fiscal e garantia de fábrica.  Excelente custo-benefício.  Desempenho consistente e confiável. ",1285.51,17,4.3,89,"[{""texto"": ""Suporte técnico muito responsivo e atencioso."", ""rating"": 4, ""data"": ""2026-08-15""}, {""texto"": ""Suporte técnico muito responsivo e atencioso."", ""rating"": 5, ""data"": ""2026-06-13""}, {""texto"": ""Atendimento excelente e produto de primeira qualidade."", ""rating"": 4, ""data"": ""2026-09-07""}]","profissional,premium,versatilidade,engenheiros-recomenda,precisão,tecnologia-ponta","{""Frequência"": ""66-11180 Hz"", ""Impedância"": ""233 Ohm"", ""Sensibilidade"": ""92 dB"", ""Conexão"": ""3.5mm""}",Pereira S/A,TEC-EQUI-0364,inativo,2026-04-06
365,Yamaha Equalizador Gráfico,Equipamentos de Áudio,Yamaha,"Equipamento profissional Equalizador Gráfico de alta qualidade para produção musical. Oferece som cristalino e performance confiável em qualquer ambiente. Ideal para estúdios, salas de concerto e casas de shows. Construído com tecnologia de ponta e componentes de qualidade superior. Recomendado por engenheiros de som e produtores musicais. Garante excelentes resultados em gravações e apresentações.Recomendado por especialistas da área.  Oferece compatibilidade com múltiplos sistemas operacionais.  Desempenho consistente e confiável.  Fácil de usar e manter.  Produto original com nota fiscal e garantia de fábrica.  Marca: Yamaha. ",1616.13,34,4.8,174,"[{""texto"": ""Excelente relação qualidade-preço."", ""rating"": 4, ""data"": ""2026-04-12""}, {""texto"": ""Produto excelente, chegou rápido e bem embalado."", ""rating"": 5, ""data"": ""2026-04-25""}, {""texto"": ""Recomendo fortemente. Melhor compra do ano!"", ""rating"": 4, ""data"": ""2026-07-16""}]","alta-qualidade,profissional,precisão,engenheiros-recomenda","{""Frequência"": ""53-11369 Hz"", ""Impedância"": ""542 Ohm"", ""Sensibilidade"": ""80 dB"", ""Conexão"": ""3.5mm""}",Correia Ltda.,YAM-EQUI-0365,ativo,2025-09-27
366,Rode Processador de Efeitos,Equipamentos de Áudio,Rode,"Equipamento profissional Processador de Efeitos de alta qualidade para produção musical. Oferece som cristalino e performance confiável em qualquer ambiente. Ideal para estúdios, salas de concerto e casas de shows. Construído com tecnologia de ponta e componentes de qualidade superior. Recomendado por engenheiros de som e produtores musicais. Garante excelentes resultados em gravações e apresentações.Excelente custo-benefício.  Suporte técnico disponível 24/7.  Marca: Rode.  Recomendado por especialistas da área.  Testado rigorosamente antes do envio.  Fácil de usar e manter. ",641.73,77,4.7,198,"[{""texto"": ""Suporte técnico muito responsivo e atencioso."", ""rating"": 4, ""data"": ""2026-09-12""}, {""texto"": ""Profissional, durável e confiável. Muito bom!"", ""rating"": 5, ""data"": ""2026-09-23""}]","precisão,profissional,tecnologia-ponta,estúdio,confiável","{""Frequência"": ""46-17206 Hz"", ""Impedância"": ""466 Ohm"", ""Sensibilidade"": ""102 dB"", ""Conexão"": ""3.5mm""}",Santos Cavalcante - EI,ROD-EQUI-0366,ativo,2026-06-29
367,Technics Processador de Efeitos,Equipamentos de Áudio,Technics,"Equipamento profissional Processador de Efeitos de alta qualidade para produção musical. Oferece som cristalino e performance confiável em qualquer ambiente. Ideal para estúdios, salas de concerto e casas de shows. Construído com tecnologia de ponta e componentes de qualidade superior. Recomendado por engenheiros de som e produtores musicais. Garante excelentes resultados em gravações e apresentações.Recomendado por especialistas da área.  Excelente custo-benefício.  Marca: Technics.  Testado rigorosamente antes do envio. ",1601.29,15,3.6,153,"[{""texto"": ""Construção sólida, som cristalino e resposta rápida."", ""rating"": 5, ""data"": ""2026-08-05""}, {""texto"": ""Sonho realizado! Superou minhas expectativas."", ""rating"": 5, ""data"": ""2026-06-25""}, {""texto"": ""Compatibilidade perfeita com meus equipamentos."", ""rating"": 4, ""data"": ""2026-09-11""}]","cristalino,estúdio,precisão,engenheiros-recomenda,profissional","{""Frequência"": ""51-11835 Hz"", ""Impedância"": ""106 Ohm"", ""Sensibilidade"": ""99 dB"", ""Conexão"": ""XLR""}",Rodrigues S.A.,TEC-EQUI-0367,ativo,2025-10-27
368,Audio-Technica Microfone USB,Equipamentos de Áudio,Audio-Technica,"Equipamento profissional Microfone USB de alta qualidade para produção musical. Oferece som cristalino e performance confiável em qualquer ambiente. Ideal para estúdios, salas de concerto e casas de shows. Construído com tecnologia de ponta e componentes de qualidade superior. Recomendado por engenheiros de som e produtores musicais. Garante excelentes resultados em gravações e apresentações.Produto original com nota fiscal e garantia de fábrica.  Excelente custo-benefício.  Suporte técnico disponível 24/7.  Fácil de usar e manter. ",1042.14,46,4.2,54,"[{""texto"": ""Suporte técnico muito responsivo e atencioso."", ""rating"": 4, ""data"": ""2026-05-16""}, {""texto"": ""Suporte técnico muito responsivo e atencioso."", ""rating"": 5, ""data"": ""2026-04-17""}, {""texto"": ""Compatibilidade perfeita com meus equipamentos."", ""rating"": 5, ""data"": ""2026-07-04""}, {""texto"": ""Construção sólida, som cristalino e resposta rápida."", ""rating"": 5, ""data"": ""2026-08-25""}]","premium,profissional,versatilidade","{""Frequência"": ""60-11774 Hz"", ""Impedância"": ""375 Ohm"", ""Sensibilidade"": ""99 dB"", ""Conexão"": ""3.5mm""}",Azevedo,AUD-EQUI-0368,ativo,2026-01-28
369,Behringer Interface de Áudio USB,Equipamentos de Áudio,Behringer,"Equipamento profissional Interface de Áudio USB de alta qualidade para produção musical. Oferece som cristalino e performance confiável em qualquer ambiente. Ideal para estúdios, salas de concerto e casas de shows. Construído com tecnologia de ponta e componentes de qualidade superior. Recomendado por engenheiros de som e produtores musicais. Garante excelentes resultados em gravações e apresentações.Excelente custo-benefício.  Marca: Behringer.  Suporte técnico disponível 24/7.  Desempenho consistente e confiável. ",2694.77,61,4.3,119,"[{""texto"": ""Investimento que vale a pena. Produto de alta qualidade."", ""rating"": 5, ""data"": ""2026-09-18""}, {""texto"": ""Embalagem profissional, produto impecável."", ""rating"": 4, ""data"": ""2026-05-18""}]","precisão,cristalino,estúdio","{""Frequência"": ""65-12320 Hz"", ""Impedância"": ""485 Ohm"", ""Sensibilidade"": ""88 dB"", ""Conexão"": ""Bluetooth""}",Abreu Costa - ME,BEH-EQUI-0369,ativo,2026-03-06
370,Yamaha Amplificador de Potência,Equipamentos de Áudio,Yamaha,"Equipamento profissional Amplificador de Potência de alta qualidade para produção musical. Oferece som cristalino e performance confiável em qualquer ambiente. Ideal para estúdios, salas de concerto e casas de shows. Construído com tecnologia de ponta e componentes de qualidade superior. Recomendado por engenheiros de som e produtores musicais. Garante excelentes resultados em gravações e apresentações.Oferece compatibilidade com múltiplos sistemas operacionais.  Testado rigorosamente antes do envio.  Excelente custo-benefício.  Marca: Yamaha.  Inclui manual de instruções detalhado em português.  Produto original com nota fiscal e garantia de fábrica. ",1335.59,6,4.7,144,"[{""texto"": ""Produto excelente, chegou rápido e bem embalado."", ""rating"": 4, ""data"": ""2026-06-13""}, {""texto"": ""Produto excelente, chegou rápido e bem embalado."", ""rating"": 4, ""data"": ""2026-07-20""}]","tecnologia-ponta,versatilidade,cristalino","{""Frequência"": ""39-11950 Hz"", ""Impedância"": ""485 Ohm"", ""Sensibilidade"": ""87 dB"", ""Conexão"": ""3.5mm""}",Nogueira,YAM-EQUI-0370,ativo,2025-10-13
371,Shure Equalizador Gráfico,Equipamentos de Áudio,Shure,"Equipamento profissional Equalizador Gráfico de alta qualidade para produção musical. Oferece som cristalino e performance confiável em qualquer ambiente. Ideal para estúdios, salas de concerto e casas de shows. Construído com tecnologia de ponta e componentes de qualidade superior. Recomendado por engenheiros de som e produtores musicais. Garante excelentes resultados em gravações e apresentações.Excelente custo-benefício.  Desempenho consistente e confiável.  Fácil de usar e manter.  Produto original com nota fiscal e garantia de fábrica.  Marca: Shure. ",823.18,91,4.5,12,"[{""texto"": ""Atendimento excelente e produto de primeira qualidade."", ""rating"": 4, ""data"": ""2026-07-03""}, {""texto"": ""Produto excelente, chegou rápido e bem embalado."", ""rating"": 4, ""data"": ""2026-06-05""}, {""texto"": ""Investimento que vale a pena. Produto de alta qualidade."", ""rating"": 5, ""data"": ""2026-03-30""}, {""texto"": ""Suporte técnico muito responsivo e atencioso."", ""rating"": 4, ""data"": ""2026-04-19""}]","confiável,alta-qualidade,precisão,profissional","{""Frequência"": ""97-19869 Hz"", ""Impedância"": ""281 Ohm"", ""Sensibilidade"": ""103 dB"", ""Conexão"": ""RCA""}",Oliveira S.A.,SHU-EQUI-0371,ativo,2026-05-04
372,Behringer Microfone Dinâmico,Equipamentos de Áudio,Behringer,"Equipamento profissional Microfone Dinâmico de alta qualidade para produção musical. Oferece som cristalino e performance confiável em qualquer ambiente. Ideal para estúdios, salas de concerto e casas de shows. Construído com tecnologia de ponta e componentes de qualidade superior. Recomendado por engenheiros de som e produtores musicais. Garante excelentes resultados em gravações e apresentações.Oferece compatibilidade com múltiplos sistemas operacionais.  Fácil de usar e manter.  Inclui manual de instruções detalhado em português.  Testado rigorosamente antes do envio.  Marca: Behringer. ",2036.08,92,4.7,47,"[{""texto"": ""Produto excelente, chegou rápido e bem embalado."", ""rating"": 4, ""data"": ""2026-07-16""}, {""texto"": ""Construção sólida, som cristalino e resposta rápida."", ""rating"": 5, ""data"": ""2026-08-04""}, {""texto"": ""Produto excelente, chegou rápido e bem embalado."", ""rating"": 4, ""data"": ""2026-07-30""}, {""texto"": ""Qualidade premium, recomendo para todos os músicos."", ""rating"": 4, ""data"": ""2026-08-16""}]","engenheiros-recomenda,versatilidade,precisão,cristalino","{""Frequência"": ""48-12877 Hz"", ""Impedância"": ""147 Ohm"", ""Sensibilidade"": ""101 dB"", ""Conexão"": ""USB""}",Sales,BEH-EQUI-0372,ativo,2026-01-23
373,Shure Microfone USB,Equipamentos de Áudio,Shure,"Equipamento profissional Microfone USB de alta qualidade para produção musical. Oferece som cristalino e performance confiável em qualquer ambiente. Ideal para estúdios, salas de concerto e casas de shows. Construído com tecnologia de ponta e componentes de qualidade superior. Recomendado por engenheiros de som e produtores musicais. Garante excelentes resultados em gravações e apresentações.Oferece compatibilidade com múltiplos sistemas operacionais.  Recomendado por especialistas da área.  Marca: Shure.  Inclui manual de instruções detalhado em português.  Testado rigorosamente antes do envio. ",1773.53,4,4.1,79,"[{""texto"": ""Profissional, durável e confiável. Muito bom!"", ""rating"": 5, ""data"": ""2026-07-12""}, {""texto"": ""Sonho realizado! Superou minhas expectativas."", ""rating"": 5, ""data"": ""2026-05-18""}, {""texto"": ""Investimento que vale a pena. Produto de alta qualidade."", ""rating"": 4, ""data"": ""2026-04-01""}]","precisão,engenheiros-recomenda,estúdio","{""Frequência"": ""76-19077 Hz"", ""Impedância"": ""83 Ohm"", ""Sensibilidade"": ""93 dB"", ""Conexão"": ""3.5mm""}",Vasconcelos Ltda.,SHU-EQUI-0373,ativo,2026-04-29
374,Focusrite Amplificador de Potência,Equipamentos de Áudio,Focusrite,"Equipamento profissional Amplificador de Potência de alta qualidade para produção musical. Oferece som cristalino e performance confiável em qualquer ambiente. Ideal para estúdios, salas de concerto e casas de shows. Construído com tecnologia de ponta e componentes de qualidade superior. Recomendado por engenheiros de som e produtores musicais. Garante excelentes resultados em gravações e apresentações.Produto original com nota fiscal e garantia de fábrica.  Testado rigorosamente antes do envio.  Marca: Focusrite.  Fácil de usar e manter.  Recomendado por especialistas da área. ",1001.81,11,4.8,81,"[{""texto"": ""Recomendo fortemente. Melhor compra do ano!"", ""rating"": 4, ""data"": ""2026-04-07""}, {""texto"": ""Sonho realizado! Superou minhas expectativas."", ""rating"": 5, ""data"": ""2026-06-01""}]","engenheiros-recomenda,cristalino,profissional,alta-qualidade","{""Frequência"": ""48-14528 Hz"", ""Impedância"": ""335 Ohm"", ""Sensibilidade"": ""81 dB"", ""Conexão"": ""XLR""}",Moreira,FOC-EQUI-0374,ativo,2025-10-16
375,Neumann Processador de Efeitos,Equipamentos de Áudio,Neumann,"Equipamento profissional Processador de Efeitos de alta qualidade para produção musical. Oferece som cristalino e performance confiável em qualquer ambiente. Ideal para estúdios, salas de concerto e casas de shows. Construído com tecnologia de ponta e componentes de qualidade superior. Recomendado por engenheiros de som e produtores musicais. Garante excelentes resultados em gravações e apresentações.Inclui manual de instruções detalhado em português.  Fácil de usar e manter.  Testado rigorosamente antes do envio.  Recomendado por especialistas da área. ",733.56,0,4.6,163,"[{""texto"": ""Produto excelente, chegou rápido e bem embalado."", ""rating"": 5, ""data"": ""2026-04-26""}, {""texto"": ""Investimento que vale a pena. Produto de alta qualidade."", ""rating"": 5, ""data"": ""2026-09-17""}, {""texto"": ""Profissional, durável e confiável. Muito bom!"", ""rating"": 5, ""data"": ""2026-05-09""}]","confiável,estúdio,tecnologia-ponta","{""Frequência"": ""79-10966 Hz"", ""Impedância"": ""53 Ohm"", ""Sensibilidade"": ""104 dB"", ""Conexão"": ""3.5mm""}",Ramos Nunes Ltda.,NEU-EQUI-0375,ativo,2026-03-29
376,Bitwig Editor de Áudio,Software Musical,Bitwig,"Software musical profissional Editor de Áudio com recursos avançados de produção. Oferece ferramentas poderosas para compositores e produtores. Interface intuitiva e compatível com diversos formatos. Perfeito para criação, edição e masterização de áudio. Suporte técnico e atualizações contínuas. Recomendado pela comunidade musical internacional.Produto original com nota fiscal e garantia de fábrica.  Excelente custo-benefício.  Suporte técnico disponível 24/7.  Recomendado por especialistas da área.  Fácil de usar e manter. ",362.21,96,3.7,84,"[{""texto"": ""Produto confiável para uso contínuo."", ""rating"": 4, ""data"": ""2026-08-14""}, {""texto"": ""Recomendo fortemente. Melhor compra do ano!"", ""rating"": 5, ""data"": ""2026-07-06""}]","produção,profissional,intuitivo,gravação","{""Sistema"": ""Cloud"", ""Processamento"": ""230 bit"", ""Taxa de Amostragem"": ""até 58 kHz"", ""Licença"": ""Anual""}",Castro e Filhos,BIT-SOFT-0376,ativo,2026-08-28
377,Ableton Acordeador Automático,Software Musical,Ableton,"Software musical profissional Acordeador Automático com recursos avançados de produção. Oferece ferramentas poderosas para compositores e produtores. Interface intuitiva e compatível com diversos formatos. Perfeito para criação, edição e masterização de áudio. Suporte técnico e atualizações contínuas. Recomendado pela comunidade musical internacional.Marca: Ableton.  Fácil de usar e manter.  Inclui manual de instruções detalhado em português.  Excelente custo-benefício. ",146.59,41,4.2,92,"[{""texto"": ""Atendimento excelente e produto de primeira qualidade."", ""rating"": 5, ""data"": ""2026-06-18""}, {""texto"": ""Embalagem profissional, produto impecável."", ""rating"": 5, ""data"": ""2026-09-18""}, {""texto"": ""Profissional, durável e confiável. Muito bom!"", ""rating"": 5, ""data"": ""2026-05-12""}, {""texto"": ""Profissional, durável e confiável. Muito bom!"", ""rating"": 5, ""data"": ""2026-05-12""}]","análise-espectral,intuitivo,profissional,masterização,edição,poderoso","{""Sistema"": ""Windows/Mac/Linux"", ""Processamento"": ""86 bit"", ""Taxa de Amostragem"": ""até 44 kHz"", ""Licença"": ""Perpétua""}",Cardoso,ABL-SOFT-0377,ativo,2026-07-30
378,Studio One Biblioteca de Samples,Software Musical,Studio One,"Software musical profissional Biblioteca de Samples com recursos avançados de produção. Oferece ferramentas poderosas para compositores e produtores. Interface intuitiva e compatível com diversos formatos. Perfeito para criação, edição e masterização de áudio. Suporte técnico e atualizações contínuas. Recomendado pela comunidade musical internacional.Fácil de usar e manter.  Recomendado por especialistas da área.  Testado rigorosamente antes do envio.  Suporte técnico disponível 24/7.  Produto original com nota fiscal e garantia de fábrica. ",74.87,40,4.0,125,"[{""texto"": ""Perfeito para estúdio e apresentações. Ótimo custo-benefício."", ""rating"": 4, ""data"": ""2026-06-12""}, {""texto"": ""Sonho realizado! Superou minhas expectativas."", ""rating"": 4, ""data"": ""2026-05-04""}, {""texto"": ""Embalagem profissional, produto impecável."", ""rating"": 5, ""data"": ""2026-04-03""}, {""texto"": ""Qualidade premium, recomendo para todos os músicos."", ""rating"": 5, ""data"": ""2026-08-24""}, {""texto"": ""Profissional, durável e confiável. Muito bom!"", ""rating"": 5, ""data"": ""2026-09-01""}]","gravação,edição,intuitivo","{""Sistema"": ""Cloud"", ""Processamento"": ""98 bit"", ""Taxa de Amostragem"": ""até 106 kHz"", ""Licença"": ""Anual""}",da Rosa Ltda.,STU-SOFT-0378,ativo,2025-10-03
379,Reason Biblioteca de Samples,Software Musical,Reason,"Software musical profissional Biblioteca de Samples com recursos avançados de produção. Oferece ferramentas poderosas para compositores e produtores. Interface intuitiva e compatível com diversos formatos. Perfeito para criação, edição e masterização de áudio. Suporte técnico e atualizações contínuas. Recomendado pela comunidade musical internacional.Excelente custo-benefício.  Marca: Reason.  Desempenho consistente e confiável.  Fácil de usar e manter. ",165.98,74,4.1,143,"[{""texto"": ""Sonho realizado! Superou minhas expectativas."", ""rating"": 4, ""data"": ""2026-08-17""}, {""texto"": ""Embalagem profissional, produto impecável."", ""rating"": 5, ""data"": ""2026-09-01""}, {""texto"": ""Atendimento excelente e produto de primeira qualidade."", ""rating"": 5, ""data"": ""2026-07-13""}, {""texto"": ""Compatibilidade perfeita com meus equipamentos."", ""rating"": 4, ""data"": ""2026-05-18""}, {""texto"": ""Produto excelente, chegou rápido e bem embalado."", ""rating"": 5, ""data"": ""2026-05-16""}]","intuitivo,análise-espectral,avançado,poderoso,profissional,compatível","{""Sistema"": ""Windows/Mac"", ""Processamento"": ""45 bit"", ""Taxa de Amostragem"": ""até 141 kHz"", ""Licença"": ""Perpétua""}",Camargo - EI,REA-SOFT-0379,ativo,2026-03-22
380,Ableton Sintetizador Software,Software Musical,Ableton,"Software musical profissional Sintetizador Software com recursos avançados de produção. Oferece ferramentas poderosas para compositores e produtores. Interface intuitiva e compatível com diversos formatos. Perfeito para criação, edição e masterização de áudio. Suporte técnico e atualizações contínuas. Recomendado pela comunidade musical internacional.Fácil de usar e manter.  Marca: Ableton.  Suporte técnico disponível 24/7.  Inclui manual de instruções detalhado em português.  Testado rigorosamente antes do envio. ",166.34,61,3.9,193,"[{""texto"": ""Recomendo fortemente. Melhor compra do ano!"", ""rating"": 5, ""data"": ""2026-08-13""}, {""texto"": ""Construção sólida, som cristalino e resposta rápida."", ""rating"": 4, ""data"": ""2026-05-03""}, {""texto"": ""Ideal para profissionais e iniciantes. Muito versátil."", ""rating"": 4, ""data"": ""2026-07-26""}, {""texto"": ""Excelente relação qualidade-preço."", ""rating"": 5, ""data"": ""2026-08-13""}]","profissional,compatível,edição,poderoso,avançado","{""Sistema"": ""Windows/Mac"", ""Processamento"": ""47 bit"", ""Taxa de Amostragem"": ""até 119 kHz"", ""Licença"": ""Anual""}",Nogueira,ABL-SOFT-0380,ativo,2026-09-18
381,Bitwig Metrônomo Digital,Software Musical,Bitwig,"Software musical profissional Metrônomo Digital com recursos avançados de produção. Oferece ferramentas poderosas para compositores e produtores. Interface intuitiva e compatível com diversos formatos. Perfeito para criação, edição e masterização de áudio. Suporte técnico e atualizações contínuas. Recomendado pela comunidade musical internacional.Produto original com nota fiscal e garantia de fábrica.  Suporte técnico disponível 24/7.  Recomendado por especialistas da área.  Marca: Bitwig.  Fácil de usar e manter.  Oferece compatibilidade com múltiplos sistemas operacionais. ",235.93,1,4.1,38,"[{""texto"": ""Ideal para profissionais e iniciantes. Muito versátil."", ""rating"": 5, ""data"": ""2026-08-19""}, {""texto"": ""Profissional, durável e confiável. Muito bom!"", ""rating"": 5, ""data"": ""2026-06-06""}, {""texto"": ""Qualidade premium, recomendo para todos os músicos."", ""rating"": 4, ""data"": ""2026-05-11""}]","poderoso,compatível,profissional,produção,gravação","{""Sistema"": ""Windows/Mac/Linux"", ""Processamento"": ""35 bit"", ""Taxa de Amostragem"": ""até 66 kHz"", ""Licença"": ""Anual""}",Gonçalves Montenegro e Filhos,BIT-SOFT-0381,ativo,2025-10-30
382,Reason Quantizador Automático,Software Musical,Reason,"Software musical profissional Quantizador Automático com recursos avançados de produção. Oferece ferramentas poderosas para compositores e produtores. Interface intuitiva e compatível com diversos formatos. Perfeito para criação, edição e masterização de áudio. Suporte técnico e atualizações contínuas. Recomendado pela comunidade musical internacional.Oferece compatibilidade com múltiplos sistemas operacionais.  Suporte técnico disponível 24/7.  Recomendado por especialistas da área.  Desempenho consistente e confiável.  Inclui manual de instruções detalhado em português.  Fácil de usar e manter. ",150.87,65,4.8,157,"[{""texto"": ""Ideal para profissionais e iniciantes. Muito versátil."", ""rating"": 4, ""data"": ""2026-08-07""}, {""texto"": ""Perfeito para estúdio e apresentações. Ótimo custo-benefício."", ""rating"": 4, ""data"": ""2026-08-23""}, {""texto"": ""Sonho realizado! Superou minhas expectativas."", ""rating"": 4, ""data"": ""2026-09-20""}]","intuitivo,produção,poderoso,edição,masterização,profissional","{""Sistema"": ""Windows/Mac"", ""Processamento"": ""211 bit"", ""Taxa de Amostragem"": ""até 170 kHz"", ""Licença"": ""Anual""}",Peixoto,REA-SOFT-0382,ativo,2026-04-12
383,Bitwig Looper Software,Software Musical,Bitwig,"Software musical profissional Looper Software com recursos avançados de produção. Oferece ferramentas poderosas para compositores e produtores. Interface intuitiva e compatível com diversos formatos. Perfeito para criação, edição e masterização de áudio. Suporte técnico e atualizações contínuas. Recomendado pela comunidade musical internacional.Testado rigorosamente antes do envio.  Fácil de usar e manter.  Excelente custo-benefício.  Oferece compatibilidade com múltiplos sistemas operacionais.  Inclui manual de instruções detalhado em português. ",490.8,67,3.8,29,"[{""texto"": ""Produto excelente, chegou rápido e bem embalado."", ""rating"": 4, ""data"": ""2026-09-22""}, {""texto"": ""Atendimento excelente e produto de primeira qualidade."", ""rating"": 4, ""data"": ""2026-06-07""}, {""texto"": ""Profissional, durável e confiável. Muito bom!"", ""rating"": 4, ""data"": ""2026-08-20""}, {""texto"": ""Profissional, durável e confiável. Muito bom!"", ""rating"": 5, ""data"": ""2026-07-19""}]","edição,masterização,compatível,análise-espectral","{""Sistema"": ""Cloud"", ""Processamento"": ""73 bit"", ""Taxa de Amostragem"": ""até 48 kHz"", ""Licença"": ""Anual""}",Campos,BIT-SOFT-0383,ativo,2026-03-14
384,Nuendo Metrônomo Digital,Software Musical,Nuendo,"Software musical profissional Metrônomo Digital com recursos avançados de produção. Oferece ferramentas poderosas para compositores e produtores. Interface intuitiva e compatível com diversos formatos. Perfeito para criação, edição e masterização de áudio. Suporte técnico e atualizações contínuas. Recomendado pela comunidade musical internacional.Desempenho consistente e confiável.  Fácil de usar e manter.  Testado rigorosamente antes do envio.  Recomendado por especialistas da área.  Excelente custo-benefício.  Oferece compatibilidade com múltiplos sistemas operacionais. ",311.37,97,4.5,28,"[{""texto"": ""Profissional, durável e confiável. Muito bom!"", ""rating"": 4, ""data"": ""2026-04-19""}, {""texto"": ""Suporte técnico muito responsivo e atencioso."", ""rating"": 5, ""data"": ""2026-09-19""}, {""texto"": ""Recomendo fortemente. Melhor compra do ano!"", ""rating"": 5, ""data"": ""2026-08-28""}, {""texto"": ""Ideal para profissionais e iniciantes. Muito versátil."", ""rating"": 5, ""data"": ""2026-06-11""}, {""texto"": ""Qualidade premium, recomendo para todos os músicos."", ""rating"": 5, ""data"": ""2026-05-15""}]","intuitivo,edição,compatível","{""Sistema"": ""Windows/Mac"", ""Processamento"": ""235 bit"", ""Taxa de Amostragem"": ""até 160 kHz"", ""Licença"": ""Anual""}",Martins S.A.,NUE-SOFT-0384,ativo,2026-06-13
385,Ableton Sampler Digital,Software Musical,Ableton,"Software musical profissional Sampler Digital com recursos avançados de produção. Oferece ferramentas poderosas para compositores e produtores. Interface intuitiva e compatível com diversos formatos. Perfeito para criação, edição e masterização de áudio. Suporte técnico e atualizações contínuas. Recomendado pela comunidade musical internacional.Recomendado por especialistas da área.  Suporte técnico disponível 24/7.  Inclui manual de instruções detalhado em português.  Oferece compatibilidade com múltiplos sistemas operacionais.  Fácil de usar e manter. ",73.99,2,3.8,109,"[{""texto"": ""Produto excelente, chegou rápido e bem embalado."", ""rating"": 4, ""data"": ""2026-09-20""}, {""texto"": ""Compatibilidade perfeita com meus equipamentos."", ""rating"": 5, ""data"": ""2026-04-14""}, {""texto"": ""Excelente relação qualidade-preço."", ""rating"": 4, ""data"": ""2026-08-27""}, {""texto"": ""Produto confiável para uso contínuo."", ""rating"": 4, ""data"": ""2026-07-08""}]","compatível,produção,análise-espectral,gravação","{""Sistema"": ""Mac/Linux"", ""Processamento"": ""252 bit"", ""Taxa de Amostragem"": ""até 48 kHz"", ""Licença"": ""Perpétua""}",Rocha,ABL-SOFT-0385,ativo,2025-10-06
386,FL Studio Sampler Digital,Software Musical,FL Studio,"Software musical profissional Sampler Digital com recursos avançados de produção. Oferece ferramentas poderosas para compositores e produtores. Interface intuitiva e compatível com diversos formatos. Perfeito para criação, edição e masterização de áudio. Suporte técnico e atualizações contínuas. Recomendado pela comunidade musical internacional.Recomendado por especialistas da área.  Oferece compatibilidade com múltiplos sistemas operacionais.  Fácil de usar e manter.  Testado rigorosamente antes do envio.  Suporte técnico disponível 24/7.  Inclui manual de instruções detalhado em português. ",56.53,62,3.5,134,"[{""texto"": ""Investimento que vale a pena. Produto de alta qualidade."", ""rating"": 5, ""data"": ""2026-06-24""}, {""texto"": ""Produto excelente, chegou rápido e bem embalado."", ""rating"": 4, ""data"": ""2026-06-05""}]","poderoso,produção,avançado","{""Sistema"": ""Windows/Mac"", ""Processamento"": ""41 bit"", ""Taxa de Amostragem"": ""até 178 kHz"", ""Licença"": ""Anual""}",Nogueira,FL -SOFT-0386,ativo,2025-11-27
387,Nuendo Biblioteca de Samples,Software Musical,Nuendo,"Software musical profissional Biblioteca de Samples com recursos avançados de produção. Oferece ferramentas poderosas para compositores e produtores. Interface intuitiva e compatível com diversos formatos. Perfeito para criação, edição e masterização de áudio. Suporte técnico e atualizações contínuas. Recomendado pela comunidade musical internacional.Oferece compatibilidade com múltiplos sistemas operacionais.  Recomendado por especialistas da área.  Produto original com nota fiscal e garantia de fábrica.  Excelente custo-benefício. ",243.6,0,3.7,77,"[{""texto"": ""Produto excelente, chegou rápido e bem embalado."", ""rating"": 4, ""data"": ""2026-07-22""}, {""texto"": ""Ideal para profissionais e iniciantes. Muito versátil."", ""rating"": 4, ""data"": ""2026-08-19""}]","edição,avançado,profissional,produção","{""Sistema"": ""Windows/Mac/Linux"", ""Processamento"": ""247 bit"", ""Taxa de Amostragem"": ""até 106 kHz"", ""Licença"": ""Anual""}",Cunha - EI,NUE-SOFT-0387,ativo,2025-10-30
388,Reaper Editor de Vídeo Musical,Software Musical,Reaper,"Software musical profissional Editor de Vídeo Musical com recursos avançados de produção. Oferece ferramentas poderosas para compositores e produtores. Interface intuitiva e compatível com diversos formatos. Perfeito para criação, edição e masterização de áudio. Suporte técnico e atualizações contínuas. Recomendado pela comunidade musical internacional.Produto original com nota fiscal e garantia de fábrica.  Marca: Reaper.  Suporte técnico disponível 24/7.  Fácil de usar e manter.  Oferece compatibilidade com múltiplos sistemas operacionais. ",102.02,80,4.8,15,"[{""texto"": ""Sonho realizado! Superou minhas expectativas."", ""rating"": 5, ""data"": ""2026-06-16""}, {""texto"": ""Recomendo fortemente. Melhor compra do ano!"", ""rating"": 4, ""data"": ""2026-08-27""}, {""texto"": ""Qualidade premium, recomendo para todos os músicos."", ""rating"": 4, ""data"": ""2026-05-08""}, {""texto"": ""Produto confiável para uso contínuo."", ""rating"": 5, ""data"": ""2026-05-19""}, {""texto"": ""Excelente relação qualidade-preço."", ""rating"": 5, ""data"": ""2026-08-26""}]","produção,compatível,profissional,masterização,análise-espectral,avançado","{""Sistema"": ""Windows/Mac/Linux"", ""Processamento"": ""244 bit"", ""Taxa de Amostragem"": ""até 119 kHz"", ""Licença"": ""Perpétua""}",Oliveira,REA-SOFT-0388,ativo,2026-02-02
389,Reaper Looper Software,Software Musical,Reaper,"Software musical profissional Looper Software com recursos avançados de produção. Oferece ferramentas poderosas para compositores e produtores. Interface intuitiva e compatível com diversos formatos. Perfeito para criação, edição e masterização de áudio. Suporte técnico e atualizações contínuas. Recomendado pela comunidade musical internacional.Fácil de usar e manter.  Marca: Reaper.  Suporte técnico disponível 24/7.  Inclui manual de instruções detalhado em português. ",121.25,62,4.9,194,"[{""texto"": ""Produto excelente, chegou rápido e bem embalado."", ""rating"": 4, ""data"": ""2026-08-12""}, {""texto"": ""Ideal para profissionais e iniciantes. Muito versátil."", ""rating"": 5, ""data"": ""2026-09-01""}, {""texto"": ""Construção sólida, som cristalino e resposta rápida."", ""rating"": 5, ""data"": ""2026-09-16""}, {""texto"": ""Atendimento excelente e produto de primeira qualidade."", ""rating"": 4, ""data"": ""2026-05-15""}, {""texto"": ""Suporte técnico muito responsivo e atencioso."", ""rating"": 5, ""data"": ""2026-07-14""}]","gravação,profissional,compatível,poderoso,avançado,produção","{""Sistema"": ""Windows/Mac/Linux"", ""Processamento"": ""173 bit"", ""Taxa de Amostragem"": ""até 103 kHz"", ""Licença"": ""Anual""}",Caldeira Moura e Filhos,REA-SOFT-0389,ativo,2025-12-29
390,Reason Plug-in de Efeitos,Software Musical,Reason,"Software musical profissional Plug-in de Efeitos com recursos avançados de produção. Oferece ferramentas poderosas para compositores e produtores. Interface intuitiva e compatível com diversos formatos. Perfeito para criação, edição e masterização de áudio. Suporte técnico e atualizações contínuas. Recomendado pela comunidade musical internacional.Produto original com nota fiscal e garantia de fábrica.  Testado rigorosamente antes do envio.  Fácil de usar e manter.  Marca: Reason.  Excelente custo-benefício.  Suporte técnico disponível 24/7. ",188.38,35,4.4,128,"[{""texto"": ""Compatibilidade perfeita com meus equipamentos."", ""rating"": 4, ""data"": ""2026-06-10""}, {""texto"": ""Perfeito para estúdio e apresentações. Ótimo custo-benefício."", ""rating"": 4, ""data"": ""2026-05-06""}, {""texto"": ""Compatibilidade perfeita com meus equipamentos."", ""rating"": 4, ""data"": ""2026-04-30""}, {""texto"": ""Perfeito para estúdio e apresentações. Ótimo custo-benefício."", ""rating"": 5, ""data"": ""2026-06-13""}, {""texto"": ""Produto confiável para uso contínuo."", ""rating"": 5, ""data"": ""2026-09-04""}]","produção,profissional,compatível,análise-espectral","{""Sistema"": ""Mac/Linux"", ""Processamento"": ""169 bit"", ""Taxa de Amostragem"": ""até 155 kHz"", ""Licença"": ""Perpétua""}",Vieira Camargo - EI,REA-SOFT-0390,ativo,2026-04-15
391,Reaper Metrônomo Digital,Software Musical,Reaper,"Software musical profissional Metrônomo Digital com recursos avançados de produção. Oferece ferramentas poderosas para compositores e produtores. Interface intuitiva e compatível com diversos formatos. Perfeito para criação, edição e masterização de áudio. Suporte técnico e atualizações contínuas. Recomendado pela comunidade musical internacional.Excelente custo-benefício.  Recomendado por especialistas da área.  Produto original com nota fiscal e garantia de fábrica.  Marca: Reaper.  Testado rigorosamente antes do envio. ",426.48,86,3.7,126,"[{""texto"": ""Profissional, durável e confiável. Muito bom!"", ""rating"": 5, ""data"": ""2026-04-16""}, {""texto"": ""Sonho realizado! Superou minhas expectativas."", ""rating"": 4, ""data"": ""2026-09-11""}, {""texto"": ""Excelente relação qualidade-preço."", ""rating"": 5, ""data"": ""2026-09-19""}, {""texto"": ""Construção sólida, som cristalino e resposta rápida."", ""rating"": 5, ""data"": ""2026-04-30""}]","intuitivo,gravação,profissional,edição,compatível,avançado","{""Sistema"": ""Windows/Mac"", ""Processamento"": ""219 bit"", ""Taxa de Amostragem"": ""até 77 kHz"", ""Licença"": ""Anual""}",Nascimento,REA-SOFT-0391,ativo,2025-09-29
392,Pro Tools Sintetizador Software,Software Musical,Pro Tools,"Software musical profissional Sintetizador Software com recursos avançados de produção. Oferece ferramentas poderosas para compositores e produtores. Interface intuitiva e compatível com diversos formatos. Perfeito para criação, edição e masterização de áudio. Suporte técnico e atualizações contínuas. Recomendado pela comunidade musical internacional.Suporte técnico disponível 24/7.  Testado rigorosamente antes do envio.  Produto original com nota fiscal e garantia de fábrica.  Desempenho consistente e confiável.  Inclui manual de instruções detalhado em português.  Recomendado por especialistas da área. ",227.8,54,3.9,105,"[{""texto"": ""Recomendo fortemente. Melhor compra do ano!"", ""rating"": 5, ""data"": ""2026-08-05""}, {""texto"": ""Perfeito para estúdio e apresentações. Ótimo custo-benefício."", ""rating"": 5, ""data"": ""2026-07-04""}, {""texto"": ""Recomendo fortemente. Melhor compra do ano!"", ""rating"": 4, ""data"": ""2026-07-24""}, {""texto"": ""Qualidade premium, recomendo para todos os músicos."", ""rating"": 4, ""data"": ""2026-09-20""}, {""texto"": ""Sonho realizado! Superou minhas expectativas."", ""rating"": 5, ""data"": ""2026-05-18""}]","profissional,edição,poderoso","{""Sistema"": ""Windows/Mac/Linux"", ""Processamento"": ""37 bit"", ""Taxa de Amostragem"": ""até 94 kHz"", ""Licença"": ""Perpétua""}",Moura,PRO-SOFT-0392,ativo,2026-01-27
393,Reaper Gravador Multipista,Software Musical,Reaper,"Software musical profissional Gravador Multipista com recursos avançados de produção. Oferece ferramentas poderosas para compositores e produtores. Interface intuitiva e compatível com diversos formatos. Perfeito para criação, edição e masterização de áudio. Suporte técnico e atualizações contínuas. Recomendado pela comunidade musical internacional.Recomendado por especialistas da área.  Marca: Reaper.  Fácil de usar e manter.  Produto original com nota fiscal e garantia de fábrica.  Desempenho consistente e confiável.  Testado rigorosamente antes do envio. ",280.92,35,5.0,105,"[{""texto"": ""Produto excelente, chegou rápido e bem embalado."", ""rating"": 5, ""data"": ""2026-09-21""}, {""texto"": ""Construção sólida, som cristalino e resposta rápida."", ""rating"": 5, ""data"": ""2026-09-13""}, {""texto"": ""Atendimento excelente e produto de primeira qualidade."", ""rating"": 5, ""data"": ""2026-05-02""}, {""texto"": ""Perfeito para estúdio e apresentações. Ótimo custo-benefício."", ""rating"": 5, ""data"": ""2026-06-25""}, {""texto"": ""Suporte técnico muito responsivo e atencioso."", ""rating"": 5, ""data"": ""2026-09-09""}]","compatível,análise-espectral,poderoso,masterização","{""Sistema"": ""Mac/Linux"", ""Processamento"": ""255 bit"", ""Taxa de Amostragem"": ""até 83 kHz"", ""Licença"": ""Perpétua""}",Rezende - EI,REA-SOFT-0393,ativo,2025-10-08
394,FL Studio Sampler Digital,Software Musical,FL Studio,"Software musical profissional Sampler Digital com recursos avançados de produção. Oferece ferramentas poderosas para compositores e produtores. Interface intuitiva e compatível com diversos formatos. Perfeito para criação, edição e masterização de áudio. Suporte técnico e atualizações contínuas. Recomendado pela comunidade musical internacional.Marca: FL Studio.  Desempenho consistente e confiável.  Oferece compatibilidade com múltiplos sistemas operacionais.  Produto original com nota fiscal e garantia de fábrica.  Excelente custo-benefício.  Suporte técnico disponível 24/7. ",342.08,10,3.7,153,"[{""texto"": ""Perfeito para estúdio e apresentações. Ótimo custo-benefício."", ""rating"": 4, ""data"": ""2026-05-05""}, {""texto"": ""Investimento que vale a pena. Produto de alta qualidade."", ""rating"": 4, ""data"": ""2026-06-15""}, {""texto"": ""Excelente relação qualidade-preço."", ""rating"": 5, ""data"": ""2026-09-10""}, {""texto"": ""Embalagem profissional, produto impecável."", ""rating"": 5, ""data"": ""2026-05-15""}]","compatível,gravação,poderoso","{""Sistema"": ""Windows/Mac"", ""Processamento"": ""207 bit"", ""Taxa de Amostragem"": ""até 142 kHz"", ""Licença"": ""Anual""}",da Cunha e Filhos,FL -SOFT-0394,inativo,2026-06-29
395,Reaper Metrônomo Digital,Software Musical,Reaper,"Software musical profissional Metrônomo Digital com recursos avançados de produção. Oferece ferramentas poderosas para compositores e produtores. Interface intuitiva e compatível com diversos formatos. Perfeito para criação, edição e masterização de áudio. Suporte técnico e atualizações contínuas. Recomendado pela comunidade musical internacional.Testado rigorosamente antes do envio.  Suporte técnico disponível 24/7.  Oferece compatibilidade com múltiplos sistemas operacionais.  Excelente custo-benefício.  Fácil de usar e manter. ",204.59,54,4.4,24,"[{""texto"": ""Perfeito para estúdio e apresentações. Ótimo custo-benefício."", ""rating"": 4, ""data"": ""2026-05-19""}, {""texto"": ""Perfeito para estúdio e apresentações. Ótimo custo-benefício."", ""rating"": 4, ""data"": ""2026-05-27""}, {""texto"": ""Investimento que vale a pena. Produto de alta qualidade."", ""rating"": 4, ""data"": ""2026-06-07""}]","análise-espectral,gravação,avançado,compatível,edição","{""Sistema"": ""Windows/Mac/Linux"", ""Processamento"": ""146 bit"", ""Taxa de Amostragem"": ""até 149 kHz"", ""Licença"": ""Anual""}",da Rosa - ME,REA-SOFT-0395,ativo,2026-05-09
396,Logic Pro Notation Software,Software Musical,Logic Pro,"Software musical profissional Notation Software com recursos avançados de produção. Oferece ferramentas poderosas para compositores e produtores. Interface intuitiva e compatível com diversos formatos. Perfeito para criação, edição e masterização de áudio. Suporte técnico e atualizações contínuas. Recomendado pela comunidade musical internacional.Inclui manual de instruções detalhado em português.  Excelente custo-benefício.  Suporte técnico disponível 24/7.  Recomendado por especialistas da área. ",197.56,77,3.7,152,"[{""texto"": ""Profissional, durável e confiável. Muito bom!"", ""rating"": 5, ""data"": ""2026-04-13""}, {""texto"": ""Atendimento excelente e produto de primeira qualidade."", ""rating"": 4, ""data"": ""2026-06-25""}, {""texto"": ""Investimento que vale a pena. Produto de alta qualidade."", ""rating"": 4, ""data"": ""2026-08-03""}, {""texto"": ""Suporte técnico muito responsivo e atencioso."", ""rating"": 4, ""data"": ""2026-09-18""}, {""texto"": ""Embalagem profissional, produto impecável."", ""rating"": 4, ""data"": ""2026-04-08""}]","poderoso,gravação,compatível,edição","{""Sistema"": ""Cloud"", ""Processamento"": ""124 bit"", ""Taxa de Amostragem"": ""até 67 kHz"", ""Licença"": ""Perpétua""}",Silveira Nunes e Filhos,LOG-SOFT-0396,ativo,2026-04-16
397,Cubase Editor de Áudio,Software Musical,Cubase,"Software musical profissional Editor de Áudio com recursos avançados de produção. Oferece ferramentas poderosas para compositores e produtores. Interface intuitiva e compatível com diversos formatos. Perfeito para criação, edição e masterização de áudio. Suporte técnico e atualizações contínuas. Recomendado pela comunidade musical internacional.Suporte técnico disponível 24/7.  Excelente custo-benefício.  Testado rigorosamente antes do envio.  Marca: Cubase.  Inclui manual de instruções detalhado em português.  Fácil de usar e manter. ",193.56,52,4.8,124,"[{""texto"": ""Construção sólida, som cristalino e resposta rápida."", ""rating"": 4, ""data"": ""2026-07-14""}, {""texto"": ""Sonho realizado! Superou minhas expectativas."", ""rating"": 4, ""data"": ""2026-07-06""}, {""texto"": ""Profissional, durável e confiável. Muito bom!"", ""rating"": 4, ""data"": ""2026-04-22""}, {""texto"": ""Qualidade premium, recomendo para todos os músicos."", ""rating"": 4, ""data"": ""2026-06-14""}]","avançado,profissional,edição,poderoso,compatível","{""Sistema"": ""Mac/Linux"", ""Processamento"": ""101 bit"", ""Taxa de Amostragem"": ""até 113 kHz"", ""Licença"": ""Anual""}",Guerra,CUB-SOFT-0397,ativo,2026-09-09
398,FL Studio Mastering Software,Software Musical,FL Studio,"Software musical profissional Mastering Software com recursos avançados de produção. Oferece ferramentas poderosas para compositores e produtores. Interface intuitiva e compatível com diversos formatos. Perfeito para criação, edição e masterização de áudio. Suporte técnico e atualizações contínuas. Recomendado pela comunidade musical internacional.Marca: FL Studio.  Recomendado por especialistas da área.  Oferece compatibilidade com múltiplos sistemas operacionais.  Desempenho consistente e confiável.  Testado rigorosamente antes do envio.  Suporte técnico disponível 24/7. ",480.65,98,4.9,15,"[{""texto"": ""Perfeito para estúdio e apresentações. Ótimo custo-benefício."", ""rating"": 5, ""data"": ""2026-04-02""}, {""texto"": ""Qualidade premium, recomendo para todos os músicos."", ""rating"": 5, ""data"": ""2026-09-13""}]","análise-espectral,compatível,profissional,poderoso,intuitivo","{""Sistema"": ""Mac/Linux"", ""Processamento"": ""194 bit"", ""Taxa de Amostragem"": ""até 118 kHz"", ""Licença"": ""Perpétua""}",Câmara,FL -SOFT-0398,ativo,2026-08-19
399,Logic Pro Notation Software,Software Musical,Logic Pro,"Software musical profissional Notation Software com recursos avançados de produção. Oferece ferramentas poderosas para compositores e produtores. Interface intuitiva e compatível com diversos formatos. Perfeito para criação, edição e masterização de áudio. Suporte técnico e atualizações contínuas. Recomendado pela comunidade musical internacional.Suporte técnico disponível 24/7.  Fácil de usar e manter.  Produto original com nota fiscal e garantia de fábrica.  Excelente custo-benefício.  Desempenho consistente e confiável. ",349.08,78,4.5,186,"[{""texto"": ""Ideal para profissionais e iniciantes. Muito versátil."", ""rating"": 5, ""data"": ""2026-09-06""}, {""texto"": ""Sonho realizado! Superou minhas expectativas."", ""rating"": 5, ""data"": ""2026-09-05""}, {""texto"": ""Excelente relação qualidade-preço."", ""rating"": 4, ""data"": ""2026-07-17""}, {""texto"": ""Qualidade premium, recomendo para todos os músicos."", ""rating"": 5, ""data"": ""2026-07-07""}]","edição,análise-espectral,intuitivo,profissional","{""Sistema"": ""Mac/Linux"", ""Processamento"": ""114 bit"", ""Taxa de Amostragem"": ""até 110 kHz"", ""Licença"": ""Perpétua""}",Sampaio Lima - EI,LOG-SOFT-0399,ativo,2025-10-30
400,Nuendo Looper Software,Software Musical,Nuendo,"Software musical profissional Looper Software com recursos avançados de produção. Oferece ferramentas poderosas para compositores e produtores. Interface intuitiva e compatível com diversos formatos. Perfeito para criação, edição e masterização de áudio. Suporte técnico e atualizações contínuas. Recomendado pela comunidade musical internacional.Excelente custo-benefício.  Desempenho consistente e confiável.  Marca: Nuendo.  Inclui manual de instruções detalhado em português. ",474.1,71,4.1,50,"[{""texto"": ""Excelente relação qualidade-preço."", ""rating"": 4, ""data"": ""2026-09-12""}, {""texto"": ""Recomendo fortemente. Melhor compra do ano!"", ""rating"": 4, ""data"": ""2026-07-04""}]","gravação,intuitivo,edição,produção","{""Sistema"": ""Windows/Mac/Linux"", ""Processamento"": ""235 bit"", ""Taxa de Amostragem"": ""até 121 kHz"", ""Licença"": ""Anual""}",Machado e Filhos,NUE-SOFT-0400,ativo,2026-02-10
401,Ableton Editor de Áudio,Software Musical,Ableton,"Software musical profissional Editor de Áudio com recursos avançados de produção. Oferece ferramentas poderosas para compositores e produtores. Interface intuitiva e compatível com diversos formatos. Perfeito para criação, edição e masterização de áudio. Suporte técnico e atualizações contínuas. Recomendado pela comunidade musical internacional.Marca: Ableton.  Desempenho consistente e confiável.  Oferece compatibilidade com múltiplos sistemas operacionais.  Suporte técnico disponível 24/7. ",220.5,8,4.6,22,"[{""texto"": ""Recomendo fortemente. Melhor compra do ano!"", ""rating"": 4, ""data"": ""2026-06-04""}, {""texto"": ""Construção sólida, som cristalino e resposta rápida."", ""rating"": 5, ""data"": ""2026-04-05""}, {""texto"": ""Construção sólida, som cristalino e resposta rápida."", ""rating"": 5, ""data"": ""2026-04-28""}, {""texto"": ""Construção sólida, som cristalino e resposta rápida."", ""rating"": 4, ""data"": ""2026-04-07""}]","compatível,masterização,avançado,gravação,edição,análise-espectral","{""Sistema"": ""Cloud"", ""Processamento"": ""85 bit"", ""Taxa de Amostragem"": ""até 180 kHz"", ""Licença"": ""Anual""}",Campos,ABL-SOFT-0401,ativo,2025-12-25
402,Reaper Looper Software,Software Musical,Reaper,"Software musical profissional Looper Software com recursos avançados de produção. Oferece ferramentas poderosas para compositores e produtores. Interface intuitiva e compatível com diversos formatos. Perfeito para criação, edição e masterização de áudio. Suporte técnico e atualizações contínuas. Recomendado pela comunidade musical internacional.Produto original com nota fiscal e garantia de fábrica.  Testado rigorosamente antes do envio.  Desempenho consistente e confiável.  Suporte técnico disponível 24/7.  Oferece compatibilidade com múltiplos sistemas operacionais. ",196.94,90,3.8,154,"[{""texto"": ""Perfeito para estúdio e apresentações. Ótimo custo-benefício."", ""rating"": 5, ""data"": ""2026-04-05""}, {""texto"": ""Perfeito para estúdio e apresentações. Ótimo custo-benefício."", ""rating"": 5, ""data"": ""2026-06-17""}]","compatível,intuitivo,poderoso,profissional,análise-espectral","{""Sistema"": ""Windows/Mac/Linux"", ""Processamento"": ""236 bit"", ""Taxa de Amostragem"": ""até 112 kHz"", ""Licença"": ""Anual""}",da Paz,REA-SOFT-0402,ativo,2026-03-19
403,Reaper Sintetizador Software,Software Musical,Reaper,"Software musical profissional Sintetizador Software com recursos avançados de produção. Oferece ferramentas poderosas para compositores e produtores. Interface intuitiva e compatível com diversos formatos. Perfeito para criação, edição e masterização de áudio. Suporte técnico e atualizações contínuas. Recomendado pela comunidade musical internacional.Desempenho consistente e confiável.  Excelente custo-benefício.  Inclui manual de instruções detalhado em português.  Marca: Reaper.  Fácil de usar e manter. ",364.08,73,3.6,121,"[{""texto"": ""Excelente relação qualidade-preço."", ""rating"": 5, ""data"": ""2026-09-05""}, {""texto"": ""Compatibilidade perfeita com meus equipamentos."", ""rating"": 4, ""data"": ""2026-07-16""}, {""texto"": ""Compatibilidade perfeita com meus equipamentos."", ""rating"": 5, ""data"": ""2026-07-01""}, {""texto"": ""Embalagem profissional, produto impecável."", ""rating"": 4, ""data"": ""2026-09-13""}]","compatível,profissional,masterização","{""Sistema"": ""Cloud"", ""Processamento"": ""216 bit"", ""Taxa de Amostragem"": ""até 65 kHz"", ""Licença"": ""Anual""}",Pacheco Pastor S.A.,REA-SOFT-0403,ativo,2025-10-27
404,Bitwig Editor de Vídeo Musical,Software Musical,Bitwig,"Software musical profissional Editor de Vídeo Musical com recursos avançados de produção. Oferece ferramentas poderosas para compositores e produtores. Interface intuitiva e compatível com diversos formatos. Perfeito para criação, edição e masterização de áudio. Suporte técnico e atualizações contínuas. Recomendado pela comunidade musical internacional.Recomendado por especialistas da área.  Produto original com nota fiscal e garantia de fábrica.  Excelente custo-benefício.  Marca: Bitwig.  Testado rigorosamente antes do envio.  Fácil de usar e manter. ",63.67,30,4.1,131,"[{""texto"": ""Embalagem profissional, produto impecável."", ""rating"": 5, ""data"": ""2026-07-28""}, {""texto"": ""Profissional, durável e confiável. Muito bom!"", ""rating"": 5, ""data"": ""2026-06-02""}, {""texto"": ""Profissional, durável e confiável. Muito bom!"", ""rating"": 4, ""data"": ""2026-08-31""}, {""texto"": ""Produto excelente, chegou rápido e bem embalado."", ""rating"": 5, ""data"": ""2026-09-12""}, {""texto"": ""Produto confiável para uso contínuo."", ""rating"": 5, ""data"": ""2026-04-13""}]","produção,masterização,profissional,gravação,compatível","{""Sistema"": ""Windows/Mac"", ""Processamento"": ""195 bit"", ""Taxa de Amostragem"": ""até 103 kHz"", ""Licença"": ""Anual""}",Montenegro,BIT-SOFT-0404,ativo,2026-08-06
405,Cubase Notation Software,Software Musical,Cubase,"Software musical profissional Notation Software com recursos avançados de produção. Oferece ferramentas poderosas para compositores e produtores. Interface intuitiva e compatível com diversos formatos. Perfeito para criação, edição e masterização de áudio. Suporte técnico e atualizações contínuas. Recomendado pela comunidade musical internacional.Produto original com nota fiscal e garantia de fábrica.  Inclui manual de instruções detalhado em português.  Testado rigorosamente antes do envio.  Recomendado por especialistas da área.  Excelente custo-benefício.  Marca: Cubase. ",87.65,25,5.0,27,"[{""texto"": ""Recomendo fortemente. Melhor compra do ano!"", ""rating"": 4, ""data"": ""2026-07-06""}, {""texto"": ""Atendimento excelente e produto de primeira qualidade."", ""rating"": 4, ""data"": ""2026-05-18""}, {""texto"": ""Excelente relação qualidade-preço."", ""rating"": 5, ""data"": ""2026-08-22""}, {""texto"": ""Profissional, durável e confiável. Muito bom!"", ""rating"": 4, ""data"": ""2026-07-21""}, {""texto"": ""Compatibilidade perfeita com meus equipamentos."", ""rating"": 4, ""data"": ""2026-08-19""}]","edição,produção,gravação,profissional,masterização","{""Sistema"": ""Cloud"", ""Processamento"": ""76 bit"", ""Taxa de Amostragem"": ""até 83 kHz"", ""Licença"": ""Perpétua""}",Pastor,CUB-SOFT-0405,ativo,2025-12-06
406,Pro Tools Editor de Vídeo Musical,Software Musical,Pro Tools,"Software musical profissional Editor de Vídeo Musical com recursos avançados de produção. Oferece ferramentas poderosas para compositores e produtores. Interface intuitiva e compatível com diversos formatos. Perfeito para criação, edição e masterização de áudio. Suporte técnico e atualizações contínuas. Recomendado pela comunidade musical internacional.Fácil de usar e manter.  Excelente custo-benefício.  Suporte técnico disponível 24/7.  Produto original com nota fiscal e garantia de fábrica.  Recomendado por especialistas da área. ",259.16,15,5.0,18,"[{""texto"": ""Investimento que vale a pena. Produto de alta qualidade."", ""rating"": 4, ""data"": ""2026-08-27""}, {""texto"": ""Profissional, durável e confiável. Muito bom!"", ""rating"": 5, ""data"": ""2026-05-04""}]","masterização,gravação,poderoso,avançado,intuitivo,edição","{""Sistema"": ""Cloud"", ""Processamento"": ""209 bit"", ""Taxa de Amostragem"": ""até 85 kHz"", ""Licença"": ""Anual""}",Carvalho Ltda.,PRO-SOFT-0406,ativo,2025-12-29
407,Studio One Metrônomo Digital,Software Musical,Studio One,"Software musical profissional Metrônomo Digital com recursos avançados de produção. Oferece ferramentas poderosas para compositores e produtores. Interface intuitiva e compatível com diversos formatos. Perfeito para criação, edição e masterização de áudio. Suporte técnico e atualizações contínuas. Recomendado pela comunidade musical internacional.Suporte técnico disponível 24/7.  Inclui manual de instruções detalhado em português.  Fácil de usar e manter.  Recomendado por especialistas da área. ",418.63,71,3.5,170,"[{""texto"": ""Produto confiável para uso contínuo."", ""rating"": 5, ""data"": ""2026-07-21""}, {""texto"": ""Compatibilidade perfeita com meus equipamentos."", ""rating"": 5, ""data"": ""2026-06-08""}, {""texto"": ""Compatibilidade perfeita com meus equipamentos."", ""rating"": 5, ""data"": ""2026-07-29""}, {""texto"": ""Suporte técnico muito responsivo e atencioso."", ""rating"": 5, ""data"": ""2026-09-13""}]","profissional,poderoso,gravação","{""Sistema"": ""Cloud"", ""Processamento"": ""61 bit"", ""Taxa de Amostragem"": ""até 102 kHz"", ""Licença"": ""Perpétua""}",Novaes,STU-SOFT-0407,ativo,2025-11-03
408,Nuendo Mastering Software,Software Musical,Nuendo,"Software musical profissional Mastering Software com recursos avançados de produção. Oferece ferramentas poderosas para compositores e produtores. Interface intuitiva e compatível com diversos formatos. Perfeito para criação, edição e masterização de áudio. Suporte técnico e atualizações contínuas. Recomendado pela comunidade musical internacional.Fácil de usar e manter.  Marca: Nuendo.  Oferece compatibilidade com múltiplos sistemas operacionais.  Inclui manual de instruções detalhado em português.  Produto original com nota fiscal e garantia de fábrica.  Recomendado por especialistas da área. ",299.64,8,4.4,190,"[{""texto"": ""Excelente relação qualidade-preço."", ""rating"": 4, ""data"": ""2026-06-09""}, {""texto"": ""Produto excelente, chegou rápido e bem embalado."", ""rating"": 5, ""data"": ""2026-06-02""}, {""texto"": ""Ideal para profissionais e iniciantes. Muito versátil."", ""rating"": 5, ""data"": ""2026-05-14""}]","produção,intuitivo,profissional,avançado","{""Sistema"": ""Windows/Mac/Linux"", ""Processamento"": ""214 bit"", ""Taxa de Amostragem"": ""até 98 kHz"", ""Licença"": ""Anual""}",Campos,NUE-SOFT-0408,ativo,2026-07-31
409,Pro Tools Sequenciador MIDI,Software Musical,Pro Tools,"Software musical profissional Sequenciador MIDI com recursos avançados de produção. Oferece ferramentas poderosas para compositores e produtores. Interface intuitiva e compatível com diversos formatos. Perfeito para criação, edição e masterização de áudio. Suporte técnico e atualizações contínuas. Recomendado pela comunidade musical internacional.Oferece compatibilidade com múltiplos sistemas operacionais.  Suporte técnico disponível 24/7.  Marca: Pro Tools.  Testado rigorosamente antes do envio.  Fácil de usar e manter.  Produto original com nota fiscal e garantia de fábrica. ",426.03,65,3.7,172,"[{""texto"": ""Construção sólida, som cristalino e resposta rápida."", ""rating"": 5, ""data"": ""2026-04-20""}, {""texto"": ""Perfeito para estúdio e apresentações. Ótimo custo-benefício."", ""rating"": 4, ""data"": ""2026-04-16""}]","masterização,edição,avançado,poderoso,análise-espectral","{""Sistema"": ""Windows/Mac"", ""Processamento"": ""37 bit"", ""Taxa de Amostragem"": ""até 152 kHz"", ""Licença"": ""Anual""}",Cirino - EI,PRO-SOFT-0409,ativo,2026-04-18
410,Nuendo Arpeggiador,Software Musical,Nuendo,"Software musical profissional Arpeggiador com recursos avançados de produção. Oferece ferramentas poderosas para compositores e produtores. Interface intuitiva e compatível com diversos formatos. Perfeito para criação, edição e masterização de áudio. Suporte técnico e atualizações contínuas. Recomendado pela comunidade musical internacional.Excelente custo-benefício.  Testado rigorosamente antes do envio.  Desempenho consistente e confiável.  Inclui manual de instruções detalhado em português.  Marca: Nuendo. ",283.24,56,4.6,91,"[{""texto"": ""Investimento que vale a pena. Produto de alta qualidade."", ""rating"": 5, ""data"": ""2026-06-16""}, {""texto"": ""Recomendo fortemente. Melhor compra do ano!"", ""rating"": 5, ""data"": ""2026-06-01""}, {""texto"": ""Compatibilidade perfeita com meus equipamentos."", ""rating"": 5, ""data"": ""2026-06-09""}, {""texto"": ""Atendimento excelente e produto de primeira qualidade."", ""rating"": 5, ""data"": ""2026-06-06""}, {""texto"": ""Compatibilidade perfeita com meus equipamentos."", ""rating"": 5, ""data"": ""2026-04-27""}]","compatível,intuitivo,gravação,produção,poderoso,profissional","{""Sistema"": ""Windows/Mac/Linux"", ""Processamento"": ""108 bit"", ""Taxa de Amostragem"": ""até 155 kHz"", ""Licença"": ""Perpétua""}",Macedo Nascimento S/A,NUE-SOFT-0410,ativo,2025-10-15
411,Studio One Mastering Software,Software Musical,Studio One,"Software musical profissional Mastering Software com recursos avançados de produção. Oferece ferramentas poderosas para compositores e produtores. Interface intuitiva e compatível com diversos formatos. Perfeito para criação, edição e masterização de áudio. Suporte técnico e atualizações contínuas. Recomendado pela comunidade musical internacional.Testado rigorosamente antes do envio.  Recomendado por especialistas da área.  Fácil de usar e manter.  Produto original com nota fiscal e garantia de fábrica. ",460.38,3,3.7,186,"[{""texto"": ""Produto excelente, chegou rápido e bem embalado."", ""rating"": 5, ""data"": ""2026-06-25""}, {""texto"": ""Construção sólida, som cristalino e resposta rápida."", ""rating"": 4, ""data"": ""2026-04-09""}]","profissional,produção,avançado,gravação,análise-espectral","{""Sistema"": ""Windows/Mac/Linux"", ""Processamento"": ""103 bit"", ""Taxa de Amostragem"": ""até 75 kHz"", ""Licença"": ""Perpétua""}",Teixeira,STU-SOFT-0411,ativo,2026-02-12
412,Logic Pro Biblioteca de Samples,Software Musical,Logic Pro,"Software musical profissional Biblioteca de Samples com recursos avançados de produção. Oferece ferramentas poderosas para compositores e produtores. Interface intuitiva e compatível com diversos formatos. Perfeito para criação, edição e masterização de áudio. Suporte técnico e atualizações contínuas. Recomendado pela comunidade musical internacional.Excelente custo-benefício.  Marca: Logic Pro.  Inclui manual de instruções detalhado em português.  Suporte técnico disponível 24/7.  Produto original com nota fiscal e garantia de fábrica. ",431.29,84,4.2,130,"[{""texto"": ""Sonho realizado! Superou minhas expectativas."", ""rating"": 4, ""data"": ""2026-08-25""}, {""texto"": ""Sonho realizado! Superou minhas expectativas."", ""rating"": 4, ""data"": ""2026-06-06""}, {""texto"": ""Produto confiável para uso contínuo."", ""rating"": 4, ""data"": ""2026-08-21""}, {""texto"": ""Recomendo fortemente. Melhor compra do ano!"", ""rating"": 4, ""data"": ""2026-08-02""}, {""texto"": ""Investimento que vale a pena. Produto de alta qualidade."", ""rating"": 5, ""data"": ""2026-08-19""}]","compatível,gravação,avançado","{""Sistema"": ""Mac/Linux"", ""Processamento"": ""149 bit"", ""Taxa de Amostragem"": ""até 183 kHz"", ""Licença"": ""Perpétua""}",Pereira Costela Ltda.,LOG-SOFT-0412,ativo,2025-11-01
413,Bitwig Sampler Digital,Software Musical,Bitwig,"Software musical profissional Sampler Digital com recursos avançados de produção. Oferece ferramentas poderosas para compositores e produtores. Interface intuitiva e compatível com diversos formatos. Perfeito para criação, edição e masterização de áudio. Suporte técnico e atualizações contínuas. Recomendado pela comunidade musical internacional.Inclui manual de instruções detalhado em português.  Recomendado por especialistas da área.  Oferece compatibilidade com múltiplos sistemas operacionais.  Desempenho consistente e confiável.  Marca: Bitwig.  Fácil de usar e manter. ",497.03,45,4.8,82,"[{""texto"": ""Qualidade premium, recomendo para todos os músicos."", ""rating"": 4, ""data"": ""2026-05-08""}, {""texto"": ""Excelente relação qualidade-preço."", ""rating"": 5, ""data"": ""2026-08-27""}]","avançado,compatível,edição,poderoso","{""Sistema"": ""Windows/Mac/Linux"", ""Processamento"": ""77 bit"", ""Taxa de Amostragem"": ""até 134 kHz"", ""Licença"": ""Perpétua""}",Duarte Cassiano - EI,BIT-SOFT-0413,ativo,2026-04-23
414,Cubase Sequenciador MIDI,Software Musical,Cubase,"Software musical profissional Sequenciador MIDI com recursos avançados de produção. Oferece ferramentas poderosas para compositores e produtores. Interface intuitiva e compatível com diversos formatos. Perfeito para criação, edição e masterização de áudio. Suporte técnico e atualizações contínuas. Recomendado pela comunidade musical internacional.Suporte técnico disponível 24/7.  Marca: Cubase.  Recomendado por especialistas da área.  Produto original com nota fiscal e garantia de fábrica.  Inclui manual de instruções detalhado em português. ",474.49,46,3.6,71,"[{""texto"": ""Sonho realizado! Superou minhas expectativas."", ""rating"": 5, ""data"": ""2026-08-01""}, {""texto"": ""Profissional, durável e confiável. Muito bom!"", ""rating"": 5, ""data"": ""2026-08-29""}, {""texto"": ""Produto confiável para uso contínuo."", ""rating"": 4, ""data"": ""2026-04-12""}, {""texto"": ""Perfeito para estúdio e apresentações. Ótimo custo-benefício."", ""rating"": 5, ""data"": ""2026-06-01""}]","edição,produção,compatível,intuitivo,avançado,profissional","{""Sistema"": ""Cloud"", ""Processamento"": ""171 bit"", ""Taxa de Amostragem"": ""até 179 kHz"", ""Licença"": ""Anual""}",Rocha Sousa e Filhos,CUB-SOFT-0414,ativo,2025-09-26
415,Logic Pro Harmônicos Gerador,Software Musical,Logic Pro,"Software musical profissional Harmônicos Gerador com recursos avançados de produção. Oferece ferramentas poderosas para compositores e produtores. Interface intuitiva e compatível com diversos formatos. Perfeito para criação, edição e masterização de áudio. Suporte técnico e atualizações contínuas. Recomendado pela comunidade musical internacional.Desempenho consistente e confiável.  Testado rigorosamente antes do envio.  Oferece compatibilidade com múltiplos sistemas operacionais.  Produto original com nota fiscal e garantia de fábrica.  Fácil de usar e manter.  Recomendado por especialistas da área. ",336.42,68,3.9,170,"[{""texto"": ""Profissional, durável e confiável. Muito bom!"", ""rating"": 5, ""data"": ""2026-06-02""}, {""texto"": ""Compatibilidade perfeita com meus equipamentos."", ""rating"": 4, ""data"": ""2026-06-01""}]","masterização,avançado,compatível,análise-espectral,edição,produção","{""Sistema"": ""Mac/Linux"", ""Processamento"": ""254 bit"", ""Taxa de Amostragem"": ""até 73 kHz"", ""Licença"": ""Perpétua""}",Novaes,LOG-SOFT-0415,ativo,2026-07-30
416,Pro Tools Metrônomo Digital,Software Musical,Pro Tools,"Software musical profissional Metrônomo Digital com recursos avançados de produção. Oferece ferramentas poderosas para compositores e produtores. Interface intuitiva e compatível com diversos formatos. Perfeito para criação, edição e masterização de áudio. Suporte técnico e atualizações contínuas. Recomendado pela comunidade musical internacional.Testado rigorosamente antes do envio.  Suporte técnico disponível 24/7.  Oferece compatibilidade com múltiplos sistemas operacionais.  Produto original com nota fiscal e garantia de fábrica.  Recomendado por especialistas da área.  Excelente custo-benefício. ",169.39,82,4.1,23,"[{""texto"": ""Construção sólida, som cristalino e resposta rápida."", ""rating"": 4, ""data"": ""2026-04-26""}, {""texto"": ""Excelente relação qualidade-preço."", ""rating"": 5, ""data"": ""2026-06-10""}, {""texto"": ""Embalagem profissional, produto impecável."", ""rating"": 4, ""data"": ""2026-04-03""}, {""texto"": ""Produto confiável para uso contínuo."", ""rating"": 4, ""data"": ""2026-04-13""}, {""texto"": ""Produto confiável para uso contínuo."", ""rating"": 5, ""data"": ""2026-08-10""}]","gravação,masterização,edição,compatível,profissional,intuitivo","{""Sistema"": ""Cloud"", ""Processamento"": ""59 bit"", ""Taxa de Amostragem"": ""até 152 kHz"", ""Licença"": ""Anual""}",da Cruz - EI,PRO-SOFT-0416,ativo,2026-05-21
417,FL Studio Editor de Vídeo Musical,Software Musical,FL Studio,"Software musical profissional Editor de Vídeo Musical com recursos avançados de produção. Oferece ferramentas poderosas para compositores e produtores. Interface intuitiva e compatível com diversos formatos. Perfeito para criação, edição e masterização de áudio. Suporte técnico e atualizações contínuas. Recomendado pela comunidade musical internacional.Recomendado por especialistas da área.  Excelente custo-benefício.  Marca: FL Studio.  Fácil de usar e manter.  Oferece compatibilidade com múltiplos sistemas operacionais.  Desempenho consistente e confiável. ",94.35,5,4.4,43,"[{""texto"": ""Recomendo fortemente. Melhor compra do ano!"", ""rating"": 5, ""data"": ""2026-09-19""}, {""texto"": ""Atendimento excelente e produto de primeira qualidade."", ""rating"": 4, ""data"": ""2026-07-09""}]","produção,intuitivo,poderoso,masterização","{""Sistema"": ""Mac/Linux"", ""Processamento"": ""186 bit"", ""Taxa de Amostragem"": ""até 163 kHz"", ""Licença"": ""Perpétua""}",Melo e Filhos,FL -SOFT-0417,ativo,2025-11-25
418,Reason Quantizador Automático,Software Musical,Reason,"Software musical profissional Quantizador Automático com recursos avançados de produção. Oferece ferramentas poderosas para compositores e produtores. Interface intuitiva e compatível com diversos formatos. Perfeito para criação, edição e masterização de áudio. Suporte técnico e atualizações contínuas. Recomendado pela comunidade musical internacional.Oferece compatibilidade com múltiplos sistemas operacionais.  Desempenho consistente e confiável.  Excelente custo-benefício.  Marca: Reason. ",253.16,29,3.8,54,"[{""texto"": ""Atendimento excelente e produto de primeira qualidade."", ""rating"": 5, ""data"": ""2026-06-11""}, {""texto"": ""Investimento que vale a pena. Produto de alta qualidade."", ""rating"": 4, ""data"": ""2026-05-08""}, {""texto"": ""Qualidade premium, recomendo para todos os músicos."", ""rating"": 5, ""data"": ""2026-05-11""}, {""texto"": ""Recomendo fortemente. Melhor compra do ano!"", ""rating"": 5, ""data"": ""2026-04-29""}]","intuitivo,poderoso,avançado,profissional,análise-espectral","{""Sistema"": ""Mac/Linux"", ""Processamento"": ""102 bit"", ""Taxa de Amostragem"": ""até 146 kHz"", ""Licença"": ""Perpétua""}",Aparecida,REA-SOFT-0418,ativo,2026-09-11
419,Cubase Notation Software,Software Musical,Cubase,"Software musical profissional Notation Software com recursos avançados de produção. Oferece ferramentas poderosas para compositores e produtores. Interface intuitiva e compatível com diversos formatos. Perfeito para criação, edição e masterização de áudio. Suporte técnico e atualizações contínuas. Recomendado pela comunidade musical internacional.Desempenho consistente e confiável.  Fácil de usar e manter.  Produto original com nota fiscal e garantia de fábrica.  Suporte técnico disponível 24/7.  Excelente custo-benefício.  Marca: Cubase. ",131.31,4,4.8,92,"[{""texto"": ""Produto excelente, chegou rápido e bem embalado."", ""rating"": 5, ""data"": ""2026-05-05""}, {""texto"": ""Construção sólida, som cristalino e resposta rápida."", ""rating"": 5, ""data"": ""2026-09-19""}, {""texto"": ""Recomendo fortemente. Melhor compra do ano!"", ""rating"": 5, ""data"": ""2026-05-21""}, {""texto"": ""Qualidade premium, recomendo para todos os músicos."", ""rating"": 4, ""data"": ""2026-08-08""}]","gravação,profissional,avançado,intuitivo","{""Sistema"": ""Windows/Mac/Linux"", ""Processamento"": ""129 bit"", ""Taxa de Amostragem"": ""até 157 kHz"", ""Licença"": ""Perpétua""}",Costela,CUB-SOFT-0419,ativo,2026-09-07
420,Cubase Editor de Vídeo Musical,Software Musical,Cubase,"Software musical profissional Editor de Vídeo Musical com recursos avançados de produção. Oferece ferramentas poderosas para compositores e produtores. Interface intuitiva e compatível com diversos formatos. Perfeito para criação, edição e masterização de áudio. Suporte técnico e atualizações contínuas. Recomendado pela comunidade musical internacional.Excelente custo-benefício.  Marca: Cubase.  Produto original com nota fiscal e garantia de fábrica.  Desempenho consistente e confiável.  Testado rigorosamente antes do envio.  Inclui manual de instruções detalhado em português. ",216.16,77,4.5,92,"[{""texto"": ""Suporte técnico muito responsivo e atencioso."", ""rating"": 5, ""data"": ""2026-04-01""}, {""texto"": ""Ideal para profissionais e iniciantes. Muito versátil."", ""rating"": 4, ""data"": ""2026-08-29""}]","gravação,poderoso,avançado,edição,análise-espectral","{""Sistema"": ""Windows/Mac"", ""Processamento"": ""75 bit"", ""Taxa de Amostragem"": ""até 110 kHz"", ""Licença"": ""Anual""}",Azevedo Macedo e Filhos,CUB-SOFT-0420,ativo,2026-08-23
421,Bitwig Plug-in de Efeitos,Software Musical,Bitwig,"Software musical profissional Plug-in de Efeitos com recursos avançados de produção. Oferece ferramentas poderosas para compositores e produtores. Interface intuitiva e compatível com diversos formatos. Perfeito para criação, edição e masterização de áudio. Suporte técnico e atualizações contínuas. Recomendado pela comunidade musical internacional.Marca: Bitwig.  Oferece compatibilidade com múltiplos sistemas operacionais.  Excelente custo-benefício.  Testado rigorosamente antes do envio.  Desempenho consistente e confiável.  Fácil de usar e manter. ",287.85,71,4.8,145,"[{""texto"": ""Compatibilidade perfeita com meus equipamentos."", ""rating"": 4, ""data"": ""2026-05-03""}, {""texto"": ""Compatibilidade perfeita com meus equipamentos."", ""rating"": 4, ""data"": ""2026-04-02""}, {""texto"": ""Perfeito para estúdio e apresentações. Ótimo custo-benefício."", ""rating"": 4, ""data"": ""2026-06-25""}, {""texto"": ""Embalagem profissional, produto impecável."", ""rating"": 5, ""data"": ""2026-05-12""}]","poderoso,análise-espectral,avançado","{""Sistema"": ""Windows/Mac"", ""Processamento"": ""182 bit"", ""Taxa de Amostragem"": ""até 165 kHz"", ""Licença"": ""Perpétua""}",Guerra Aparecida Ltda.,BIT-SOFT-0421,ativo,2025-11-29
422,Logic Pro Arpeggiador,Software Musical,Logic Pro,"Software musical profissional Arpeggiador com recursos avançados de produção. Oferece ferramentas poderosas para compositores e produtores. Interface intuitiva e compatível com diversos formatos. Perfeito para criação, edição e masterização de áudio. Suporte técnico e atualizações contínuas. Recomendado pela comunidade musical internacional.Suporte técnico disponível 24/7.  Testado rigorosamente antes do envio.  Oferece compatibilidade com múltiplos sistemas operacionais.  Desempenho consistente e confiável.  Marca: Logic Pro. ",388.29,47,3.6,70,"[{""texto"": ""Atendimento excelente e produto de primeira qualidade."", ""rating"": 5, ""data"": ""2026-05-24""}, {""texto"": ""Produto excelente, chegou rápido e bem embalado."", ""rating"": 4, ""data"": ""2026-06-19""}, {""texto"": ""Recomendo fortemente. Melhor compra do ano!"", ""rating"": 5, ""data"": ""2026-03-29""}, {""texto"": ""Compatibilidade perfeita com meus equipamentos."", ""rating"": 5, ""data"": ""2026-07-14""}, {""texto"": ""Qualidade premium, recomendo para todos os músicos."", ""rating"": 4, ""data"": ""2026-07-31""}]","análise-espectral,profissional,masterização,compatível,gravação,poderoso","{""Sistema"": ""Windows/Mac"", ""Processamento"": ""246 bit"", ""Taxa de Amostragem"": ""até 61 kHz"", ""Licença"": ""Anual""}",Cavalcanti Ltda.,LOG-SOFT-0422,inativo,2026-05-03
423,Reason Plug-in de Efeitos,Software Musical,Reason,"Software musical profissional Plug-in de Efeitos com recursos avançados de produção. Oferece ferramentas poderosas para compositores e produtores. Interface intuitiva e compatível com diversos formatos. Perfeito para criação, edição e masterização de áudio. Suporte técnico e atualizações contínuas. Recomendado pela comunidade musical internacional.Testado rigorosamente antes do envio.  Excelente custo-benefício.  Suporte técnico disponível 24/7.  Produto original com nota fiscal e garantia de fábrica.  Marca: Reason.  Oferece compatibilidade com múltiplos sistemas operacionais. ",489.15,6,4.4,59,"[{""texto"": ""Suporte técnico muito responsivo e atencioso."", ""rating"": 4, ""data"": ""2026-06-17""}, {""texto"": ""Compatibilidade perfeita com meus equipamentos."", ""rating"": 4, ""data"": ""2026-07-30""}, {""texto"": ""Produto excelente, chegou rápido e bem embalado."", ""rating"": 4, ""data"": ""2026-08-28""}, {""texto"": ""Construção sólida, som cristalino e resposta rápida."", ""rating"": 5, ""data"": ""2026-06-16""}]","compatível,masterização,poderoso,avançado","{""Sistema"": ""Mac/Linux"", ""Processamento"": ""143 bit"", ""Taxa de Amostragem"": ""até 90 kHz"", ""Licença"": ""Anual""}",Gomes e Filhos,REA-SOFT-0423,ativo,2026-07-21
424,Nuendo Sampler Digital,Software Musical,Nuendo,"Software musical profissional Sampler Digital com recursos avançados de produção. Oferece ferramentas poderosas para compositores e produtores. Interface intuitiva e compatível com diversos formatos. Perfeito para criação, edição e masterização de áudio. Suporte técnico e atualizações contínuas. Recomendado pela comunidade musical internacional.Desempenho consistente e confiável.  Suporte técnico disponível 24/7.  Fácil de usar e manter.  Oferece compatibilidade com múltiplos sistemas operacionais. ",139.99,42,3.9,120,"[{""texto"": ""Atendimento excelente e produto de primeira qualidade."", ""rating"": 4, ""data"": ""2026-07-12""}, {""texto"": ""Perfeito para estúdio e apresentações. Ótimo custo-benefício."", ""rating"": 4, ""data"": ""2026-07-09""}]","gravação,produção,poderoso,análise-espectral,compatível,avançado","{""Sistema"": ""Mac/Linux"", ""Processamento"": ""161 bit"", ""Taxa de Amostragem"": ""até 60 kHz"", ""Licença"": ""Perpétua""}",Rocha,NUE-SOFT-0424,ativo,2026-05-16
425,Bitwig Sequenciador MIDI,Software Musical,Bitwig,"Software musical profissional Sequenciador MIDI com recursos avançados de produção. Oferece ferramentas poderosas para compositores e produtores. Interface intuitiva e compatível com diversos formatos. Perfeito para criação, edição e masterização de áudio. Suporte técnico e atualizações contínuas. Recomendado pela comunidade musical internacional.Fácil de usar e manter.  Desempenho consistente e confiável.  Recomendado por especialistas da área.  Marca: Bitwig.  Inclui manual de instruções detalhado em português. ",454.98,47,4.8,125,"[{""texto"": ""Suporte técnico muito responsivo e atencioso."", ""rating"": 4, ""data"": ""2026-07-03""}, {""texto"": ""Ideal para profissionais e iniciantes. Muito versátil."", ""rating"": 5, ""data"": ""2026-03-30""}, {""texto"": ""Produto confiável para uso contínuo."", ""rating"": 4, ""data"": ""2026-05-16""}, {""texto"": ""Excelente relação qualidade-preço."", ""rating"": 4, ""data"": ""2026-06-20""}]","compatível,edição,produção","{""Sistema"": ""Windows/Mac/Linux"", ""Processamento"": ""168 bit"", ""Taxa de Amostragem"": ""até 141 kHz"", ""Licença"": ""Anual""}",Gomes Ltda.,BIT-SOFT-0425,ativo,2026-05-25
426,Bitwig Metrônomo Digital,Software Musical,Bitwig,"Software musical profissional Metrônomo Digital com recursos avançados de produção. Oferece ferramentas poderosas para compositores e produtores. Interface intuitiva e compatível com diversos formatos. Perfeito para criação, edição e masterização de áudio. Suporte técnico e atualizações contínuas. Recomendado pela comunidade musical internacional.Excelente custo-benefício.  Marca: Bitwig.  Oferece compatibilidade com múltiplos sistemas operacionais.  Recomendado por especialistas da área.  Suporte técnico disponível 24/7.  Desempenho consistente e confiável. ",202.79,7,4.0,121,"[{""texto"": ""Recomendo fortemente. Melhor compra do ano!"", ""rating"": 5, ""data"": ""2026-06-22""}, {""texto"": ""Sonho realizado! Superou minhas expectativas."", ""rating"": 5, ""data"": ""2026-08-02""}, {""texto"": ""Produto confiável para uso contínuo."", ""rating"": 4, ""data"": ""2026-08-29""}, {""texto"": ""Compatibilidade perfeita com meus equipamentos."", ""rating"": 5, ""data"": ""2026-04-02""}]","análise-espectral,gravação,produção,intuitivo,masterização","{""Sistema"": ""Mac/Linux"", ""Processamento"": ""160 bit"", ""Taxa de Amostragem"": ""até 153 kHz"", ""Licença"": ""Perpétua""}",Abreu,BIT-SOFT-0426,ativo,2025-10-16
427,Ableton DAW Profissional,Software Musical,Ableton,"Software musical profissional DAW Profissional com recursos avançados de produção. Oferece ferramentas poderosas para compositores e produtores. Interface intuitiva e compatível com diversos formatos. Perfeito para criação, edição e masterização de áudio. Suporte técnico e atualizações contínuas. Recomendado pela comunidade musical internacional.Fácil de usar e manter.  Inclui manual de instruções detalhado em português.  Marca: Ableton.  Excelente custo-benefício.  Recomendado por especialistas da área. ",349.52,32,4.8,31,"[{""texto"": ""Suporte técnico muito responsivo e atencioso."", ""rating"": 4, ""data"": ""2026-07-21""}, {""texto"": ""Atendimento excelente e produto de primeira qualidade."", ""rating"": 5, ""data"": ""2026-07-26""}, {""texto"": ""Compatibilidade perfeita com meus equipamentos."", ""rating"": 4, ""data"": ""2026-08-04""}, {""texto"": ""Construção sólida, som cristalino e resposta rápida."", ""rating"": 5, ""data"": ""2026-05-02""}]","gravação,avançado,produção,edição,poderoso","{""Sistema"": ""Cloud"", ""Processamento"": ""135 bit"", ""Taxa de Amostragem"": ""até 164 kHz"", ""Licença"": ""Perpétua""}",Duarte,ABL-SOFT-0427,ativo,2025-10-07
428,Ableton Analisador Espectral,Software Musical,Ableton,"Software musical profissional Analisador Espectral com recursos avançados de produção. Oferece ferramentas poderosas para compositores e produtores. Interface intuitiva e compatível com diversos formatos. Perfeito para criação, edição e masterização de áudio. Suporte técnico e atualizações contínuas. Recomendado pela comunidade musical internacional.Fácil de usar e manter.  Oferece compatibilidade com múltiplos sistemas operacionais.  Recomendado por especialistas da área.  Marca: Ableton.  Testado rigorosamente antes do envio.  Excelente custo-benefício. ",222.78,25,3.9,102,"[{""texto"": ""Produto excelente, chegou rápido e bem embalado."", ""rating"": 5, ""data"": ""2026-04-23""}, {""texto"": ""Construção sólida, som cristalino e resposta rápida."", ""rating"": 5, ""data"": ""2026-07-21""}, {""texto"": ""Excelente relação qualidade-preço."", ""rating"": 4, ""data"": ""2026-05-27""}]","compatível,análise-espectral,avançado","{""Sistema"": ""Windows/Mac/Linux"", ""Processamento"": ""234 bit"", ""Taxa de Amostragem"": ""até 159 kHz"", ""Licença"": ""Anual""}",Nogueira,ABL-SOFT-0428,ativo,2026-01-29
429,Pro Tools Tuner Software,Software Musical,Pro Tools,"Software musical profissional Tuner Software com recursos avançados de produção. Oferece ferramentas poderosas para compositores e produtores. Interface intuitiva e compatível com diversos formatos. Perfeito para criação, edição e masterização de áudio. Suporte técnico e atualizações contínuas. Recomendado pela comunidade musical internacional.Recomendado por especialistas da área.  Inclui manual de instruções detalhado em português.  Produto original com nota fiscal e garantia de fábrica.  Excelente custo-benefício.  Testado rigorosamente antes do envio. ",140.39,94,4.6,198,"[{""texto"": ""Sonho realizado! Superou minhas expectativas."", ""rating"": 4, ""data"": ""2026-05-12""}, {""texto"": ""Atendimento excelente e produto de primeira qualidade."", ""rating"": 4, ""data"": ""2026-06-23""}, {""texto"": ""Profissional, durável e confiável. Muito bom!"", ""rating"": 4, ""data"": ""2026-07-23""}]","edição,compatível,avançado,poderoso","{""Sistema"": ""Mac/Linux"", ""Processamento"": ""132 bit"", ""Taxa de Amostragem"": ""até 143 kHz"", ""Licença"": ""Anual""}",Fonseca,PRO-SOFT-0429,ativo,2026-02-25
430,FL Studio Notation Software,Software Musical,FL Studio,"Software musical profissional Notation Software com recursos avançados de produção. Oferece ferramentas poderosas para compositores e produtores. Interface intuitiva e compatível com diversos formatos. Perfeito para criação, edição e masterização de áudio. Suporte técnico e atualizações contínuas. Recomendado pela comunidade musical internacional.Testado rigorosamente antes do envio.  Oferece compatibilidade com múltiplos sistemas operacionais.  Inclui manual de instruções detalhado em português.  Marca: FL Studio. ",96.91,63,4.6,183,"[{""texto"": ""Ideal para profissionais e iniciantes. Muito versátil."", ""rating"": 4, ""data"": ""2026-07-04""}, {""texto"": ""Compatibilidade perfeita com meus equipamentos."", ""rating"": 5, ""data"": ""2026-08-16""}, {""texto"": ""Recomendo fortemente. Melhor compra do ano!"", ""rating"": 5, ""data"": ""2026-04-02""}]","produção,intuitivo,avançado","{""Sistema"": ""Windows/Mac"", ""Processamento"": ""83 bit"", ""Taxa de Amostragem"": ""até 186 kHz"", ""Licença"": ""Anual""}",Cardoso,FL -SOFT-0430,ativo,2026-05-26
431,Bitwig Editor de Vídeo Musical,Software Musical,Bitwig,"Software musical profissional Editor de Vídeo Musical com recursos avançados de produção. Oferece ferramentas poderosas para compositores e produtores. Interface intuitiva e compatível com diversos formatos. Perfeito para criação, edição e masterização de áudio. Suporte técnico e atualizações contínuas. Recomendado pela comunidade musical internacional.Produto original com nota fiscal e garantia de fábrica.  Recomendado por especialistas da área.  Oferece compatibilidade com múltiplos sistemas operacionais.  Marca: Bitwig. ",105.82,64,3.9,191,"[{""texto"": ""Construção sólida, som cristalino e resposta rápida."", ""rating"": 4, ""data"": ""2026-07-09""}, {""texto"": ""Sonho realizado! Superou minhas expectativas."", ""rating"": 5, ""data"": ""2026-07-15""}, {""texto"": ""Investimento que vale a pena. Produto de alta qualidade."", ""rating"": 5, ""data"": ""2026-08-02""}, {""texto"": ""Produto excelente, chegou rápido e bem embalado."", ""rating"": 4, ""data"": ""2026-08-06""}]","avançado,poderoso,gravação,análise-espectral,profissional","{""Sistema"": ""Windows/Mac"", ""Processamento"": ""242 bit"", ""Taxa de Amostragem"": ""até 188 kHz"", ""Licença"": ""Perpétua""}",Borges Pacheco Ltda.,BIT-SOFT-0431,ativo,2026-01-15
432,Pro Tools Analisador Espectral,Software Musical,Pro Tools,"Software musical profissional Analisador Espectral com recursos avançados de produção. Oferece ferramentas poderosas para compositores e produtores. Interface intuitiva e compatível com diversos formatos. Perfeito para criação, edição e masterização de áudio. Suporte técnico e atualizações contínuas. Recomendado pela comunidade musical internacional.Recomendado por especialistas da área.  Excelente custo-benefício.  Marca: Pro Tools.  Produto original com nota fiscal e garantia de fábrica.  Suporte técnico disponível 24/7.  Desempenho consistente e confiável. ",237.4,0,4.3,9,"[{""texto"": ""Construção sólida, som cristalino e resposta rápida."", ""rating"": 4, ""data"": ""2026-09-03""}, {""texto"": ""Construção sólida, som cristalino e resposta rápida."", ""rating"": 4, ""data"": ""2026-04-21""}, {""texto"": ""Profissional, durável e confiável. Muito bom!"", ""rating"": 5, ""data"": ""2026-05-02""}, {""texto"": ""Construção sólida, som cristalino e resposta rápida."", ""rating"": 5, ""data"": ""2026-07-16""}, {""texto"": ""Investimento que vale a pena. Produto de alta qualidade."", ""rating"": 5, ""data"": ""2026-06-05""}]","compatível,gravação,análise-espectral,avançado,poderoso","{""Sistema"": ""Mac/Linux"", ""Processamento"": ""149 bit"", ""Taxa de Amostragem"": ""até 88 kHz"", ""Licença"": ""Perpétua""}",Pimenta Oliveira S.A.,PRO-SOFT-0432,ativo,2026-03-25
433,Ableton Mastering Software,Software Musical,Ableton,"Software musical profissional Mastering Software com recursos avançados de produção. Oferece ferramentas poderosas para compositores e produtores. Interface intuitiva e compatível com diversos formatos. Perfeito para criação, edição e masterização de áudio. Suporte técnico e atualizações contínuas. Recomendado pela comunidade musical internacional.Excelente custo-benefício.  Suporte técnico disponível 24/7.  Produto original com nota fiscal e garantia de fábrica.  Marca: Ableton. ",282.55,40,4.3,100,"[{""texto"": ""Ideal para profissionais e iniciantes. Muito versátil."", ""rating"": 5, ""data"": ""2026-09-09""}, {""texto"": ""Compatibilidade perfeita com meus equipamentos."", ""rating"": 5, ""data"": ""2026-05-05""}, {""texto"": ""Atendimento excelente e produto de primeira qualidade."", ""rating"": 4, ""data"": ""2026-06-22""}, {""texto"": ""Sonho realizado! Superou minhas expectativas."", ""rating"": 5, ""data"": ""2026-04-16""}]","poderoso,análise-espectral,intuitivo,edição,produção","{""Sistema"": ""Windows/Mac"", ""Processamento"": ""71 bit"", ""Taxa de Amostragem"": ""até 88 kHz"", ""Licença"": ""Anual""}",da Rosa - EI,ABL-SOFT-0433,ativo,2026-06-29
434,Reaper Editor de Vídeo Musical,Software Musical,Reaper,"Software musical profissional Editor de Vídeo Musical com recursos avançados de produção. Oferece ferramentas poderosas para compositores e produtores. Interface intuitiva e compatível com diversos formatos. Perfeito para criação, edição e masterização de áudio. Suporte técnico e atualizações contínuas. Recomendado pela comunidade musical internacional.Excelente custo-benefício.  Marca: Reaper.  Desempenho consistente e confiável.  Oferece compatibilidade com múltiplos sistemas operacionais.  Recomendado por especialistas da área. ",416.14,32,4.0,37,"[{""texto"": ""Sonho realizado! Superou minhas expectativas."", ""rating"": 4, ""data"": ""2026-08-15""}, {""texto"": ""Produto excelente, chegou rápido e bem embalado."", ""rating"": 4, ""data"": ""2026-07-02""}, {""texto"": ""Embalagem profissional, produto impecável."", ""rating"": 4, ""data"": ""2026-05-03""}, {""texto"": ""Construção sólida, som cristalino e resposta rápida."", ""rating"": 4, ""data"": ""2026-04-01""}, {""texto"": ""Atendimento excelente e produto de primeira qualidade."", ""rating"": 4, ""data"": ""2026-05-19""}]","avançado,poderoso,análise-espectral","{""Sistema"": ""Windows/Mac"", ""Processamento"": ""226 bit"", ""Taxa de Amostragem"": ""até 171 kHz"", ""Licença"": ""Anual""}",Lopes Cunha e Filhos,REA-SOFT-0434,ativo,2026-09-05
435,FL Studio Convolver de Áudio,Software Musical,FL Studio,"Software musical profissional Convolver de Áudio com recursos avançados de produção. Oferece ferramentas poderosas para compositores e produtores. Interface intuitiva e compatível com diversos formatos. Perfeito para criação, edição e masterização de áudio. Suporte técnico e atualizações contínuas. Recomendado pela comunidade musical internacional.Desempenho consistente e confiável.  Testado rigorosamente antes do envio.  Produto original com nota fiscal e garantia de fábrica.  Suporte técnico disponível 24/7.  Recomendado por especialistas da área.  Inclui manual de instruções detalhado em português. ",287.47,70,4.1,23,"[{""texto"": ""Sonho realizado! Superou minhas expectativas."", ""rating"": 4, ""data"": ""2026-03-29""}, {""texto"": ""Perfeito para estúdio e apresentações. Ótimo custo-benefício."", ""rating"": 4, ""data"": ""2026-05-13""}, {""texto"": ""Produto confiável para uso contínuo."", ""rating"": 5, ""data"": ""2026-08-29""}, {""texto"": ""Embalagem profissional, produto impecável."", ""rating"": 5, ""data"": ""2026-04-05""}]","profissional,produção,intuitivo","{""Sistema"": ""Windows/Mac/Linux"", ""Processamento"": ""226 bit"", ""Taxa de Amostragem"": ""até 181 kHz"", ""Licença"": ""Perpétua""}",Nunes,FL -SOFT-0435,ativo,2026-07-08
436,Ableton Sequenciador MIDI,Software Musical,Ableton,"Software musical profissional Sequenciador MIDI com recursos avançados de produção. Oferece ferramentas poderosas para compositores e produtores. Interface intuitiva e compatível com diversos formatos. Perfeito para criação, edição e masterização de áudio. Suporte técnico e atualizações contínuas. Recomendado pela comunidade musical internacional.Suporte técnico disponível 24/7.  Marca: Ableton.  Inclui manual de instruções detalhado em português.  Produto original com nota fiscal e garantia de fábrica.  Testado rigorosamente antes do envio.  Desempenho consistente e confiável. ",370.45,12,4.8,108,"[{""texto"": ""Ideal para profissionais e iniciantes. Muito versátil."", ""rating"": 5, ""data"": ""2026-04-27""}, {""texto"": ""Compatibilidade perfeita com meus equipamentos."", ""rating"": 5, ""data"": ""2026-06-15""}, {""texto"": ""Compatibilidade perfeita com meus equipamentos."", ""rating"": 5, ""data"": ""2026-08-15""}]","análise-espectral,avançado,produção,profissional,intuitivo","{""Sistema"": ""Windows/Mac"", ""Processamento"": ""151 bit"", ""Taxa de Amostragem"": ""até 50 kHz"", ""Licença"": ""Anual""}",da Mota,ABL-SOFT-0436,ativo,2026-01-13
437,Cubase DAW Profissional,Software Musical,Cubase,"Software musical profissional DAW Profissional com recursos avançados de produção. Oferece ferramentas poderosas para compositores e produtores. Interface intuitiva e compatível com diversos formatos. Perfeito para criação, edição e masterização de áudio. Suporte técnico e atualizações contínuas. Recomendado pela comunidade musical internacional.Marca: Cubase.  Excelente custo-benefício.  Desempenho consistente e confiável.  Testado rigorosamente antes do envio. ",311.65,79,4.0,38,"[{""texto"": ""Atendimento excelente e produto de primeira qualidade."", ""rating"": 5, ""data"": ""2026-07-07""}, {""texto"": ""Atendimento excelente e produto de primeira qualidade."", ""rating"": 5, ""data"": ""2026-09-05""}]","análise-espectral,masterização,avançado,edição,intuitivo,profissional","{""Sistema"": ""Cloud"", ""Processamento"": ""79 bit"", ""Taxa de Amostragem"": ""até 99 kHz"", ""Licença"": ""Anual""}",Vargas Cassiano e Filhos,CUB-SOFT-0437,ativo,2025-11-09
438,Ableton DAW Profissional,Software Musical,Ableton,"Software musical profissional DAW Profissional com recursos avançados de produção. Oferece ferramentas poderosas para compositores e produtores. Interface intuitiva e compatível com diversos formatos. Perfeito para criação, edição e masterização de áudio. Suporte técnico e atualizações contínuas. Recomendado pela comunidade musical internacional.Suporte técnico disponível 24/7.  Excelente custo-benefício.  Fácil de usar e manter.  Recomendado por especialistas da área.  Produto original com nota fiscal e garantia de fábrica.  Testado rigorosamente antes do envio. ",125.0,95,3.9,170,"[{""texto"": ""Investimento que vale a pena. Produto de alta qualidade."", ""rating"": 4, ""data"": ""2026-09-04""}, {""texto"": ""Sonho realizado! Superou minhas expectativas."", ""rating"": 4, ""data"": ""2026-04-20""}, {""texto"": ""Suporte técnico muito responsivo e atencioso."", ""rating"": 5, ""data"": ""2026-09-11""}, {""texto"": ""Perfeito para estúdio e apresentações. Ótimo custo-benefício."", ""rating"": 4, ""data"": ""2026-04-29""}, {""texto"": ""Ideal para profissionais e iniciantes. Muito versátil."", ""rating"": 5, ""data"": ""2026-04-16""}]","edição,compatível,profissional,avançado,gravação","{""Sistema"": ""Mac/Linux"", ""Processamento"": ""166 bit"", ""Taxa de Amostragem"": ""até 112 kHz"", ""Licença"": ""Anual""}",Rezende,ABL-SOFT-0438,ativo,2026-08-28
439,Reaper Mastering Software,Software Musical,Reaper,"Software musical profissional Mastering Software com recursos avançados de produção. Oferece ferramentas poderosas para compositores e produtores. Interface intuitiva e compatível com diversos formatos. Perfeito para criação, edição e masterização de áudio. Suporte técnico e atualizações contínuas. Recomendado pela comunidade musical internacional.Inclui manual de instruções detalhado em português.  Testado rigorosamente antes do envio.  Suporte técnico disponível 24/7.  Marca: Reaper.  Oferece compatibilidade com múltiplos sistemas operacionais.  Recomendado por especialistas da área. ",199.55,40,4.3,44,"[{""texto"": ""Qualidade premium, recomendo para todos os músicos."", ""rating"": 5, ""data"": ""2026-06-07""}, {""texto"": ""Atendimento excelente e produto de primeira qualidade."", ""rating"": 4, ""data"": ""2026-04-11""}, {""texto"": ""Atendimento excelente e produto de primeira qualidade."", ""rating"": 4, ""data"": ""2026-09-24""}, {""texto"": ""Atendimento excelente e produto de primeira qualidade."", ""rating"": 4, ""data"": ""2026-09-07""}]","análise-espectral,masterização,gravação,edição,poderoso","{""Sistema"": ""Windows/Mac"", ""Processamento"": ""147 bit"", ""Taxa de Amostragem"": ""até 132 kHz"", ""Licença"": ""Anual""}",Fernandes - EI,REA-SOFT-0439,inativo,2026-06-30
440,Studio One Editor de Vídeo Musical,Software Musical,Studio One,"Software musical profissional Editor de Vídeo Musical com recursos avançados de produção. Oferece ferramentas poderosas para compositores e produtores. Interface intuitiva e compatível com diversos formatos. Perfeito para criação, edição e masterização de áudio. Suporte técnico e atualizações contínuas. Recomendado pela comunidade musical internacional.Marca: Studio One.  Fácil de usar e manter.  Testado rigorosamente antes do envio.  Inclui manual de instruções detalhado em português. ",322.92,23,4.2,144,"[{""texto"": ""Perfeito para estúdio e apresentações. Ótimo custo-benefício."", ""rating"": 5, ""data"": ""2026-06-22""}, {""texto"": ""Produto confiável para uso contínuo."", ""rating"": 4, ""data"": ""2026-09-22""}, {""texto"": ""Perfeito para estúdio e apresentações. Ótimo custo-benefício."", ""rating"": 5, ""data"": ""2026-06-25""}, {""texto"": ""Qualidade premium, recomendo para todos os músicos."", ""rating"": 5, ""data"": ""2026-04-28""}]","compatível,poderoso,masterização,avançado","{""Sistema"": ""Cloud"", ""Processamento"": ""180 bit"", ""Taxa de Amostragem"": ""até 98 kHz"", ""Licença"": ""Anual""}",Pires,STU-SOFT-0440,ativo,2025-12-04
441,Cubase Mastering Software,Software Musical,Cubase,"Software musical profissional Mastering Software com recursos avançados de produção. Oferece ferramentas poderosas para compositores e produtores. Interface intuitiva e compatível com diversos formatos. Perfeito para criação, edição e masterização de áudio. Suporte técnico e atualizações contínuas. Recomendado pela comunidade musical internacional.Suporte técnico disponível 24/7.  Fácil de usar e manter.  Excelente custo-benefício.  Produto original com nota fiscal e garantia de fábrica.  Inclui manual de instruções detalhado em português. ",365.46,87,4.8,41,"[{""texto"": ""Sonho realizado! Superou minhas expectativas."", ""rating"": 4, ""data"": ""2026-08-28""}, {""texto"": ""Construção sólida, som cristalino e resposta rápida."", ""rating"": 4, ""data"": ""2026-07-17""}, {""texto"": ""Profissional, durável e confiável. Muito bom!"", ""rating"": 5, ""data"": ""2026-09-19""}]","intuitivo,gravação,poderoso,análise-espectral","{""Sistema"": ""Mac/Linux"", ""Processamento"": ""60 bit"", ""Taxa de Amostragem"": ""até 57 kHz"", ""Licença"": ""Perpétua""}",Vargas,CUB-SOFT-0441,ativo,2026-04-12
442,Reaper Sampler Digital,Software Musical,Reaper,"Software musical profissional Sampler Digital com recursos avançados de produção. Oferece ferramentas poderosas para compositores e produtores. Interface intuitiva e compatível com diversos formatos. Perfeito para criação, edição e masterização de áudio. Suporte técnico e atualizações contínuas. Recomendado pela comunidade musical internacional.Recomendado por especialistas da área.  Excelente custo-benefício.  Fácil de usar e manter.  Oferece compatibilidade com múltiplos sistemas operacionais.  Produto original com nota fiscal e garantia de fábrica.  Desempenho consistente e confiável. ",305.2,34,4.5,52,"[{""texto"": ""Atendimento excelente e produto de primeira qualidade."", ""rating"": 4, ""data"": ""2026-04-02""}, {""texto"": ""Investimento que vale a pena. Produto de alta qualidade."", ""rating"": 4, ""data"": ""2026-03-31""}, {""texto"": ""Recomendo fortemente. Melhor compra do ano!"", ""rating"": 4, ""data"": ""2026-06-26""}, {""texto"": ""Suporte técnico muito responsivo e atencioso."", ""rating"": 5, ""data"": ""2026-05-14""}]","poderoso,compatível,intuitivo","{""Sistema"": ""Cloud"", ""Processamento"": ""141 bit"", ""Taxa de Amostragem"": ""até 106 kHz"", ""Licença"": ""Perpétua""}",Câmara S.A.,REA-SOFT-0442,ativo,2026-07-26
443,Cubase Arpeggiador,Software Musical,Cubase,"Software musical profissional Arpeggiador com recursos avançados de produção. Oferece ferramentas poderosas para compositores e produtores. Interface intuitiva e compatível com diversos formatos. Perfeito para criação, edição e masterização de áudio. Suporte técnico e atualizações contínuas. Recomendado pela comunidade musical internacional.Desempenho consistente e confiável.  Excelente custo-benefício.  Produto original com nota fiscal e garantia de fábrica.  Fácil de usar e manter. ",186.89,80,3.7,128,"[{""texto"": ""Suporte técnico muito responsivo e atencioso."", ""rating"": 5, ""data"": ""2026-05-03""}, {""texto"": ""Qualidade premium, recomendo para todos os músicos."", ""rating"": 5, ""data"": ""2026-06-02""}, {""texto"": ""Atendimento excelente e produto de primeira qualidade."", ""rating"": 4, ""data"": ""2026-04-24""}]","masterização,edição,compatível,avançado,produção","{""Sistema"": ""Windows/Mac"", ""Processamento"": ""104 bit"", ""Taxa de Amostragem"": ""até 61 kHz"", ""Licença"": ""Anual""}",Cavalcante S.A.,CUB-SOFT-0443,ativo,2026-04-14
444,Ableton Tuner Software,Software Musical,Ableton,"Software musical profissional Tuner Software com recursos avançados de produção. Oferece ferramentas poderosas para compositores e produtores. Interface intuitiva e compatível com diversos formatos. Perfeito para criação, edição e masterização de áudio. Suporte técnico e atualizações contínuas. Recomendado pela comunidade musical internacional.Oferece compatibilidade com múltiplos sistemas operacionais.  Recomendado por especialistas da área.  Fácil de usar e manter.  Excelente custo-benefício. ",424.82,70,4.0,17,"[{""texto"": ""Construção sólida, som cristalino e resposta rápida."", ""rating"": 4, ""data"": ""2026-07-30""}, {""texto"": ""Ideal para profissionais e iniciantes. Muito versátil."", ""rating"": 4, ""data"": ""2026-08-18""}, {""texto"": ""Suporte técnico muito responsivo e atencioso."", ""rating"": 5, ""data"": ""2026-09-23""}]","compatível,análise-espectral,avançado,gravação,produção,poderoso","{""Sistema"": ""Windows/Mac"", ""Processamento"": ""97 bit"", ""Taxa de Amostragem"": ""até 54 kHz"", ""Licença"": ""Perpétua""}",da Cunha,ABL-SOFT-0444,ativo,2025-12-15
445,Pro Tools Mastering Software,Software Musical,Pro Tools,"Software musical profissional Mastering Software com recursos avançados de produção. Oferece ferramentas poderosas para compositores e produtores. Interface intuitiva e compatível com diversos formatos. Perfeito para criação, edição e masterização de áudio. Suporte técnico e atualizações contínuas. Recomendado pela comunidade musical internacional.Excelente custo-benefício.  Testado rigorosamente antes do envio.  Produto original com nota fiscal e garantia de fábrica.  Fácil de usar e manter.  Oferece compatibilidade com múltiplos sistemas operacionais. ",251.17,83,3.5,168,"[{""texto"": ""Produto excelente, chegou rápido e bem embalado."", ""rating"": 4, ""data"": ""2026-07-21""}, {""texto"": ""Construção sólida, som cristalino e resposta rápida."", ""rating"": 5, ""data"": ""2026-05-05""}, {""texto"": ""Recomendo fortemente. Melhor compra do ano!"", ""rating"": 5, ""data"": ""2026-09-22""}, {""texto"": ""Perfeito para estúdio e apresentações. Ótimo custo-benefício."", ""rating"": 5, ""data"": ""2026-08-17""}, {""texto"": ""Produto confiável para uso contínuo."", ""rating"": 4, ""data"": ""2026-06-17""}]","produção,masterização,poderoso,intuitivo,edição,gravação","{""Sistema"": ""Windows/Mac/Linux"", ""Processamento"": ""128 bit"", ""Taxa de Amostragem"": ""até 130 kHz"", ""Licença"": ""Anual""}",Ribeiro,PRO-SOFT-0445,ativo,2026-06-24
446,Logic Pro Gravador Multipista,Software Musical,Logic Pro,"Software musical profissional Gravador Multipista com recursos avançados de produção. Oferece ferramentas poderosas para compositores e produtores. Interface intuitiva e compatível com diversos formatos. Perfeito para criação, edição e masterização de áudio. Suporte técnico e atualizações contínuas. Recomendado pela comunidade musical internacional.Excelente custo-benefício.  Fácil de usar e manter.  Testado rigorosamente antes do envio.  Suporte técnico disponível 24/7.  Recomendado por especialistas da área.  Oferece compatibilidade com múltiplos sistemas operacionais. ",325.25,37,3.7,77,"[{""texto"": ""Investimento que vale a pena. Produto de alta qualidade."", ""rating"": 5, ""data"": ""2026-07-06""}, {""texto"": ""Produto excelente, chegou rápido e bem embalado."", ""rating"": 4, ""data"": ""2026-03-31""}]","intuitivo,produção,gravação,profissional","{""Sistema"": ""Windows/Mac/Linux"", ""Processamento"": ""70 bit"", ""Taxa de Amostragem"": ""até 135 kHz"", ""Licença"": ""Perpétua""}",Cavalcante,LOG-SOFT-0446,inativo,2026-01-10
447,Nuendo Analisador Espectral,Software Musical,Nuendo,"Software musical profissional Analisador Espectral com recursos avançados de produção. Oferece ferramentas poderosas para compositores e produtores. Interface intuitiva e compatível com diversos formatos. Perfeito para criação, edição e masterização de áudio. Suporte técnico e atualizações contínuas. Recomendado pela comunidade musical internacional.Excelente custo-benefício.  Fácil de usar e manter.  Marca: Nuendo.  Inclui manual de instruções detalhado em português.  Testado rigorosamente antes do envio. ",497.08,9,4.2,95,"[{""texto"": ""Produto confiável para uso contínuo."", ""rating"": 5, ""data"": ""2026-06-25""}, {""texto"": ""Perfeito para estúdio e apresentações. Ótimo custo-benefício."", ""rating"": 5, ""data"": ""2026-09-22""}, {""texto"": ""Produto confiável para uso contínuo."", ""rating"": 4, ""data"": ""2026-06-25""}, {""texto"": ""Qualidade premium, recomendo para todos os músicos."", ""rating"": 4, ""data"": ""2026-08-13""}]","produção,edição,intuitivo,profissional","{""Sistema"": ""Cloud"", ""Processamento"": ""252 bit"", ""Taxa de Amostragem"": ""até 136 kHz"", ""Licença"": ""Perpétua""}",Rocha,NUE-SOFT-0447,ativo,2026-05-10
448,Pro Tools Sintetizador Software,Software Musical,Pro Tools,"Software musical profissional Sintetizador Software com recursos avançados de produção. Oferece ferramentas poderosas para compositores e produtores. Interface intuitiva e compatível com diversos formatos. Perfeito para criação, edição e masterização de áudio. Suporte técnico e atualizações contínuas. Recomendado pela comunidade musical internacional.Excelente custo-benefício.  Desempenho consistente e confiável.  Testado rigorosamente antes do envio.  Inclui manual de instruções detalhado em português. ",127.91,21,4.8,119,"[{""texto"": ""Perfeito para estúdio e apresentações. Ótimo custo-benefício."", ""rating"": 4, ""data"": ""2026-08-03""}, {""texto"": ""Excelente relação qualidade-preço."", ""rating"": 5, ""data"": ""2026-09-06""}]","masterização,compatível,análise-espectral,intuitivo","{""Sistema"": ""Cloud"", ""Processamento"": ""139 bit"", ""Taxa de Amostragem"": ""até 97 kHz"", ""Licença"": ""Perpétua""}",Rezende,PRO-SOFT-0448,ativo,2026-05-22
449,Bitwig Tuner Software,Software Musical,Bitwig,"Software musical profissional Tuner Software com recursos avançados de produção. Oferece ferramentas poderosas para compositores e produtores. Interface intuitiva e compatível com diversos formatos. Perfeito para criação, edição e masterização de áudio. Suporte técnico e atualizações contínuas. Recomendado pela comunidade musical internacional.Produto original com nota fiscal e garantia de fábrica.  Desempenho consistente e confiável.  Fácil de usar e manter.  Testado rigorosamente antes do envio.  Inclui manual de instruções detalhado em português.  Oferece compatibilidade com múltiplos sistemas operacionais. ",210.04,8,3.6,57,"[{""texto"": ""Ideal para profissionais e iniciantes. Muito versátil."", ""rating"": 5, ""data"": ""2026-08-01""}, {""texto"": ""Excelente relação qualidade-preço."", ""rating"": 4, ""data"": ""2026-07-05""}, {""texto"": ""Construção sólida, som cristalino e resposta rápida."", ""rating"": 4, ""data"": ""2026-07-29""}, {""texto"": ""Excelente relação qualidade-preço."", ""rating"": 5, ""data"": ""2026-07-31""}]","compatível,avançado,masterização,gravação,análise-espectral","{""Sistema"": ""Cloud"", ""Processamento"": ""184 bit"", ""Taxa de Amostragem"": ""até 93 kHz"", ""Licença"": ""Perpétua""}",Rezende Monteiro - ME,BIT-SOFT-0449,ativo,2026-09-22
450,Nuendo Editor de Vídeo Musical,Software Musical,Nuendo,"Software musical profissional Editor de Vídeo Musical com recursos avançados de produção. Oferece ferramentas poderosas para compositores e produtores. Interface intuitiva e compatível com diversos formatos. Perfeito para criação, edição e masterização de áudio. Suporte técnico e atualizações contínuas. Recomendado pela comunidade musical internacional.Oferece compatibilidade com múltiplos sistemas operacionais.  Desempenho consistente e confiável.  Recomendado por especialistas da área.  Marca: Nuendo. ",179.65,13,3.5,108,"[{""texto"": ""Profissional, durável e confiável. Muito bom!"", ""rating"": 4, ""data"": ""2026-04-11""}, {""texto"": ""Qualidade premium, recomendo para todos os músicos."", ""rating"": 4, ""data"": ""2026-05-24""}, {""texto"": ""Recomendo fortemente. Melhor compra do ano!"", ""rating"": 4, ""data"": ""2026-05-04""}, {""texto"": ""Embalagem profissional, produto impecável."", ""rating"": 5, ""data"": ""2026-03-31""}, {""texto"": ""Suporte técnico muito responsivo e atencioso."", ""rating"": 4, ""data"": ""2026-06-15""}]","poderoso,produção,análise-espectral,intuitivo","{""Sistema"": ""Cloud"", ""Processamento"": ""222 bit"", ""Taxa de Amostragem"": ""até 184 kHz"", ""Licença"": ""Perpétua""}",da Luz,NUE-SOFT-0450,ativo,2025-10-07
451,Nuendo Quantizador Automático,Software Musical,Nuendo,"Software musical profissional Quantizador Automático com recursos avançados de produção. Oferece ferramentas poderosas para compositores e produtores. Interface intuitiva e compatível com diversos formatos. Perfeito para criação, edição e masterização de áudio. Suporte técnico e atualizações contínuas. Recomendado pela comunidade musical internacional.Recomendado por especialistas da área.  Oferece compatibilidade com múltiplos sistemas operacionais.  Excelente custo-benefício.  Testado rigorosamente antes do envio.  Fácil de usar e manter. ",436.75,1,4.3,73,"[{""texto"": ""Suporte técnico muito responsivo e atencioso."", ""rating"": 5, ""data"": ""2026-04-25""}, {""texto"": ""Excelente relação qualidade-preço."", ""rating"": 4, ""data"": ""2026-09-04""}]","profissional,análise-espectral,intuitivo,edição","{""Sistema"": ""Windows/Mac/Linux"", ""Processamento"": ""56 bit"", ""Taxa de Amostragem"": ""até 148 kHz"", ""Licença"": ""Perpétua""}",Sampaio,NUE-SOFT-0451,ativo,2026-03-28
452,Logic Pro Editor de Vídeo Musical,Software Musical,Logic Pro,"Software musical profissional Editor de Vídeo Musical com recursos avançados de produção. Oferece ferramentas poderosas para compositores e produtores. Interface intuitiva e compatível com diversos formatos. Perfeito para criação, edição e masterização de áudio. Suporte técnico e atualizações contínuas. Recomendado pela comunidade musical internacional.Desempenho consistente e confiável.  Fácil de usar e manter.  Inclui manual de instruções detalhado em português.  Marca: Logic Pro. ",348.31,84,4.2,124,"[{""texto"": ""Investimento que vale a pena. Produto de alta qualidade."", ""rating"": 5, ""data"": ""2026-09-18""}, {""texto"": ""Profissional, durável e confiável. Muito bom!"", ""rating"": 4, ""data"": ""2026-06-10""}, {""texto"": ""Profissional, durável e confiável. Muito bom!"", ""rating"": 4, ""data"": ""2026-07-01""}, {""texto"": ""Qualidade premium, recomendo para todos os músicos."", ""rating"": 4, ""data"": ""2026-08-19""}, {""texto"": ""Compatibilidade perfeita com meus equipamentos."", ""rating"": 4, ""data"": ""2026-08-24""}]","compatível,edição,poderoso,avançado,análise-espectral,produção","{""Sistema"": ""Windows/Mac"", ""Processamento"": ""232 bit"", ""Taxa de Amostragem"": ""até 160 kHz"", ""Licença"": ""Anual""}",Monteiro,LOG-SOFT-0452,ativo,2026-05-19
453,Reason Gravador Multipista,Software Musical,Reason,"Software musical profissional Gravador Multipista com recursos avançados de produção. Oferece ferramentas poderosas para compositores e produtores. Interface intuitiva e compatível com diversos formatos. Perfeito para criação, edição e masterização de áudio. Suporte técnico e atualizações contínuas. Recomendado pela comunidade musical internacional.Fácil de usar e manter.  Oferece compatibilidade com múltiplos sistemas operacionais.  Produto original com nota fiscal e garantia de fábrica.  Recomendado por especialistas da área.  Desempenho consistente e confiável.  Marca: Reason. ",365.36,97,4.0,151,"[{""texto"": ""Qualidade premium, recomendo para todos os músicos."", ""rating"": 4, ""data"": ""2026-05-11""}, {""texto"": ""Atendimento excelente e produto de primeira qualidade."", ""rating"": 5, ""data"": ""2026-07-19""}, {""texto"": ""Investimento que vale a pena. Produto de alta qualidade."", ""rating"": 4, ""data"": ""2026-06-23""}, {""texto"": ""Produto confiável para uso contínuo."", ""rating"": 4, ""data"": ""2026-07-23""}, {""texto"": ""Qualidade premium, recomendo para todos os músicos."", ""rating"": 5, ""data"": ""2026-07-09""}]","edição,masterização,avançado,compatível,gravação,produção","{""Sistema"": ""Windows/Mac"", ""Processamento"": ""157 bit"", ""Taxa de Amostragem"": ""até 165 kHz"", ""Licença"": ""Perpétua""}",Abreu,REA-SOFT-0453,ativo,2025-11-22
454,Studio One Editor de Áudio,Software Musical,Studio One,"Software musical profissional Editor de Áudio com recursos avançados de produção. Oferece ferramentas poderosas para compositores e produtores. Interface intuitiva e compatível com diversos formatos. Perfeito para criação, edição e masterização de áudio. Suporte técnico e atualizações contínuas. Recomendado pela comunidade musical internacional.Excelente custo-benefício.  Fácil de usar e manter.  Produto original com nota fiscal e garantia de fábrica.  Marca: Studio One.  Suporte técnico disponível 24/7.  Inclui manual de instruções detalhado em português. ",338.02,72,4.9,130,"[{""texto"": ""Sonho realizado! Superou minhas expectativas."", ""rating"": 5, ""data"": ""2026-09-02""}, {""texto"": ""Perfeito para estúdio e apresentações. Ótimo custo-benefício."", ""rating"": 4, ""data"": ""2026-06-21""}, {""texto"": ""Atendimento excelente e produto de primeira qualidade."", ""rating"": 4, ""data"": ""2026-04-04""}, {""texto"": ""Atendimento excelente e produto de primeira qualidade."", ""rating"": 5, ""data"": ""2026-07-28""}, {""texto"": ""Investimento que vale a pena. Produto de alta qualidade."", ""rating"": 5, ""data"": ""2026-04-08""}]","masterização,poderoso,compatível","{""Sistema"": ""Cloud"", ""Processamento"": ""118 bit"", ""Taxa de Amostragem"": ""até 154 kHz"", ""Licença"": ""Anual""}",Ribeiro,STU-SOFT-0454,ativo,2026-08-30
455,Logic Pro Tuner Software,Software Musical,Logic Pro,"Software musical profissional Tuner Software com recursos avançados de produção. Oferece ferramentas poderosas para compositores e produtores. Interface intuitiva e compatível com diversos formatos. Perfeito para criação, edição e masterização de áudio. Suporte técnico e atualizações contínuas. Recomendado pela comunidade musical internacional.Marca: Logic Pro.  Inclui manual de instruções detalhado em português.  Suporte técnico disponível 24/7.  Oferece compatibilidade com múltiplos sistemas operacionais.  Recomendado por especialistas da área. ",433.72,50,4.6,122,"[{""texto"": ""Construção sólida, som cristalino e resposta rápida."", ""rating"": 5, ""data"": ""2026-06-30""}, {""texto"": ""Construção sólida, som cristalino e resposta rápida."", ""rating"": 4, ""data"": ""2026-07-24""}, {""texto"": ""Suporte técnico muito responsivo e atencioso."", ""rating"": 5, ""data"": ""2026-07-03""}]","edição,compatível,poderoso,profissional,intuitivo,gravação","{""Sistema"": ""Mac/Linux"", ""Processamento"": ""253 bit"", ""Taxa de Amostragem"": ""até 51 kHz"", ""Licença"": ""Anual""}",da Cunha da Cruz - ME,LOG-SOFT-0455,ativo,2025-12-05
456,Ableton Sequenciador MIDI,Software Musical,Ableton,"Software musical profissional Sequenciador MIDI com recursos avançados de produção. Oferece ferramentas poderosas para compositores e produtores. Interface intuitiva e compatível com diversos formatos. Perfeito para criação, edição e masterização de áudio. Suporte técnico e atualizações contínuas. Recomendado pela comunidade musical internacional.Recomendado por especialistas da área.  Excelente custo-benefício.  Inclui manual de instruções detalhado em português.  Desempenho consistente e confiável. ",141.39,46,3.8,174,"[{""texto"": ""Embalagem profissional, produto impecável."", ""rating"": 4, ""data"": ""2026-05-24""}, {""texto"": ""Excelente relação qualidade-preço."", ""rating"": 4, ""data"": ""2026-08-06""}, {""texto"": ""Excelente relação qualidade-preço."", ""rating"": 5, ""data"": ""2026-06-18""}]","profissional,edição,análise-espectral,compatível","{""Sistema"": ""Windows/Mac"", ""Processamento"": ""49 bit"", ""Taxa de Amostragem"": ""até 186 kHz"", ""Licença"": ""Perpétua""}",Oliveira Melo e Filhos,ABL-SOFT-0456,inativo,2026-03-31
457,Ableton Plug-in de Síntese,Software Musical,Ableton,"Software musical profissional Plug-in de Síntese com recursos avançados de produção. Oferece ferramentas poderosas para compositores e produtores. Interface intuitiva e compatível com diversos formatos. Perfeito para criação, edição e masterização de áudio. Suporte técnico e atualizações contínuas. Recomendado pela comunidade musical internacional.Inclui manual de instruções detalhado em português.  Recomendado por especialistas da área.  Oferece compatibilidade com múltiplos sistemas operacionais.  Fácil de usar e manter. ",417.09,33,3.9,7,"[{""texto"": ""Ideal para profissionais e iniciantes. Muito versátil."", ""rating"": 5, ""data"": ""2026-06-05""}, {""texto"": ""Sonho realizado! Superou minhas expectativas."", ""rating"": 4, ""data"": ""2026-05-05""}, {""texto"": ""Recomendo fortemente. Melhor compra do ano!"", ""rating"": 5, ""data"": ""2026-08-22""}]","análise-espectral,profissional,gravação","{""Sistema"": ""Cloud"", ""Processamento"": ""131 bit"", ""Taxa de Amostragem"": ""até 134 kHz"", ""Licença"": ""Perpétua""}",Melo,ABL-SOFT-0457,ativo,2026-04-28
458,Bitwig Convolver de Áudio,Software Musical,Bitwig,"Software musical profissional Convolver de Áudio com recursos avançados de produção. Oferece ferramentas poderosas para compositores e produtores. Interface intuitiva e compatível com diversos formatos. Perfeito para criação, edição e masterização de áudio. Suporte técnico e atualizações contínuas. Recomendado pela comunidade musical internacional.Produto original com nota fiscal e garantia de fábrica.  Fácil de usar e manter.  Desempenho consistente e confiável.  Testado rigorosamente antes do envio. ",90.53,13,4.6,125,"[{""texto"": ""Perfeito para estúdio e apresentações. Ótimo custo-benefício."", ""rating"": 5, ""data"": ""2026-09-19""}, {""texto"": ""Suporte técnico muito responsivo e atencioso."", ""rating"": 5, ""data"": ""2026-06-17""}, {""texto"": ""Compatibilidade perfeita com meus equipamentos."", ""rating"": 4, ""data"": ""2026-04-26""}, {""texto"": ""Investimento que vale a pena. Produto de alta qualidade."", ""rating"": 5, ""data"": ""2026-09-23""}]","masterização,edição,análise-espectral,poderoso,avançado,compatível","{""Sistema"": ""Windows/Mac/Linux"", ""Processamento"": ""207 bit"", ""Taxa de Amostragem"": ""até 46 kHz"", ""Licença"": ""Perpétua""}",das Neves Moreira - EI,BIT-SOFT-0458,ativo,2026-09-01
459,Pro Tools Notation Software,Software Musical,Pro Tools,"Software musical profissional Notation Software com recursos avançados de produção. Oferece ferramentas poderosas para compositores e produtores. Interface intuitiva e compatível com diversos formatos. Perfeito para criação, edição e masterização de áudio. Suporte técnico e atualizações contínuas. Recomendado pela comunidade musical internacional.Produto original com nota fiscal e garantia de fábrica.  Desempenho consistente e confiável.  Testado rigorosamente antes do envio.  Marca: Pro Tools. ",476.93,19,4.8,121,"[{""texto"": ""Produto confiável para uso contínuo."", ""rating"": 5, ""data"": ""2026-09-08""}, {""texto"": ""Atendimento excelente e produto de primeira qualidade."", ""rating"": 4, ""data"": ""2026-08-21""}]","poderoso,masterização,avançado,gravação,profissional","{""Sistema"": ""Windows/Mac"", ""Processamento"": ""203 bit"", ""Taxa de Amostragem"": ""até 173 kHz"", ""Licença"": ""Perpétua""}",Freitas Ltda.,PRO-SOFT-0459,ativo,2025-12-03
460,Studio One Biblioteca de Samples,Software Musical,Studio One,"Software musical profissional Biblioteca de Samples com recursos avançados de produção. Oferece ferramentas poderosas para compositores e produtores. Interface intuitiva e compatível com diversos formatos. Perfeito para criação, edição e masterização de áudio. Suporte técnico e atualizações contínuas. Recomendado pela comunidade musical internacional.Recomendado por especialistas da área.  Marca: Studio One.  Suporte técnico disponível 24/7.  Desempenho consistente e confiável.  Inclui manual de instruções detalhado em português.  Fácil de usar e manter. ",314.08,58,4.8,39,"[{""texto"": ""Sonho realizado! Superou minhas expectativas."", ""rating"": 4, ""data"": ""2026-05-26""}, {""texto"": ""Compatibilidade perfeita com meus equipamentos."", ""rating"": 5, ""data"": ""2026-05-16""}]","análise-espectral,produção,masterização,edição,profissional,gravação","{""Sistema"": ""Windows/Mac/Linux"", ""Processamento"": ""129 bit"", ""Taxa de Amostragem"": ""até 136 kHz"", ""Licença"": ""Anual""}",Correia,STU-SOFT-0460,ativo,2026-02-13
461,Ableton Quantizador Automático,Software Musical,Ableton,"Software musical profissional Quantizador Automático com recursos avançados de produção. Oferece ferramentas poderosas para compositores e produtores. Interface intuitiva e compatível com diversos formatos. Perfeito para criação, edição e masterização de áudio. Suporte técnico e atualizações contínuas. Recomendado pela comunidade musical internacional.Recomendado por especialistas da área.  Inclui manual de instruções detalhado em português.  Excelente custo-benefício.  Produto original com nota fiscal e garantia de fábrica. ",358.28,56,4.7,69,"[{""texto"": ""Profissional, durável e confiável. Muito bom!"", ""rating"": 4, ""data"": ""2026-04-07""}, {""texto"": ""Investimento que vale a pena. Produto de alta qualidade."", ""rating"": 4, ""data"": ""2026-08-18""}, {""texto"": ""Profissional, durável e confiável. Muito bom!"", ""rating"": 4, ""data"": ""2026-04-30""}, {""texto"": ""Atendimento excelente e produto de primeira qualidade."", ""rating"": 5, ""data"": ""2026-04-11""}]","avançado,produção,poderoso,gravação,análise-espectral","{""Sistema"": ""Windows/Mac/Linux"", ""Processamento"": ""132 bit"", ""Taxa de Amostragem"": ""até 61 kHz"", ""Licença"": ""Perpétua""}",Marques Sales e Filhos,ABL-SOFT-0461,ativo,2025-11-16
462,Ableton Arpeggiador,Software Musical,Ableton,"Software musical profissional Arpeggiador com recursos avançados de produção. Oferece ferramentas poderosas para compositores e produtores. Interface intuitiva e compatível com diversos formatos. Perfeito para criação, edição e masterização de áudio. Suporte técnico e atualizações contínuas. Recomendado pela comunidade musical internacional.Desempenho consistente e confiável.  Oferece compatibilidade com múltiplos sistemas operacionais.  Recomendado por especialistas da área.  Testado rigorosamente antes do envio. ",430.59,29,4.0,150,"[{""texto"": ""Ideal para profissionais e iniciantes. Muito versátil."", ""rating"": 5, ""data"": ""2026-07-16""}, {""texto"": ""Ideal para profissionais e iniciantes. Muito versátil."", ""rating"": 5, ""data"": ""2026-09-19""}, {""texto"": ""Produto confiável para uso contínuo."", ""rating"": 4, ""data"": ""2026-09-13""}, {""texto"": ""Produto excelente, chegou rápido e bem embalado."", ""rating"": 5, ""data"": ""2026-07-03""}, {""texto"": ""Excelente relação qualidade-preço."", ""rating"": 4, ""data"": ""2026-08-22""}]","intuitivo,gravação,avançado,masterização,análise-espectral","{""Sistema"": ""Mac/Linux"", ""Processamento"": ""85 bit"", ""Taxa de Amostragem"": ""até 170 kHz"", ""Licença"": ""Perpétua""}",Ferreira e Filhos,ABL-SOFT-0462,ativo,2026-03-21
463,Bitwig DAW Profissional,Software Musical,Bitwig,"Software musical profissional DAW Profissional com recursos avançados de produção. Oferece ferramentas poderosas para compositores e produtores. Interface intuitiva e compatível com diversos formatos. Perfeito para criação, edição e masterização de áudio. Suporte técnico e atualizações contínuas. Recomendado pela comunidade musical internacional.Suporte técnico disponível 24/7.  Marca: Bitwig.  Oferece compatibilidade com múltiplos sistemas operacionais.  Recomendado por especialistas da área.  Inclui manual de instruções detalhado em português. ",192.75,95,5.0,82,"[{""texto"": ""Recomendo fortemente. Melhor compra do ano!"", ""rating"": 5, ""data"": ""2026-07-19""}, {""texto"": ""Investimento que vale a pena. Produto de alta qualidade."", ""rating"": 4, ""data"": ""2026-04-19""}, {""texto"": ""Produto excelente, chegou rápido e bem embalado."", ""rating"": 4, ""data"": ""2026-07-30""}, {""texto"": ""Compatibilidade perfeita com meus equipamentos."", ""rating"": 5, ""data"": ""2026-06-12""}, {""texto"": ""Recomendo fortemente. Melhor compra do ano!"", ""rating"": 5, ""data"": ""2026-04-27""}]","análise-espectral,intuitivo,compatível,masterização,produção","{""Sistema"": ""Cloud"", ""Processamento"": ""192 bit"", ""Taxa de Amostragem"": ""até 97 kHz"", ""Licença"": ""Perpétua""}",Silva,BIT-SOFT-0463,ativo,2026-03-05
464,Logic Pro Arpeggiador,Software Musical,Logic Pro,"Software musical profissional Arpeggiador com recursos avançados de produção. Oferece ferramentas poderosas para compositores e produtores. Interface intuitiva e compatível com diversos formatos. Perfeito para criação, edição e masterização de áudio. Suporte técnico e atualizações contínuas. Recomendado pela comunidade musical internacional.Testado rigorosamente antes do envio.  Desempenho consistente e confiável.  Inclui manual de instruções detalhado em português.  Suporte técnico disponível 24/7.  Recomendado por especialistas da área.  Produto original com nota fiscal e garantia de fábrica. ",432.67,82,3.9,152,"[{""texto"": ""Sonho realizado! Superou minhas expectativas."", ""rating"": 4, ""data"": ""2026-04-25""}, {""texto"": ""Suporte técnico muito responsivo e atencioso."", ""rating"": 4, ""data"": ""2026-05-05""}]","profissional,masterização,intuitivo,gravação,produção,poderoso","{""Sistema"": ""Mac/Linux"", ""Processamento"": ""213 bit"", ""Taxa de Amostragem"": ""até 127 kHz"", ""Licença"": ""Perpétua""}",Pires,LOG-SOFT-0464,ativo,2026-01-25
465,Logic Pro Editor de Áudio,Software Musical,Logic Pro,"Software musical profissional Editor de Áudio com recursos avançados de produção. Oferece ferramentas poderosas para compositores e produtores. Interface intuitiva e compatível com diversos formatos. Perfeito para criação, edição e masterização de áudio. Suporte técnico e atualizações contínuas. Recomendado pela comunidade musical internacional.Produto original com nota fiscal e garantia de fábrica.  Oferece compatibilidade com múltiplos sistemas operacionais.  Excelente custo-benefício.  Desempenho consistente e confiável.  Suporte técnico disponível 24/7. ",375.75,22,4.4,117,"[{""texto"": ""Produto excelente, chegou rápido e bem embalado."", ""rating"": 4, ""data"": ""2026-04-03""}, {""texto"": ""Produto excelente, chegou rápido e bem embalado."", ""rating"": 5, ""data"": ""2026-04-07""}]","edição,produção,avançado,intuitivo","{""Sistema"": ""Windows/Mac"", ""Processamento"": ""34 bit"", ""Taxa de Amostragem"": ""até 158 kHz"", ""Licença"": ""Perpétua""}",Ferreira Fonseca - EI,LOG-SOFT-0465,ativo,2025-11-29
466,Logic Pro Notation Software,Software Musical,Logic Pro,"Software musical profissional Notation Software com recursos avançados de produção. Oferece ferramentas poderosas para compositores e produtores. Interface intuitiva e compatível com diversos formatos. Perfeito para criação, edição e masterização de áudio. Suporte técnico e atualizações contínuas. Recomendado pela comunidade musical internacional.Suporte técnico disponível 24/7.  Excelente custo-benefício.  Recomendado por especialistas da área.  Produto original com nota fiscal e garantia de fábrica. ",330.6,98,4.4,190,"[{""texto"": ""Qualidade premium, recomendo para todos os músicos."", ""rating"": 4, ""data"": ""2026-09-10""}, {""texto"": ""Perfeito para estúdio e apresentações. Ótimo custo-benefício."", ""rating"": 4, ""data"": ""2026-06-22""}, {""texto"": ""Construção sólida, som cristalino e resposta rápida."", ""rating"": 5, ""data"": ""2026-06-18""}, {""texto"": ""Profissional, durável e confiável. Muito bom!"", ""rating"": 5, ""data"": ""2026-05-03""}, {""texto"": ""Produto excelente, chegou rápido e bem embalado."", ""rating"": 5, ""data"": ""2026-07-21""}]","compatível,intuitivo,edição","{""Sistema"": ""Cloud"", ""Processamento"": ""194 bit"", ""Taxa de Amostragem"": ""até 175 kHz"", ""Licença"": ""Anual""}",da Conceição Alves e Filhos,LOG-SOFT-0466,ativo,2026-08-04
467,Nuendo Plug-in de Síntese,Software Musical,Nuendo,"Software musical profissional Plug-in de Síntese com recursos avançados de produção. Oferece ferramentas poderosas para compositores e produtores. Interface intuitiva e compatível com diversos formatos. Perfeito para criação, edição e masterização de áudio. Suporte técnico e atualizações contínuas. Recomendado pela comunidade musical internacional.Testado rigorosamente antes do envio.  Fácil de usar e manter.  Recomendado por especialistas da área.  Oferece compatibilidade com múltiplos sistemas operacionais.  Suporte técnico disponível 24/7.  Inclui manual de instruções detalhado em português. ",246.77,9,4.4,172,"[{""texto"": ""Recomendo fortemente. Melhor compra do ano!"", ""rating"": 5, ""data"": ""2026-08-17""}, {""texto"": ""Produto confiável para uso contínuo."", ""rating"": 5, ""data"": ""2026-04-25""}, {""texto"": ""Profissional, durável e confiável. Muito bom!"", ""rating"": 4, ""data"": ""2026-09-21""}]","produção,poderoso,intuitivo,análise-espectral,masterização,edição","{""Sistema"": ""Windows/Mac"", ""Processamento"": ""240 bit"", ""Taxa de Amostragem"": ""até 83 kHz"", ""Licença"": ""Anual""}",Aragão,NUE-SOFT-0467,ativo,2026-03-06
468,FL Studio DAW Profissional,Software Musical,FL Studio,"Software musical profissional DAW Profissional com recursos avançados de produção. Oferece ferramentas poderosas para compositores e produtores. Interface intuitiva e compatível com diversos formatos. Perfeito para criação, edição e masterização de áudio. Suporte técnico e atualizações contínuas. Recomendado pela comunidade musical internacional.Suporte técnico disponível 24/7.  Testado rigorosamente antes do envio.  Desempenho consistente e confiável.  Inclui manual de instruções detalhado em português.  Produto original com nota fiscal e garantia de fábrica.  Marca: FL Studio. ",154.23,20,3.9,150,"[{""texto"": ""Compatibilidade perfeita com meus equipamentos."", ""rating"": 4, ""data"": ""2026-06-20""}, {""texto"": ""Recomendo fortemente. Melhor compra do ano!"", ""rating"": 4, ""data"": ""2026-08-30""}]","intuitivo,poderoso,profissional,edição,compatível","{""Sistema"": ""Mac/Linux"", ""Processamento"": ""163 bit"", ""Taxa de Amostragem"": ""até 154 kHz"", ""Licença"": ""Perpétua""}",Ribeiro,FL -SOFT-0468,ativo,2026-03-27
469,Bitwig Plug-in de Síntese,Software Musical,Bitwig,"Software musical profissional Plug-in de Síntese com recursos avançados de produção. Oferece ferramentas poderosas para compositores e produtores. Interface intuitiva e compatível com diversos formatos. Perfeito para criação, edição e masterização de áudio. Suporte técnico e atualizações contínuas. Recomendado pela comunidade musical internacional.Desempenho consistente e confiável.  Recomendado por especialistas da área.  Testado rigorosamente antes do envio.  Marca: Bitwig.  Suporte técnico disponível 24/7. ",327.95,23,4.7,170,"[{""texto"": ""Excelente relação qualidade-preço."", ""rating"": 5, ""data"": ""2026-05-14""}, {""texto"": ""Ideal para profissionais e iniciantes. Muito versátil."", ""rating"": 5, ""data"": ""2026-06-22""}, {""texto"": ""Investimento que vale a pena. Produto de alta qualidade."", ""rating"": 5, ""data"": ""2026-04-24""}]","poderoso,profissional,masterização,análise-espectral,produção,edição","{""Sistema"": ""Mac/Linux"", ""Processamento"": ""61 bit"", ""Taxa de Amostragem"": ""até 186 kHz"", ""Licença"": ""Anual""}",Souza,BIT-SOFT-0469,ativo,2025-10-23
470,Nuendo Biblioteca de Samples,Software Musical,Nuendo,"Software musical profissional Biblioteca de Samples com recursos avançados de produção. Oferece ferramentas poderosas para compositores e produtores. Interface intuitiva e compatível com diversos formatos. Perfeito para criação, edição e masterização de áudio. Suporte técnico e atualizações contínuas. Recomendado pela comunidade musical internacional.Excelente custo-benefício.  Suporte técnico disponível 24/7.  Produto original com nota fiscal e garantia de fábrica.  Oferece compatibilidade com múltiplos sistemas operacionais.  Marca: Nuendo.  Fácil de usar e manter. ",269.24,72,4.1,139,"[{""texto"": ""Produto excelente, chegou rápido e bem embalado."", ""rating"": 5, ""data"": ""2026-06-30""}, {""texto"": ""Compatibilidade perfeita com meus equipamentos."", ""rating"": 4, ""data"": ""2026-09-18""}, {""texto"": ""Investimento que vale a pena. Produto de alta qualidade."", ""rating"": 5, ""data"": ""2026-05-02""}, {""texto"": ""Compatibilidade perfeita com meus equipamentos."", ""rating"": 5, ""data"": ""2026-05-03""}, {""texto"": ""Construção sólida, som cristalino e resposta rápida."", ""rating"": 5, ""data"": ""2026-05-30""}]","compatível,profissional,avançado,edição,gravação,produção","{""Sistema"": ""Cloud"", ""Processamento"": ""70 bit"", ""Taxa de Amostragem"": ""até 90 kHz"", ""Licença"": ""Perpétua""}",Moreira S.A.,NUE-SOFT-0470,ativo,2026-07-29
471,Cubase Biblioteca de Samples,Software Musical,Cubase,"Software musical profissional Biblioteca de Samples com recursos avançados de produção. Oferece ferramentas poderosas para compositores e produtores. Interface intuitiva e compatível com diversos formatos. Perfeito para criação, edição e masterização de áudio. Suporte técnico e atualizações contínuas. Recomendado pela comunidade musical internacional.Suporte técnico disponível 24/7.  Recomendado por especialistas da área.  Testado rigorosamente antes do envio.  Produto original com nota fiscal e garantia de fábrica. ",271.28,69,4.8,19,"[{""texto"": ""Produto confiável para uso contínuo."", ""rating"": 5, ""data"": ""2026-09-08""}, {""texto"": ""Construção sólida, som cristalino e resposta rápida."", ""rating"": 5, ""data"": ""2026-07-02""}, {""texto"": ""Perfeito para estúdio e apresentações. Ótimo custo-benefício."", ""rating"": 4, ""data"": ""2026-09-14""}, {""texto"": ""Ideal para profissionais e iniciantes. Muito versátil."", ""rating"": 5, ""data"": ""2026-08-07""}, {""texto"": ""Sonho realizado! Superou minhas expectativas."", ""rating"": 5, ""data"": ""2026-08-24""}]","edição,gravação,compatível,profissional,produção","{""Sistema"": ""Cloud"", ""Processamento"": ""167 bit"", ""Taxa de Amostragem"": ""até 107 kHz"", ""Licença"": ""Perpétua""}",Pereira,CUB-SOFT-0471,ativo,2026-05-25
472,Reaper Sintetizador Software,Software Musical,Reaper,"Software musical profissional Sintetizador Software com recursos avançados de produção. Oferece ferramentas poderosas para compositores e produtores. Interface intuitiva e compatível com diversos formatos. Perfeito para criação, edição e masterização de áudio. Suporte técnico e atualizações contínuas. Recomendado pela comunidade musical internacional.Oferece compatibilidade com múltiplos sistemas operacionais.  Inclui manual de instruções detalhado em português.  Desempenho consistente e confiável.  Suporte técnico disponível 24/7.  Produto original com nota fiscal e garantia de fábrica.  Recomendado por especialistas da área. ",155.98,5,4.7,10,"[{""texto"": ""Ideal para profissionais e iniciantes. Muito versátil."", ""rating"": 4, ""data"": ""2026-08-11""}, {""texto"": ""Produto excelente, chegou rápido e bem embalado."", ""rating"": 5, ""data"": ""2026-07-18""}]","gravação,profissional,masterização,compatível,produção","{""Sistema"": ""Mac/Linux"", ""Processamento"": ""46 bit"", ""Taxa de Amostragem"": ""até 162 kHz"", ""Licença"": ""Anual""}",Novaes,REA-SOFT-0472,ativo,2026-06-02
473,Bitwig Plug-in de Efeitos,Software Musical,Bitwig,"Software musical profissional Plug-in de Efeitos com recursos avançados de produção. Oferece ferramentas poderosas para compositores e produtores. Interface intuitiva e compatível com diversos formatos. Perfeito para criação, edição e masterização de áudio. Suporte técnico e atualizações contínuas. Recomendado pela comunidade musical internacional.Fácil de usar e manter.  Oferece compatibilidade com múltiplos sistemas operacionais.  Marca: Bitwig.  Produto original com nota fiscal e garantia de fábrica.  Excelente custo-benefício. ",232.84,54,3.9,186,"[{""texto"": ""Perfeito para estúdio e apresentações. Ótimo custo-benefício."", ""rating"": 4, ""data"": ""2026-04-26""}, {""texto"": ""Perfeito para estúdio e apresentações. Ótimo custo-benefício."", ""rating"": 4, ""data"": ""2026-08-18""}]","intuitivo,gravação,profissional,masterização,poderoso,análise-espectral","{""Sistema"": ""Windows/Mac/Linux"", ""Processamento"": ""122 bit"", ""Taxa de Amostragem"": ""até 131 kHz"", ""Licença"": ""Perpétua""}",Farias Dias - ME,BIT-SOFT-0473,ativo,2026-03-19
474,Reason Convolver de Áudio,Software Musical,Reason,"Software musical profissional Convolver de Áudio com recursos avançados de produção. Oferece ferramentas poderosas para compositores e produtores. Interface intuitiva e compatível com diversos formatos. Perfeito para criação, edição e masterização de áudio. Suporte técnico e atualizações contínuas. Recomendado pela comunidade musical internacional.Oferece compatibilidade com múltiplos sistemas operacionais.  Produto original com nota fiscal e garantia de fábrica.  Fácil de usar e manter.  Inclui manual de instruções detalhado em português. ",169.51,2,4.2,103,"[{""texto"": ""Ideal para profissionais e iniciantes. Muito versátil."", ""rating"": 5, ""data"": ""2026-07-07""}, {""texto"": ""Perfeito para estúdio e apresentações. Ótimo custo-benefício."", ""rating"": 5, ""data"": ""2026-05-22""}]","masterização,compatível,avançado,produção,análise-espectral","{""Sistema"": ""Windows/Mac"", ""Processamento"": ""116 bit"", ""Taxa de Amostragem"": ""até 61 kHz"", ""Licença"": ""Perpétua""}",Borges,REA-SOFT-0474,ativo,2025-10-09
475,FL Studio Sintetizador Software,Software Musical,FL Studio,"Software musical profissional Sintetizador Software com recursos avançados de produção. Oferece ferramentas poderosas para compositores e produtores. Interface intuitiva e compatível com diversos formatos. Perfeito para criação, edição e masterização de áudio. Suporte técnico e atualizações contínuas. Recomendado pela comunidade musical internacional.Produto original com nota fiscal e garantia de fábrica.  Desempenho consistente e confiável.  Oferece compatibilidade com múltiplos sistemas operacionais.  Testado rigorosamente antes do envio.  Excelente custo-benefício.  Inclui manual de instruções detalhado em português. ",264.76,89,4.1,85,"[{""texto"": ""Embalagem profissional, produto impecável."", ""rating"": 4, ""data"": ""2026-09-07""}, {""texto"": ""Construção sólida, som cristalino e resposta rápida."", ""rating"": 4, ""data"": ""2026-04-24""}, {""texto"": ""Suporte técnico muito responsivo e atencioso."", ""rating"": 5, ""data"": ""2026-06-24""}]","intuitivo,poderoso,compatível,profissional,avançado","{""Sistema"": ""Windows/Mac/Linux"", ""Processamento"": ""122 bit"", ""Taxa de Amostragem"": ""até 173 kHz"", ""Licença"": ""Anual""}",da Rocha,FL -SOFT-0475,ativo,2026-04-21
476,Nuendo Editor de Vídeo Musical,Software Musical,Nuendo,"Software musical profissional Editor de Vídeo Musical com recursos avançados de produção. Oferece ferramentas poderosas para compositores e produtores. Interface intuitiva e compatível com diversos formatos. Perfeito para criação, edição e masterização de áudio. Suporte técnico e atualizações contínuas. Recomendado pela comunidade musical internacional.Testado rigorosamente antes do envio.  Produto original com nota fiscal e garantia de fábrica.  Oferece compatibilidade com múltiplos sistemas operacionais.  Marca: Nuendo. ",72.66,16,3.5,148,"[{""texto"": ""Sonho realizado! Superou minhas expectativas."", ""rating"": 5, ""data"": ""2026-09-08""}, {""texto"": ""Produto confiável para uso contínuo."", ""rating"": 5, ""data"": ""2026-08-08""}]","produção,masterização,profissional,compatível","{""Sistema"": ""Windows/Mac/Linux"", ""Processamento"": ""33 bit"", ""Taxa de Amostragem"": ""até 46 kHz"", ""Licença"": ""Anual""}",Vieira S/A,NUE-SOFT-0476,ativo,2026-06-09
477,Bitwig Sintetizador Software,Software Musical,Bitwig,"Software musical profissional Sintetizador Software com recursos avançados de produção. Oferece ferramentas poderosas para compositores e produtores. Interface intuitiva e compatível com diversos formatos. Perfeito para criação, edição e masterização de áudio. Suporte técnico e atualizações contínuas. Recomendado pela comunidade musical internacional.Suporte técnico disponível 24/7.  Inclui manual de instruções detalhado em português.  Desempenho consistente e confiável.  Excelente custo-benefício.  Recomendado por especialistas da área. ",301.4,75,3.6,74,"[{""texto"": ""Qualidade premium, recomendo para todos os músicos."", ""rating"": 4, ""data"": ""2026-09-17""}, {""texto"": ""Produto excelente, chegou rápido e bem embalado."", ""rating"": 5, ""data"": ""2026-05-01""}, {""texto"": ""Construção sólida, som cristalino e resposta rápida."", ""rating"": 5, ""data"": ""2026-05-13""}, {""texto"": ""Qualidade premium, recomendo para todos os músicos."", ""rating"": 4, ""data"": ""2026-08-10""}]","compatível,poderoso,análise-espectral,edição,avançado","{""Sistema"": ""Windows/Mac"", ""Processamento"": ""45 bit"", ""Taxa de Amostragem"": ""até 73 kHz"", ""Licença"": ""Anual""}",Sousa,BIT-SOFT-0477,ativo,2026-01-18
478,Reaper Gravador Multipista,Software Musical,Reaper,"Software musical profissional Gravador Multipista com recursos avançados de produção. Oferece ferramentas poderosas para compositores e produtores. Interface intuitiva e compatível com diversos formatos. Perfeito para criação, edição e masterização de áudio. Suporte técnico e atualizações contínuas. Recomendado pela comunidade musical internacional.Desempenho consistente e confiável.  Excelente custo-benefício.  Produto original com nota fiscal e garantia de fábrica.  Marca: Reaper. ",495.11,37,4.0,89,"[{""texto"": ""Excelente relação qualidade-preço."", ""rating"": 4, ""data"": ""2026-08-22""}, {""texto"": ""Produto excelente, chegou rápido e bem embalado."", ""rating"": 4, ""data"": ""2026-08-13""}, {""texto"": ""Construção sólida, som cristalino e resposta rápida."", ""rating"": 4, ""data"": ""2026-07-30""}]","produção,análise-espectral,edição,profissional,gravação,compatível","{""Sistema"": ""Windows/Mac/Linux"", ""Processamento"": ""152 bit"", ""Taxa de Amostragem"": ""até 81 kHz"", ""Licença"": ""Perpétua""}",Ramos Lima - EI,REA-SOFT-0478,ativo,2026-08-10
479,FL Studio Editor de Vídeo Musical,Software Musical,FL Studio,"Software musical profissional Editor de Vídeo Musical com recursos avançados de produção. Oferece ferramentas poderosas para compositores e produtores. Interface intuitiva e compatível com diversos formatos. Perfeito para criação, edição e masterização de áudio. Suporte técnico e atualizações contínuas. Recomendado pela comunidade musical internacional.Recomendado por especialistas da área.  Testado rigorosamente antes do envio.  Fácil de usar e manter.  Oferece compatibilidade com múltiplos sistemas operacionais.  Desempenho consistente e confiável.  Suporte técnico disponível 24/7. ",140.09,61,3.8,42,"[{""texto"": ""Excelente relação qualidade-preço."", ""rating"": 5, ""data"": ""2026-06-20""}, {""texto"": ""Qualidade premium, recomendo para todos os músicos."", ""rating"": 5, ""data"": ""2026-04-25""}, {""texto"": ""Produto excelente, chegou rápido e bem embalado."", ""rating"": 4, ""data"": ""2026-07-15""}, {""texto"": ""Profissional, durável e confiável. Muito bom!"", ""rating"": 5, ""data"": ""2026-07-21""}, {""texto"": ""Excelente relação qualidade-preço."", ""rating"": 4, ""data"": ""2026-08-11""}]","poderoso,edição,produção,análise-espectral","{""Sistema"": ""Mac/Linux"", ""Processamento"": ""85 bit"", ""Taxa de Amostragem"": ""até 140 kHz"", ""Licença"": ""Perpétua""}",Pimenta,FL -SOFT-0479,ativo,2026-07-11
480,FL Studio Sampler Digital,Software Musical,FL Studio,"Software musical profissional Sampler Digital com recursos avançados de produção. Oferece ferramentas poderosas para compositores e produtores. Interface intuitiva e compatível com diversos formatos. Perfeito para criação, edição e masterização de áudio. Suporte técnico e atualizações contínuas. Recomendado pela comunidade musical internacional.Suporte técnico disponível 24/7.  Fácil de usar e manter.  Inclui manual de instruções detalhado em português.  Produto original com nota fiscal e garantia de fábrica. ",82.61,30,4.9,62,"[{""texto"": ""Sonho realizado! Superou minhas expectativas."", ""rating"": 4, ""data"": ""2026-04-17""}, {""texto"": ""Embalagem profissional, produto impecável."", ""rating"": 5, ""data"": ""2026-05-19""}, {""texto"": ""Recomendo fortemente. Melhor compra do ano!"", ""rating"": 4, ""data"": ""2026-05-06""}, {""texto"": ""Ideal para profissionais e iniciantes. Muito versátil."", ""rating"": 4, ""data"": ""2026-04-27""}]","produção,poderoso,compatível,avançado,análise-espectral","{""Sistema"": ""Cloud"", ""Processamento"": ""234 bit"", ""Taxa de Amostragem"": ""até 124 kHz"", ""Licença"": ""Anual""}",Alves,FL -SOFT-0480,ativo,2026-08-17
481,FL Studio Mastering Software,Software Musical,FL Studio,"Software musical profissional Mastering Software com recursos avançados de produção. Oferece ferramentas poderosas para compositores e produtores. Interface intuitiva e compatível com diversos formatos. Perfeito para criação, edição e masterização de áudio. Suporte técnico e atualizações contínuas. Recomendado pela comunidade musical internacional.Suporte técnico disponível 24/7.  Desempenho consistente e confiável.  Oferece compatibilidade com múltiplos sistemas operacionais.  Marca: FL Studio.  Inclui manual de instruções detalhado em português. ",302.36,28,4.1,118,"[{""texto"": ""Suporte técnico muito responsivo e atencioso."", ""rating"": 4, ""data"": ""2026-04-20""}, {""texto"": ""Construção sólida, som cristalino e resposta rápida."", ""rating"": 5, ""data"": ""2026-05-30""}]","gravação,masterização,compatível,profissional,intuitivo","{""Sistema"": ""Windows/Mac"", ""Processamento"": ""51 bit"", ""Taxa de Amostragem"": ""até 173 kHz"", ""Licença"": ""Perpétua""}",Costela S.A.,FL -SOFT-0481,ativo,2026-03-18
482,Logic Pro Sintetizador Software,Software Musical,Logic Pro,"Software musical profissional Sintetizador Software com recursos avançados de produção. Oferece ferramentas poderosas para compositores e produtores. Interface intuitiva e compatível com diversos formatos. Perfeito para criação, edição e masterização de áudio. Suporte técnico e atualizações contínuas. Recomendado pela comunidade musical internacional.Desempenho consistente e confiável.  Produto original com nota fiscal e garantia de fábrica.  Inclui manual de instruções detalhado em português.  Testado rigorosamente antes do envio. ",278.64,5,4.3,136,"[{""texto"": ""Perfeito para estúdio e apresentações. Ótimo custo-benefício."", ""rating"": 5, ""data"": ""2026-04-29""}, {""texto"": ""Suporte técnico muito responsivo e atencioso."", ""rating"": 4, ""data"": ""2026-07-05""}, {""texto"": ""Construção sólida, som cristalino e resposta rápida."", ""rating"": 4, ""data"": ""2026-05-04""}, {""texto"": ""Compatibilidade perfeita com meus equipamentos."", ""rating"": 4, ""data"": ""2026-08-05""}]","edição,compatível,intuitivo","{""Sistema"": ""Mac/Linux"", ""Processamento"": ""95 bit"", ""Taxa de Amostragem"": ""até 72 kHz"", ""Licença"": ""Perpétua""}",Gomes Vieira - ME,LOG-SOFT-0482,ativo,2026-08-30
483,Nuendo Mastering Software,Software Musical,Nuendo,"Software musical profissional Mastering Software com recursos avançados de produção. Oferece ferramentas poderosas para compositores e produtores. Interface intuitiva e compatível com diversos formatos. Perfeito para criação, edição e masterização de áudio. Suporte técnico e atualizações contínuas. Recomendado pela comunidade musical internacional.Recomendado por especialistas da área.  Fácil de usar e manter.  Testado rigorosamente antes do envio.  Suporte técnico disponível 24/7. ",454.07,61,3.8,49,"[{""texto"": ""Recomendo fortemente. Melhor compra do ano!"", ""rating"": 5, ""data"": ""2026-04-07""}, {""texto"": ""Construção sólida, som cristalino e resposta rápida."", ""rating"": 4, ""data"": ""2026-05-15""}, {""texto"": ""Construção sólida, som cristalino e resposta rápida."", ""rating"": 4, ""data"": ""2026-03-31""}, {""texto"": ""Suporte técnico muito responsivo e atencioso."", ""rating"": 5, ""data"": ""2026-09-06""}, {""texto"": ""Atendimento excelente e produto de primeira qualidade."", ""rating"": 4, ""data"": ""2026-05-21""}]","análise-espectral,edição,profissional,compatível,poderoso,intuitivo","{""Sistema"": ""Cloud"", ""Processamento"": ""209 bit"", ""Taxa de Amostragem"": ""até 121 kHz"", ""Licença"": ""Anual""}",Aragão,NUE-SOFT-0483,inativo,2026-03-02
484,Logic Pro Quantizador Automático,Software Musical,Logic Pro,"Software musical profissional Quantizador Automático com recursos avançados de produção. Oferece ferramentas poderosas para compositores e produtores. Interface intuitiva e compatível com diversos formatos. Perfeito para criação, edição e masterização de áudio. Suporte técnico e atualizações contínuas. Recomendado pela comunidade musical internacional.Testado rigorosamente antes do envio.  Oferece compatibilidade com múltiplos sistemas operacionais.  Fácil de usar e manter.  Excelente custo-benefício.  Desempenho consistente e confiável.  Recomendado por especialistas da área. ",288.84,95,4.3,140,"[{""texto"": ""Ideal para profissionais e iniciantes. Muito versátil."", ""rating"": 4, ""data"": ""2026-04-05""}, {""texto"": ""Recomendo fortemente. Melhor compra do ano!"", ""rating"": 5, ""data"": ""2026-05-23""}, {""texto"": ""Profissional, durável e confiável. Muito bom!"", ""rating"": 4, ""data"": ""2026-06-20""}]","compatível,avançado,gravação,masterização,análise-espectral","{""Sistema"": ""Windows/Mac/Linux"", ""Processamento"": ""226 bit"", ""Taxa de Amostragem"": ""até 152 kHz"", ""Licença"": ""Perpétua""}",Barros S.A.,LOG-SOFT-0484,ativo,2026-03-13
485,FL Studio Mastering Software,Software Musical,FL Studio,"Software musical profissional Mastering Software com recursos avançados de produção. Oferece ferramentas poderosas para compositores e produtores. Interface intuitiva e compatível com diversos formatos. Perfeito para criação, edição e masterização de áudio. Suporte técnico e atualizações contínuas. Recomendado pela comunidade musical internacional.Testado rigorosamente antes do envio.  Desempenho consistente e confiável.  Excelente custo-benefício.  Inclui manual de instruções detalhado em português. ",122.37,67,4.1,94,"[{""texto"": ""Embalagem profissional, produto impecável."", ""rating"": 5, ""data"": ""2026-04-30""}, {""texto"": ""Construção sólida, som cristalino e resposta rápida."", ""rating"": 4, ""data"": ""2026-05-09""}, {""texto"": ""Construção sólida, som cristalino e resposta rápida."", ""rating"": 4, ""data"": ""2026-07-27""}]","masterização,poderoso,análise-espectral,compatível,produção","{""Sistema"": ""Windows/Mac/Linux"", ""Processamento"": ""132 bit"", ""Taxa de Amostragem"": ""até 52 kHz"", ""Licença"": ""Anual""}",Gomes,FL -SOFT-0485,ativo,2026-09-08
486,Studio One Plug-in de Síntese,Software Musical,Studio One,"Software musical profissional Plug-in de Síntese com recursos avançados de produção. Oferece ferramentas poderosas para compositores e produtores. Interface intuitiva e compatível com diversos formatos. Perfeito para criação, edição e masterização de áudio. Suporte técnico e atualizações contínuas. Recomendado pela comunidade musical internacional.Desempenho consistente e confiável.  Oferece compatibilidade com múltiplos sistemas operacionais.  Testado rigorosamente antes do envio.  Inclui manual de instruções detalhado em português. ",245.71,78,4.8,109,"[{""texto"": ""Suporte técnico muito responsivo e atencioso."", ""rating"": 5, ""data"": ""2026-06-11""}, {""texto"": ""Atendimento excelente e produto de primeira qualidade."", ""rating"": 4, ""data"": ""2026-07-16""}, {""texto"": ""Atendimento excelente e produto de primeira qualidade."", ""rating"": 5, ""data"": ""2026-06-02""}, {""texto"": ""Produto confiável para uso contínuo."", ""rating"": 4, ""data"": ""2026-09-13""}, {""texto"": ""Atendimento excelente e produto de primeira qualidade."", ""rating"": 5, ""data"": ""2026-06-01""}]","masterização,avançado,gravação,edição,intuitivo,análise-espectral","{""Sistema"": ""Mac/Linux"", ""Processamento"": ""163 bit"", ""Taxa de Amostragem"": ""até 136 kHz"", ""Licença"": ""Perpétua""}",Vieira,STU-SOFT-0486,ativo,2026-05-27
487,Logic Pro Editor de Vídeo Musical,Software Musical,Logic Pro,"Software musical profissional Editor de Vídeo Musical com recursos avançados de produção. Oferece ferramentas poderosas para compositores e produtores. Interface intuitiva e compatível com diversos formatos. Perfeito para criação, edição e masterização de áudio. Suporte técnico e atualizações contínuas. Recomendado pela comunidade musical internacional.Excelente custo-benefício.  Recomendado por especialistas da área.  Marca: Logic Pro.  Fácil de usar e manter.  Inclui manual de instruções detalhado em português. ",80.04,36,4.8,39,"[{""texto"": ""Produto confiável para uso contínuo."", ""rating"": 5, ""data"": ""2026-04-28""}, {""texto"": ""Excelente relação qualidade-preço."", ""rating"": 4, ""data"": ""2026-07-19""}, {""texto"": ""Produto excelente, chegou rápido e bem embalado."", ""rating"": 4, ""data"": ""2026-07-28""}, {""texto"": ""Recomendo fortemente. Melhor compra do ano!"", ""rating"": 4, ""data"": ""2026-09-13""}]","intuitivo,produção,edição","{""Sistema"": ""Windows/Mac"", ""Processamento"": ""194 bit"", ""Taxa de Amostragem"": ""até 104 kHz"", ""Licença"": ""Perpétua""}",Marques,LOG-SOFT-0487,ativo,2026-05-09
488,Ableton Notation Software,Software Musical,Ableton,"Software musical profissional Notation Software com recursos avançados de produção. Oferece ferramentas poderosas para compositores e produtores. Interface intuitiva e compatível com diversos formatos. Perfeito para criação, edição e masterização de áudio. Suporte técnico e atualizações contínuas. Recomendado pela comunidade musical internacional.Testado rigorosamente antes do envio.  Produto original com nota fiscal e garantia de fábrica.  Suporte técnico disponível 24/7.  Desempenho consistente e confiável.  Excelente custo-benefício.  Fácil de usar e manter. ",125.15,100,4.6,47,"[{""texto"": ""Atendimento excelente e produto de primeira qualidade."", ""rating"": 4, ""data"": ""2026-06-16""}, {""texto"": ""Perfeito para estúdio e apresentações. Ótimo custo-benefício."", ""rating"": 4, ""data"": ""2026-07-31""}, {""texto"": ""Produto confiável para uso contínuo."", ""rating"": 5, ""data"": ""2026-03-30""}]","compatível,masterização,gravação,intuitivo","{""Sistema"": ""Windows/Mac/Linux"", ""Processamento"": ""196 bit"", ""Taxa de Amostragem"": ""até 190 kHz"", ""Licença"": ""Perpétua""}",Porto,ABL-SOFT-0488,ativo,2026-06-14
489,Cubase Analisador Espectral,Software Musical,Cubase,"Software musical profissional Analisador Espectral com recursos avançados de produção. Oferece ferramentas poderosas para compositores e produtores. Interface intuitiva e compatível com diversos formatos. Perfeito para criação, edição e masterização de áudio. Suporte técnico e atualizações contínuas. Recomendado pela comunidade musical internacional.Suporte técnico disponível 24/7.  Excelente custo-benefício.  Oferece compatibilidade com múltiplos sistemas operacionais.  Desempenho consistente e confiável.  Marca: Cubase. ",222.58,8,3.8,21,"[{""texto"": ""Excelente relação qualidade-preço."", ""rating"": 4, ""data"": ""2026-05-26""}, {""texto"": ""Recomendo fortemente. Melhor compra do ano!"", ""rating"": 5, ""data"": ""2026-09-01""}, {""texto"": ""Suporte técnico muito responsivo e atencioso."", ""rating"": 4, ""data"": ""2026-07-15""}]","profissional,produção,avançado","{""Sistema"": ""Cloud"", ""Processamento"": ""183 bit"", ""Taxa de Amostragem"": ""até 91 kHz"", ""Licença"": ""Anual""}",Costela,CUB-SOFT-0489,ativo,2026-08-23
490,Logic Pro Mastering Software,Software Musical,Logic Pro,"Software musical profissional Mastering Software com recursos avançados de produção. Oferece ferramentas poderosas para compositores e produtores. Interface intuitiva e compatível com diversos formatos. Perfeito para criação, edição e masterização de áudio. Suporte técnico e atualizações contínuas. Recomendado pela comunidade musical internacional.Fácil de usar e manter.  Desempenho consistente e confiável.  Produto original com nota fiscal e garantia de fábrica.  Recomendado por especialistas da área.  Oferece compatibilidade com múltiplos sistemas operacionais. ",471.13,96,4.3,56,"[{""texto"": ""Compatibilidade perfeita com meus equipamentos."", ""rating"": 5, ""data"": ""2026-04-07""}, {""texto"": ""Suporte técnico muito responsivo e atencioso."", ""rating"": 5, ""data"": ""2026-07-06""}, {""texto"": ""Compatibilidade perfeita com meus equipamentos."", ""rating"": 4, ""data"": ""2026-07-31""}]","masterização,poderoso,gravação","{""Sistema"": ""Cloud"", ""Processamento"": ""72 bit"", ""Taxa de Amostragem"": ""até 73 kHz"", ""Licença"": ""Anual""}",Siqueira,LOG-SOFT-0490,ativo,2025-11-08
491,FL Studio Biblioteca de Samples,Software Musical,FL Studio,"Software musical profissional Biblioteca de Samples com recursos avançados de produção. Oferece ferramentas poderosas para compositores e produtores. Interface intuitiva e compatível com diversos formatos. Perfeito para criação, edição e masterização de áudio. Suporte técnico e atualizações contínuas. Recomendado pela comunidade musical internacional.Excelente custo-benefício.  Oferece compatibilidade com múltiplos sistemas operacionais.  Recomendado por especialistas da área.  Desempenho consistente e confiável.  Produto original com nota fiscal e garantia de fábrica. ",138.08,12,4.8,135,"[{""texto"": ""Atendimento excelente e produto de primeira qualidade."", ""rating"": 4, ""data"": ""2026-05-03""}, {""texto"": ""Perfeito para estúdio e apresentações. Ótimo custo-benefício."", ""rating"": 4, ""data"": ""2026-09-21""}]","produção,profissional,intuitivo,masterização","{""Sistema"": ""Windows/Mac"", ""Processamento"": ""80 bit"", ""Taxa de Amostragem"": ""até 140 kHz"", ""Licença"": ""Perpétua""}",Montenegro S.A.,FL -SOFT-0491,ativo,2025-12-13
492,Bitwig Mastering Software,Software Musical,Bitwig,"Software musical profissional Mastering Software com recursos avançados de produção. Oferece ferramentas poderosas para compositores e produtores. Interface intuitiva e compatível com diversos formatos. Perfeito para criação, edição e masterização de áudio. Suporte técnico e atualizações contínuas. Recomendado pela comunidade musical internacional.Oferece compatibilidade com múltiplos sistemas operacionais.  Desempenho consistente e confiável.  Recomendado por especialistas da área.  Fácil de usar e manter. ",222.0,6,3.9,165,"[{""texto"": ""Produto excelente, chegou rápido e bem embalado."", ""rating"": 5, ""data"": ""2026-07-18""}, {""texto"": ""Compatibilidade perfeita com meus equipamentos."", ""rating"": 4, ""data"": ""2026-05-24""}]","avançado,profissional,análise-espectral,gravação,intuitivo,poderoso","{""Sistema"": ""Windows/Mac"", ""Processamento"": ""198 bit"", ""Taxa de Amostragem"": ""até 47 kHz"", ""Licença"": ""Perpétua""}",Martins,BIT-SOFT-0492,ativo,2025-11-04
493,Reaper Sampler Digital,Software Musical,Reaper,"Software musical profissional Sampler Digital com recursos avançados de produção. Oferece ferramentas poderosas para compositores e produtores. Interface intuitiva e compatível com diversos formatos. Perfeito para criação, edição e masterização de áudio. Suporte técnico e atualizações contínuas. Recomendado pela comunidade musical internacional.Marca: Reaper.  Fácil de usar e manter.  Oferece compatibilidade com múltiplos sistemas operacionais.  Inclui manual de instruções detalhado em português.  Suporte técnico disponível 24/7. ",55.44,11,4.5,35,"[{""texto"": ""Recomendo fortemente. Melhor compra do ano!"", ""rating"": 4, ""data"": ""2026-06-04""}, {""texto"": ""Recomendo fortemente. Melhor compra do ano!"", ""rating"": 5, ""data"": ""2026-06-17""}, {""texto"": ""Compatibilidade perfeita com meus equipamentos."", ""rating"": 4, ""data"": ""2026-06-20""}, {""texto"": ""Ideal para profissionais e iniciantes. Muito versátil."", ""rating"": 5, ""data"": ""2026-08-04""}]","compatível,edição,produção,masterização","{""Sistema"": ""Mac/Linux"", ""Processamento"": ""167 bit"", ""Taxa de Amostragem"": ""até 87 kHz"", ""Licença"": ""Perpétua""}",Fonseca,REA-SOFT-0493,ativo,2026-01-27
494,Cubase Looper Software,Software Musical,Cubase,"Software musical profissional Looper Software com recursos avançados de produção. Oferece ferramentas poderosas para compositores e produtores. Interface intuitiva e compatível com diversos formatos. Perfeito para criação, edição e masterização de áudio. Suporte técnico e atualizações contínuas. Recomendado pela comunidade musical internacional.Fácil de usar e manter.  Desempenho consistente e confiável.  Testado rigorosamente antes do envio.  Recomendado por especialistas da área.  Oferece compatibilidade com múltiplos sistemas operacionais. ",416.26,41,3.6,29,"[{""texto"": ""Embalagem profissional, produto impecável."", ""rating"": 5, ""data"": ""2026-05-01""}, {""texto"": ""Recomendo fortemente. Melhor compra do ano!"", ""rating"": 4, ""data"": ""2026-04-04""}, {""texto"": ""Recomendo fortemente. Melhor compra do ano!"", ""rating"": 4, ""data"": ""2026-09-09""}, {""texto"": ""Sonho realizado! Superou minhas expectativas."", ""rating"": 4, ""data"": ""2026-07-21""}]","compatível,edição,avançado,masterização,profissional,produção","{""Sistema"": ""Windows/Mac"", ""Processamento"": ""237 bit"", ""Taxa de Amostragem"": ""até 172 kHz"", ""Licença"": ""Anual""}",Sá Borges e Filhos,CUB-SOFT-0494,ativo,2026-01-19
495,Cubase Sampler Digital,Software Musical,Cubase,"Software musical profissional Sampler Digital com recursos avançados de produção. Oferece ferramentas poderosas para compositores e produtores. Interface intuitiva e compatível com diversos formatos. Perfeito para criação, edição e masterização de áudio. Suporte técnico e atualizações contínuas. Recomendado pela comunidade musical internacional.Excelente custo-benefício.  Testado rigorosamente antes do envio.  Suporte técnico disponível 24/7.  Marca: Cubase. ",257.19,45,3.9,5,"[{""texto"": ""Perfeito para estúdio e apresentações. Ótimo custo-benefício."", ""rating"": 4, ""data"": ""2026-09-17""}, {""texto"": ""Embalagem profissional, produto impecável."", ""rating"": 5, ""data"": ""2026-05-02""}, {""texto"": ""Atendimento excelente e produto de primeira qualidade."", ""rating"": 5, ""data"": ""2026-04-03""}, {""texto"": ""Produto confiável para uso contínuo."", ""rating"": 4, ""data"": ""2026-07-07""}]","intuitivo,análise-espectral,masterização,produção","{""Sistema"": ""Cloud"", ""Processamento"": ""93 bit"", ""Taxa de Amostragem"": ""até 120 kHz"", ""Licença"": ""Anual""}",Caldeira,CUB-SOFT-0495,ativo,2025-10-31
496,Bitwig DAW Profissional,Software Musical,Bitwig,"Software musical profissional DAW Profissional com recursos avançados de produção. Oferece ferramentas poderosas para compositores e produtores. Interface intuitiva e compatível com diversos formatos. Perfeito para criação, edição e masterização de áudio. Suporte técnico e atualizações contínuas. Recomendado pela comunidade musical internacional.Produto original com nota fiscal e garantia de fábrica.  Suporte técnico disponível 24/7.  Desempenho consistente e confiável.  Recomendado por especialistas da área. ",467.29,33,4.8,84,"[{""texto"": ""Recomendo fortemente. Melhor compra do ano!"", ""rating"": 4, ""data"": ""2026-09-08""}, {""texto"": ""Ideal para profissionais e iniciantes. Muito versátil."", ""rating"": 5, ""data"": ""2026-05-11""}, {""texto"": ""Qualidade premium, recomendo para todos os músicos."", ""rating"": 4, ""data"": ""2026-07-11""}, {""texto"": ""Embalagem profissional, produto impecável."", ""rating"": 4, ""data"": ""2026-07-03""}, {""texto"": ""Ideal para profissionais e iniciantes. Muito versátil."", ""rating"": 5, ""data"": ""2026-07-14""}]","edição,compatível,produção","{""Sistema"": ""Cloud"", ""Processamento"": ""199 bit"", ""Taxa de Amostragem"": ""até 153 kHz"", ""Licença"": ""Anual""}",Machado Alves - ME,BIT-SOFT-0496,ativo,2026-04-17
497,Studio One Plug-in de Efeitos,Software Musical,Studio One,"Software musical profissional Plug-in de Efeitos com recursos avançados de produção. Oferece ferramentas poderosas para compositores e produtores. Interface intuitiva e compatível com diversos formatos. Perfeito para criação, edição e masterização de áudio. Suporte técnico e atualizações contínuas. Recomendado pela comunidade musical internacional.Testado rigorosamente antes do envio.  Marca: Studio One.  Fácil de usar e manter.  Produto original com nota fiscal e garantia de fábrica.  Desempenho consistente e confiável. ",182.34,70,4.6,84,"[{""texto"": ""Perfeito para estúdio e apresentações. Ótimo custo-benefício."", ""rating"": 4, ""data"": ""2026-07-22""}, {""texto"": ""Perfeito para estúdio e apresentações. Ótimo custo-benefício."", ""rating"": 4, ""data"": ""2026-08-03""}]","masterização,avançado,análise-espectral,poderoso","{""Sistema"": ""Windows/Mac"", ""Processamento"": ""236 bit"", ""Taxa de Amostragem"": ""até 141 kHz"", ""Licença"": ""Anual""}",Abreu,STU-SOFT-0497,ativo,2026-01-23
498,Reaper Editor de Áudio,Software Musical,Reaper,"Software musical profissional Editor de Áudio com recursos avançados de produção. Oferece ferramentas poderosas para compositores e produtores. Interface intuitiva e compatível com diversos formatos. Perfeito para criação, edição e masterização de áudio. Suporte técnico e atualizações contínuas. Recomendado pela comunidade musical internacional.Recomendado por especialistas da área.  Fácil de usar e manter.  Testado rigorosamente antes do envio.  Produto original com nota fiscal e garantia de fábrica.  Excelente custo-benefício. ",425.35,88,4.1,160,"[{""texto"": ""Compatibilidade perfeita com meus equipamentos."", ""rating"": 4, ""data"": ""2026-09-20""}, {""texto"": ""Construção sólida, som cristalino e resposta rápida."", ""rating"": 4, ""data"": ""2026-08-15""}, {""texto"": ""Suporte técnico muito responsivo e atencioso."", ""rating"": 4, ""data"": ""2026-05-26""}, {""texto"": ""Embalagem profissional, produto impecável."", ""rating"": 4, ""data"": ""2026-07-03""}, {""texto"": ""Produto excelente, chegou rápido e bem embalado."", ""rating"": 4, ""data"": ""2026-07-30""}]","masterização,intuitivo,análise-espectral,edição,poderoso,compatível","{""Sistema"": ""Windows/Mac"", ""Processamento"": ""145 bit"", ""Taxa de Amostragem"": ""até 128 kHz"", ""Licença"": ""Anual""}",Campos,REA-SOFT-0498,ativo,2025-10-02
499,Reason Notation Software,Software Musical,Reason,"Software musical profissional Notation Software com recursos avançados de produção. Oferece ferramentas poderosas para compositores e produtores. Interface intuitiva e compatível com diversos formatos. Perfeito para criação, edição e masterização de áudio. Suporte técnico e atualizações contínuas. Recomendado pela comunidade musical internacional.Recomendado por especialistas da área.  Desempenho consistente e confiável.  Excelente custo-benefício.  Fácil de usar e manter.  Suporte técnico disponível 24/7.  Marca: Reason. ",221.6,81,3.6,163,"[{""texto"": ""Atendimento excelente e produto de primeira qualidade."", ""rating"": 5, ""data"": ""2026-08-29""}, {""texto"": ""Sonho realizado! Superou minhas expectativas."", ""rating"": 5, ""data"": ""2026-09-01""}]","avançado,gravação,análise-espectral,compatível","{""Sistema"": ""Mac/Linux"", ""Processamento"": ""209 bit"", ""Taxa de Amostragem"": ""até 133 kHz"", ""Licença"": ""Anual""}",Rocha,REA-SOFT-0499,ativo,2026-05-03
500,Ableton Mastering Software,Software Musical,Ableton,"Software musical profissional Mastering Software com recursos avançados de produção. Oferece ferramentas poderosas para compositores e produtores. Interface intuitiva e compatível com diversos formatos. Perfeito para criação, edição e masterização de áudio. Suporte técnico e atualizações contínuas. Recomendado pela comunidade musical internacional.Fácil de usar e manter.  Excelente custo-benefício.  Marca: Ableton.  Recomendado por especialistas da área.  Oferece compatibilidade com múltiplos sistemas operacionais.  Produto original com nota fiscal e garantia de fábrica. ",466.74,100,3.6,83,"[{""texto"": ""Excelente relação qualidade-preço."", ""rating"": 5, ""data"": ""2026-06-22""}, {""texto"": ""Sonho realizado! Superou minhas expectativas."", ""rating"": 5, ""data"": ""2026-05-17""}, {""texto"": ""Compatibilidade perfeita com meus equipamentos."", ""rating"": 5, ""data"": ""2026-08-11""}, {""texto"": ""Suporte técnico muito responsivo e atencioso."", ""rating"": 5, ""data"": ""2026-09-07""}]","análise-espectral,edição,poderoso,profissional,masterização","{""Sistema"": ""Windows/Mac"", ""Processamento"": ""53 bit"", ""Taxa de Amostragem"": ""até 78 kHz"", ""Licença"": ""Anual""}",Almeida Alves S.A.,ABL-SOFT-0500,ativo,2026-07-23
